memcap: unit=memcap-bash_-884602.scope MemoryMax=12G MemorySwapMax=0 :: bash experiments/nsbm/gen_chunks.sh 4000 250
=== chunk seed0=0 n=250 workers=4 (other load ~16 cores) 00:50:49
generate n=250 seed0=0 workers=4 out=experiments/nsbm/data
[1/250] seed=0 pins       h0=5.58e-04 u_in=0.11 north->south conv=True  newton=  8 gmres=   59    0.4s  (wall     0.7s)
[2/250] seed=2 pins       h0=5.97e-04 u_in=1.15 east->south conv=True  newton= 12 gmres=  155    0.5s  (wall     0.9s)
[3/250] seed=3 pins       h0=5.18e-04 u_in=1.10 west->east conv=True  newton= 13 gmres=  151    0.5s  (wall     0.9s)
[4/250] seed=6 grf        h0=6.61e-04 u_in=0.30 north->west conv=True  newton= 11 gmres=   88    0.3s  (wall     1.2s)
[5/250] seed=1 grf        h0=2.68e-03 u_in=0.15 north->south conv=True  newton= 34 gmres=  519    1.0s  (wall     1.4s)
[6/250] seed=5 serpentine h0=1.93e-03 u_in=0.47 south->east conv=True  newton= 24 gmres= 1207    1.6s  (wall     2.4s)
[7/250] seed=9 grf        h0=5.81e-04 u_in=0.61 south->south conv=True  newton= 13 gmres=  113    0.3s  (wall     2.8s)
[8/250] seed=10 pins       h0=4.84e-04 u_in=1.20 south->west conv=True  newton= 11 gmres=  129    0.4s  (wall     3.1s)
[9/250] seed=11 sin2d      h0=9.47e-04 u_in=0.61 west->east conv=True  newton= 15 gmres=  245    0.5s  (wall     3.6s)
[10/250] seed=4 serpentine h0=9.74e-04 u_in=1.86 south->east conv=True  newton=112 gmres= 2908    3.7s  (wall     4.4s)
[11/250] seed=7 blobs      h0=2.37e-03 u_in=1.02 north->east conv=False newton=200 gmres= 2160    3.5s  (wall     4.7s)
[12/250] seed=14 sin2d      h0=6.89e-04 u_in=0.82 south->west conv=True  newton= 15 gmres=  166    0.4s  (wall     5.1s)
[13/250] seed=12 uturn      h0=2.65e-03 u_in=0.18 west->west conv=True  newton= 33 gmres= 1447    2.0s  (wall     5.6s)
[14/250] seed=15 blobs      h0=1.96e-03 u_in=0.28 north->south conv=True  newton= 17 gmres=  271    0.5s  (wall     5.6s)
[15/250] seed=17 serpentine h0=4.35e-04 u_in=0.53 south->east conv=True  newton= 10 gmres=  107    0.3s  (wall     6.0s)
[16/250] seed=18 blobs      h0=1.57e-03 u_in=0.23 east->north conv=True  newton= 15 gmres=  293    0.5s  (wall     6.4s)
[17/250] seed=16 uturn      h0=8.09e-04 u_in=0.13 west->west conv=True  newton= 20 gmres= 1015    1.3s  (wall     6.9s)
[18/250] seed=20 blobs      h0=8.67e-04 u_in=0.14 east->east conv=True  newton= 12 gmres=   90    0.3s  (wall     7.1s)
[19/250] seed=21 quad       h0=1.21e-03 u_in=0.84 south->north conv=True  newton= 17 gmres=  251    0.5s  (wall     7.6s)
[20/250] seed=19 uturn      h0=2.53e-03 u_in=0.23 west->west conv=True  newton= 22 gmres=  931    1.2s  (wall     7.7s)
[21/250] seed=22 pins       h0=4.75e-04 u_in=0.13 east->west conv=True  newton=  8 gmres=   63    0.2s  (wall     7.9s)
[22/250] seed=8 serpentine h0=2.91e-03 u_in=0.26 east->west conv=False newton=200 gmres= 5714    6.6s  (wall     8.0s)
[23/250] seed=23 uniform    h0=1.31e-03 u_in=0.15 north->north conv=True  newton= 11 gmres=  114    0.3s  (wall     8.0s)
[24/250] seed=25 uturn      h0=3.00e-04 u_in=0.19 west->west conv=True  newton=  8 gmres=   63    0.2s  (wall     8.2s)
[25/250] seed=26 pins       h0=5.15e-04 u_in=0.12 east->east conv=True  newton=  9 gmres=   74    0.3s  (wall     8.3s)
[26/250] seed=27 uniform    h0=6.18e-04 u_in=0.14 north->west conv=True  newton= 10 gmres=   61    0.3s  (wall     8.4s)
[27/250] seed=29 blobs      h0=9.63e-04 u_in=0.47 west->south conv=True  newton= 14 gmres=  325    0.5s  (wall     9.0s)
[28/250] seed=30 uniform    h0=8.06e-04 u_in=0.13 west->west conv=True  newton= 11 gmres=   83    0.3s  (wall     9.2s)
[29/250] seed=31 uturn      h0=3.51e-04 u_in=0.75 west->west conv=True  newton= 12 gmres=  139    0.3s  (wall     9.5s)
[30/250] seed=32 blobs      h0=1.12e-03 u_in=0.31 west->east conv=True  newton= 12 gmres=  203    0.4s  (wall    10.0s)
[31/250] seed=33 blobs      h0=1.11e-03 u_in=1.52 east->east conv=True  newton= 17 gmres=  394    0.6s  (wall    10.6s)
[32/250] seed=28 serpentine h0=2.30e-03 u_in=0.99 south->south conv=True  newton= 36 gmres= 1701    2.4s  (wall    10.7s)
[33/250] seed=34 uniform    h0=2.24e-03 u_in=0.21 west->east conv=True  newton= 19 gmres=  268    0.6s  (wall    11.2s)
[34/250] seed=35 uniform    h0=8.62e-04 u_in=1.65 east->north conv=True  newton= 18 gmres=  294    0.6s  (wall    11.3s)
[35/250] seed=24 grf        h0=7.63e-04 u_in=0.56 east->north conv=False newton=200 gmres= 1949    3.5s  (wall    11.4s)
[36/250] seed=37 sin2d      h0=1.38e-03 u_in=0.12 north->south conv=True  newton= 11 gmres=  123    0.3s  (wall    11.7s)
[37/250] seed=38 sin2d      h0=5.33e-04 u_in=0.87 east->west conv=True  newton= 14 gmres=  158    0.4s  (wall    11.8s)
[38/250] seed=39 blobs      h0=1.04e-03 u_in=0.15 north->east conv=True  newton= 10 gmres=  124    0.3s  (wall    12.0s)
[39/250] seed=13 blobs      h0=2.15e-03 u_in=1.14 south->south conv=False newton=200 gmres= 6471    8.0s  (wall    12.4s)
[40/250] seed=42 uniform    h0=8.24e-04 u_in=1.31 south->north conv=True  newton= 16 gmres=  263    0.5s  (wall    13.0s)
[41/250] seed=43 uturn      h0=3.32e-04 u_in=0.11 west->west conv=True  newton=  8 gmres=   52    0.2s  (wall    13.1s)
[42/250] seed=36 grf        h0=7.51e-04 u_in=1.46 west->east conv=True  newton=107 gmres= 1177    2.1s  (wall    13.2s)
[43/250] seed=44 serpentine h0=5.44e-04 u_in=0.34 west->south conv=True  newton= 12 gmres=  181    0.3s  (wall    13.4s)
[44/250] seed=46 uturn      h0=3.58e-04 u_in=0.23 west->west conv=True  newton= 10 gmres=   69    0.2s  (wall    13.7s)
[45/250] seed=40 uturn      h0=1.48e-03 u_in=1.68 west->west conv=True  newton= 29 gmres= 1706    2.2s  (wall    14.0s)
[46/250] seed=47 uniform    h0=1.70e-03 u_in=0.40 north->east conv=True  newton= 16 gmres=  202    0.4s  (wall    14.1s)
[47/250] seed=49 uniform    h0=1.18e-03 u_in=0.32 east->north conv=True  newton= 13 gmres=  151    0.4s  (wall    14.5s)
[48/250] seed=48 sin2d      h0=1.18e-03 u_in=0.47 east->south conv=True  newton= 24 gmres=  434    0.7s  (wall    14.7s)
[49/250] seed=45 blobs      h0=1.01e-03 u_in=0.99 north->east conv=True  newton= 19 gmres=  929    1.8s  (wall    15.0s)
[50/250] seed=51 grf        h0=6.08e-04 u_in=0.21 south->west conv=True  newton= 10 gmres=  158    0.4s  (wall    15.1s)
[51/250] seed=53 pins       h0=1.57e-03 u_in=0.27 west->west conv=True  newton= 16 gmres=  204    0.4s  (wall    15.6s)
[52/250] seed=52 blobs      h0=1.13e-03 u_in=0.47 north->west conv=True  newton= 13 gmres=  176    0.6s  (wall    15.6s)
[53/250] seed=54 quad       h0=9.90e-04 u_in=0.13 west->north conv=True  newton= 14 gmres=  195    0.4s  (wall    16.0s)
[54/250] seed=56 quad       h0=3.12e-04 u_in=1.89 north->east conv=True  newton= 12 gmres=   99    0.3s  (wall    16.3s)
[55/250] seed=50 pins       h0=2.05e-03 u_in=0.52 south->east conv=True  newton= 33 gmres= 1365    2.0s  (wall    16.5s)
[56/250] seed=57 uniform    h0=8.82e-04 u_in=1.24 north->north conv=True  newton= 16 gmres=  214    0.5s  (wall    16.8s)
[57/250] seed=58 uturn      h0=2.27e-03 u_in=0.21 west->west conv=True  newton= 12 gmres=  470    0.7s  (wall    17.2s)
[58/250] seed=41 serpentine h0=1.76e-03 u_in=0.15 south->west conv=False newton=200 gmres= 4054    5.3s  (wall    17.2s)
[59/250] seed=60 sin2d      h0=3.19e-04 u_in=0.12 east->south conv=True  newton=  7 gmres=   55    0.2s  (wall    17.4s)
[60/250] seed=59 pins       h0=2.01e-03 u_in=0.14 north->west conv=True  newton= 14 gmres=  188    0.6s  (wall    17.4s)
[61/250] seed=55 blobs      h0=2.23e-03 u_in=0.19 south->east conv=True  newton= 24 gmres=  995    2.1s  (wall    17.6s)
[62/250] seed=64 uturn      h0=1.00e-03 u_in=0.12 west->west conv=True  newton=  9 gmres=  116    0.4s  (wall    18.0s)
[63/250] seed=63 grf        h0=2.95e-03 u_in=0.18 north->west conv=True  newton= 21 gmres=  307    0.6s  (wall    18.0s)
[64/250] seed=62 grf        h0=1.68e-03 u_in=1.04 north->north conv=True  newton= 21 gmres=  496    0.8s  (wall    18.2s)
[65/250] seed=66 blobs      h0=1.48e-03 u_in=0.12 south->south conv=True  newton= 13 gmres=  136    0.4s  (wall    18.4s)
[66/250] seed=67 pins       h0=4.02e-04 u_in=0.47 east->north conv=True  newton= 10 gmres=   74    0.3s  (wall    18.5s)
[67/250] seed=65 sin2d      h0=9.89e-04 u_in=0.31 west->east conv=True  newton= 12 gmres=  127    0.5s  (wall    18.5s)
[68/250] seed=68 grf        h0=2.12e-03 u_in=0.75 east->north conv=True  newton= 15 gmres=  244    0.5s  (wall    18.9s)
[69/250] seed=69 uniform    h0=1.01e-03 u_in=1.33 north->south conv=True  newton= 17 gmres=  276    0.6s  (wall    19.0s)
[70/250] seed=70 serpentine h0=1.59e-03 u_in=0.26 east->north conv=True  newton= 17 gmres=  277    0.7s  (wall    19.2s)
[71/250] seed=72 blobs      h0=3.05e-04 u_in=0.20 south->north conv=True  newton=  7 gmres=   55    0.2s  (wall    19.2s)
[72/250] seed=73 pins       h0=6.03e-04 u_in=0.22 east->north conv=True  newton= 10 gmres=   74    0.4s  (wall    19.5s)
[73/250] seed=74 sin2d      h0=9.95e-04 u_in=0.76 south->north conv=True  newton= 14 gmres=  197    0.6s  (wall    19.8s)
[74/250] seed=61 grf        h0=1.77e-03 u_in=0.75 east->south conv=False newton=200 gmres= 3594    5.9s  (wall    23.2s)
[75/250] seed=77 uniform    h0=1.07e-03 u_in=0.21 south->east conv=True  newton= 11 gmres=  113    0.3s  (wall    23.5s)
[76/250] seed=75 serpentine h0=4.27e-04 u_in=0.73 west->east conv=False newton=200 gmres= 2997    5.2s  (wall    24.8s)
[77/250] seed=79 uniform    h0=3.54e-04 u_in=1.59 south->south conv=True  newton= 10 gmres=   79    0.3s  (wall    25.0s)
[78/250] seed=80 blobs      h0=3.13e-04 u_in=0.11 north->east conv=True  newton=  7 gmres=   60    0.2s  (wall    25.2s)
[79/250] seed=71 blobs      h0=1.01e-03 u_in=0.98 east->west conv=True  newton=109 gmres= 3605    6.6s  (wall    25.5s)
[80/250] seed=81 uniform    h0=4.88e-04 u_in=1.54 east->east conv=True  newton= 14 gmres=  127    0.3s  (wall    25.6s)
[81/250] seed=83 serpentine h0=3.32e-04 u_in=0.66 east->west conv=True  newton= 10 gmres=  105    0.3s  (wall    25.9s)
[82/250] seed=76 uturn      h0=2.90e-03 u_in=0.77 west->west conv=True  newton=123 gmres= 5001    8.1s  (wall    27.9s)
[83/250] seed=78 serpentine h0=2.47e-03 u_in=0.47 east->north conv=False newton=200 gmres= 4244    6.3s  (wall    29.8s)
[84/250] seed=86 blobs      h0=4.49e-04 u_in=0.63 north->north conv=True  newton= 11 gmres=   97    0.3s  (wall    30.0s)
[85/250] seed=87 uturn      h0=1.82e-03 u_in=0.17 west->west conv=True  newton= 12 gmres=  428    0.6s  (wall    30.7s)
[86/250] seed=82 serpentine h0=2.15e-03 u_in=0.19 south->north conv=False newton=200 gmres= 3858    5.5s  (wall    31.1s)
[87/250] seed=89 pins       h0=1.77e-03 u_in=0.89 north->east conv=True  newton= 23 gmres=  389    0.7s  (wall    31.8s)
[88/250] seed=85 serpentine h0=8.89e-04 u_in=0.40 west->north conv=True  newton=192 gmres= 2913    3.9s  (wall    31.9s)
[89/250] seed=90 serpentine h0=1.44e-03 u_in=0.47 east->north conv=True  newton= 21 gmres=  311    0.5s  (wall    32.3s)
[90/250] seed=88 uturn      h0=1.51e-03 u_in=0.79 west->west conv=True  newton= 18 gmres= 1218    1.7s  (wall    32.4s)
[91/250] seed=92 grf        h0=3.57e-04 u_in=0.29 north->south conv=True  newton= 10 gmres=   81    0.3s  (wall    32.6s)
[92/250] seed=93 blobs      h0=1.05e-03 u_in=0.40 south->south conv=True  newton= 13 gmres=  159    0.4s  (wall    32.8s)
[93/250] seed=84 serpentine h0=2.38e-03 u_in=0.94 north->east conv=False newton=200 gmres= 5500    7.2s  (wall    33.0s)
[94/250] seed=95 grf        h0=2.46e-03 u_in=0.20 north->east conv=True  newton= 17 gmres=  302    0.6s  (wall    33.3s)
[95/250] seed=94 uniform    h0=1.84e-03 u_in=0.87 west->south conv=True  newton= 26 gmres=  516    0.9s  (wall    33.4s)
[96/250] seed=97 sin2d      h0=8.12e-04 u_in=0.47 north->north conv=True  newton= 14 gmres=  145    0.4s  (wall    33.7s)
[97/250] seed=98 quad       h0=2.13e-03 u_in=0.12 south->east conv=True  newton= 14 gmres=  188    0.4s  (wall    33.9s)
[98/250] seed=96 pins       h0=1.63e-03 u_in=0.52 north->west conv=True  newton= 24 gmres=  457    0.9s  (wall    33.9s)
[99/250] seed=100 pins       h0=1.18e-03 u_in=0.24 south->north conv=True  newton= 11 gmres=  123    0.4s  (wall    34.2s)
[100/250] seed=99 blobs      h0=1.10e-03 u_in=0.46 north->east conv=True  newton= 15 gmres=  286    0.7s  (wall    34.4s)
[101/250] seed=101 quad       h0=6.86e-04 u_in=1.05 south->east conv=True  newton= 19 gmres=  360    0.7s  (wall    34.5s)
[102/250] seed=103 uturn      h0=5.03e-04 u_in=0.17 west->west conv=True  newton= 10 gmres=  100    0.4s  (wall    34.8s)
[103/250] seed=102 grf        h0=1.16e-03 u_in=1.18 west->north conv=True  newton= 41 gmres=  860    1.4s  (wall    35.6s)
[104/250] seed=105 quad       h0=2.94e-03 u_in=0.13 north->east conv=True  newton= 26 gmres=  369    0.8s  (wall    35.6s)
[105/250] seed=106 uturn      h0=3.29e-04 u_in=0.14 west->west conv=True  newton=  8 gmres=   56    0.2s  (wall    35.8s)
[106/250] seed=107 uniform    h0=9.01e-04 u_in=0.45 north->east conv=True  newton= 15 gmres=  176    0.4s  (wall    36.0s)
[107/250] seed=108 uniform    h0=1.29e-03 u_in=0.14 south->south conv=True  newton= 11 gmres=  119    0.3s  (wall    36.1s)
[108/250] seed=109 uturn      h0=2.08e-03 u_in=0.95 west->west conv=True  newton= 26 gmres= 1892    2.5s  (wall    38.5s)
[109/250] seed=111 grf        h0=4.43e-04 u_in=0.46 west->north conv=True  newton= 15 gmres=  264    0.5s  (wall    39.0s)
[110/250] seed=104 serpentine h0=1.48e-03 u_in=0.19 south->west conv=False newton=200 gmres= 3484    5.0s  (wall    39.5s)
[111/250] seed=113 quad       h0=4.25e-04 u_in=0.15 west->south conv=True  newton=  9 gmres=   61    0.3s  (wall    39.8s)
[112/250] seed=114 sin2d      h0=4.16e-04 u_in=0.37 north->east conv=True  newton= 11 gmres=   90    0.3s  (wall    40.1s)
[113/250] seed=110 uturn      h0=9.76e-04 u_in=0.85 west->west conv=False newton=200 gmres= 2536    4.1s  (wall    40.2s)
[114/250] seed=112 sin2d      h0=2.10e-03 u_in=1.09 west->east conv=True  newton= 34 gmres=  925    1.4s  (wall    40.4s)
[115/250] seed=115 serpentine h0=1.20e-03 u_in=0.51 north->west conv=True  newton= 18 gmres=  244    0.5s  (wall    40.6s)
[116/250] seed=117 sin2d      h0=4.32e-04 u_in=0.61 south->west conv=True  newton= 10 gmres=   88    0.3s  (wall    40.8s)
[117/250] seed=118 grf        h0=2.60e-03 u_in=0.23 south->west conv=True  newton= 13 gmres=  302    0.6s  (wall    41.2s)
[118/250] seed=120 quad       h0=3.42e-04 u_in=0.21 south->east conv=True  newton= 10 gmres=   77    0.3s  (wall    41.5s)
[119/250] seed=121 quad       h0=5.96e-04 u_in=1.18 north->south conv=True  newton= 13 gmres=  147    0.4s  (wall    41.9s)
[120/250] seed=122 pins       h0=4.50e-04 u_in=0.31 south->west conv=True  newton=  9 gmres=   80    0.3s  (wall    42.2s)
[121/250] seed=123 uniform    h0=3.40e-04 u_in=0.19 north->east conv=True  newton=  7 gmres=   46    0.2s  (wall    42.4s)
[122/250] seed=116 sin2d      h0=2.26e-03 u_in=1.76 west->north conv=True  newton= 54 gmres= 1631    3.0s  (wall    43.2s)
[123/250] seed=91 serpentine h0=2.44e-03 u_in=1.16 east->west conv=False newton=200 gmres= 8733   11.4s  (wall    43.3s)
[124/250] seed=125 grf        h0=9.35e-04 u_in=0.32 south->west conv=True  newton= 13 gmres=  154    0.3s  (wall    43.5s)
[125/250] seed=126 quad       h0=2.62e-03 u_in=0.12 west->west conv=True  newton= 16 gmres=  242    0.5s  (wall    43.8s)
[126/250] seed=127 uturn      h0=4.86e-04 u_in=0.25 west->west conv=True  newton= 10 gmres=  102    0.3s  (wall    43.9s)
[127/250] seed=128 serpentine h0=8.90e-04 u_in=0.37 north->east conv=True  newton= 11 gmres=  238    0.4s  (wall    44.2s)
[128/250] seed=124 blobs      h0=1.83e-03 u_in=1.82 south->south conv=True  newton= 28 gmres= 1502    2.0s  (wall    44.4s)
[129/250] seed=130 serpentine h0=3.59e-04 u_in=0.25 east->south conv=True  newton=  9 gmres=   94    0.3s  (wall    44.4s)
[130/250] seed=129 uturn      h0=5.14e-04 u_in=1.47 west->west conv=True  newton= 24 gmres=  758    1.2s  (wall    45.1s)
[131/250] seed=119 grf        h0=1.62e-03 u_in=1.16 south->west conv=True  newton= 86 gmres= 2941    4.3s  (wall    45.1s)
[132/250] seed=134 pins       h0=9.58e-04 u_in=0.51 south->east conv=True  newton= 14 gmres=  183    0.4s  (wall    45.5s)
[133/250] seed=133 uturn      h0=9.76e-04 u_in=0.29 west->west conv=True  newton= 13 gmres=  252    0.5s  (wall    45.6s)
[134/250] seed=136 blobs      h0=3.53e-04 u_in=0.14 west->north conv=True  newton=  8 gmres=   54    0.2s  (wall    45.7s)
[135/250] seed=135 grf        h0=5.73e-04 u_in=1.49 north->north conv=True  newton= 17 gmres=  208    0.5s  (wall    46.0s)
[136/250] seed=137 grf        h0=5.65e-04 u_in=0.36 south->east conv=True  newton= 15 gmres=  219    0.5s  (wall    46.2s)
[137/250] seed=139 grf        h0=1.14e-03 u_in=0.15 east->south conv=True  newton= 10 gmres=  141    0.3s  (wall    46.5s)
[138/250] seed=131 grf        h0=1.20e-03 u_in=0.49 north->south conv=True  newton=139 gmres= 2177    3.6s  (wall    48.0s)
[139/250] seed=132 pins       h0=1.91e-03 u_in=0.93 west->north conv=True  newton=131 gmres= 3231    5.1s  (wall    49.5s)
[140/250] seed=142 uniform    h0=3.84e-04 u_in=0.70 west->east conv=True  newton= 12 gmres=   75    0.3s  (wall    49.8s)
[141/250] seed=143 sin2d      h0=9.92e-04 u_in=0.38 south->south conv=True  newton= 12 gmres=  136    0.4s  (wall    50.2s)
[142/250] seed=140 serpentine h0=1.25e-03 u_in=0.83 north->east conv=False newton=200 gmres= 2420    3.7s  (wall    50.3s)
[143/250] seed=144 quad       h0=3.44e-04 u_in=0.25 south->west conv=True  newton=  8 gmres=   58    0.3s  (wall    50.5s)
[144/250] seed=146 blobs      h0=7.18e-04 u_in=0.36 south->east conv=True  newton= 12 gmres=  225    0.4s  (wall    50.9s)
[145/250] seed=138 serpentine h0=1.83e-03 u_in=0.54 north->west conv=False newton=200 gmres= 3684    5.1s  (wall    51.2s)
[146/250] seed=147 uniform    h0=1.82e-03 u_in=0.67 south->east conv=True  newton= 22 gmres=  364    0.7s  (wall    51.6s)
[147/250] seed=148 uniform    h0=1.06e-03 u_in=0.91 north->south conv=True  newton= 17 gmres=  259    0.6s  (wall    51.8s)
[148/250] seed=141 grf        h0=2.98e-03 u_in=0.10 north->south conv=False newton=200 gmres= 2394    3.9s  (wall    51.9s)
[149/250] seed=149 quad       h0=5.47e-04 u_in=0.19 west->north conv=True  newton= 10 gmres=   76    0.3s  (wall    51.9s)
[150/250] seed=152 serpentine h0=5.47e-04 u_in=0.12 west->south conv=True  newton= 10 gmres=  188    0.3s  (wall    52.2s)
[151/250] seed=153 serpentine h0=1.05e-03 u_in=0.14 south->south conv=True  newton= 13 gmres=  324    0.5s  (wall    52.7s)
[152/250] seed=154 quad       h0=1.37e-03 u_in=0.18 north->south conv=True  newton= 12 gmres=  159    0.4s  (wall    53.1s)
[153/250] seed=155 uniform    h0=2.03e-03 u_in=0.30 east->north conv=True  newton= 17 gmres=  261    0.5s  (wall    53.6s)
[154/250] seed=156 uniform    h0=9.49e-04 u_in=0.37 west->south conv=True  newton= 13 gmres=  135    0.4s  (wall    54.0s)
[155/250] seed=157 uniform    h0=2.18e-03 u_in=0.33 east->east conv=True  newton= 23 gmres=  301    0.6s  (wall    54.6s)
[156/250] seed=150 uturn      h0=2.56e-03 u_in=1.05 west->west conv=True  newton= 36 gmres= 4826    5.7s  (wall    57.5s)
[157/250] seed=158 grf        h0=1.80e-03 u_in=0.59 south->west conv=False newton=200 gmres= 1599    3.3s  (wall    57.9s)
[158/250] seed=159 sin2d      h0=2.06e-03 u_in=0.11 south->west conv=True  newton= 16 gmres=  220    0.5s  (wall    58.0s)
[159/250] seed=160 uniform    h0=1.17e-03 u_in=0.29 north->north conv=True  newton= 14 gmres=  136    0.4s  (wall    58.2s)
[160/250] seed=161 blobs      h0=1.59e-03 u_in=0.20 east->west conv=True  newton= 12 gmres=  279    0.5s  (wall    58.5s)
[161/250] seed=162 uturn      h0=5.13e-04 u_in=0.69 west->west conv=True  newton= 15 gmres=  281    0.5s  (wall    58.8s)
[162/250] seed=163 grf        h0=3.19e-04 u_in=0.55 south->east conv=True  newton= 13 gmres=  175    0.4s  (wall    58.9s)
[163/250] seed=164 uturn      h0=6.80e-04 u_in=0.30 west->west conv=True  newton= 11 gmres=   98    0.3s  (wall    59.0s)
[164/250] seed=166 blobs      h0=4.43e-04 u_in=0.83 north->east conv=True  newton= 11 gmres=   92    0.3s  (wall    59.4s)
[165/250] seed=167 pins       h0=1.34e-03 u_in=0.56 west->south conv=True  newton= 15 gmres=  214    0.7s  (wall    60.1s)
[166/250] seed=165 uturn      h0=1.13e-03 u_in=1.01 west->west conv=True  newton= 36 gmres= 1072    1.7s  (wall    60.6s)
[167/250] seed=168 grf        h0=3.28e-04 u_in=1.16 east->west conv=True  newton= 15 gmres=  178    0.5s  (wall    60.6s)
[168/250] seed=151 serpentine h0=6.87e-04 u_in=0.84 east->west conv=False newton=200 gmres= 7622    9.4s  (wall    61.2s)
[169/250] seed=145 uturn      h0=5.57e-04 u_in=1.36 west->west conv=False newton=200 gmres= 6785   11.3s  (wall    61.6s)
[170/250] seed=171 pins       h0=1.72e-03 u_in=0.51 west->east conv=True  newton= 19 gmres=  334    0.6s  (wall    61.9s)
[171/250] seed=173 pins       h0=9.62e-04 u_in=0.23 west->east conv=True  newton= 11 gmres=  125    0.3s  (wall    62.2s)
[172/250] seed=172 quad       h0=2.51e-03 u_in=0.58 west->east conv=True  newton= 18 gmres=  347    0.9s  (wall    62.5s)
[173/250] seed=175 serpentine h0=1.01e-03 u_in=0.12 north->north conv=True  newton= 11 gmres=   85    0.3s  (wall    62.8s)
[174/250] seed=176 sin2d      h0=4.22e-04 u_in=1.63 south->north conv=True  newton= 13 gmres=  136    0.4s  (wall    63.2s)
[175/250] seed=170 pins       h0=2.73e-03 u_in=1.31 south->south conv=True  newton= 35 gmres= 1603    2.8s  (wall    63.4s)
[176/250] seed=177 serpentine h0=6.17e-04 u_in=0.59 east->south conv=True  newton= 13 gmres=  193    0.3s  (wall    63.5s)
[177/250] seed=178 uturn      h0=3.34e-04 u_in=0.10 west->west conv=True  newton=  8 gmres=   71    0.2s  (wall    63.6s)
[178/250] seed=180 sin2d      h0=1.40e-03 u_in=0.52 north->south conv=True  newton= 23 gmres=  421    0.9s  (wall    64.5s)
[179/250] seed=174 quad       h0=2.04e-03 u_in=1.59 south->south conv=True  newton= 69 gmres= 2575    3.9s  (wall    66.1s)
[180/250] seed=182 pins       h0=6.25e-04 u_in=0.42 west->east conv=True  newton= 10 gmres=  101    0.3s  (wall    66.4s)
[181/250] seed=183 blobs      h0=2.40e-03 u_in=0.79 south->south conv=True  newton= 43 gmres= 1593    2.2s  (wall    68.6s)
[182/250] seed=184 quad       h0=1.15e-03 u_in=1.40 west->north conv=True  newton= 16 gmres=  249    0.5s  (wall    69.1s)
[183/250] seed=185 quad       h0=1.03e-03 u_in=0.29 west->south conv=True  newton= 12 gmres=  120    0.3s  (wall    69.4s)
[184/250] seed=179 blobs      h0=2.62e-03 u_in=1.78 south->east conv=True  newton=177 gmres= 3560    5.9s  (wall    69.4s)
[185/250] seed=187 uturn      h0=6.72e-04 u_in=0.45 west->west conv=True  newton= 13 gmres=  287    0.5s  (wall    69.9s)
[186/250] seed=186 uniform    h0=1.29e-03 u_in=1.36 north->south conv=True  newton= 21 gmres=  399    0.7s  (wall    70.1s)
[187/250] seed=169 blobs      h0=1.02e-03 u_in=0.46 south->north conv=False newton=200 gmres= 5116    9.6s  (wall    70.2s)
[188/250] seed=189 grf        h0=4.15e-04 u_in=0.40 east->south conv=True  newton= 11 gmres=  149    0.4s  (wall    70.5s)
[189/250] seed=190 quad       h0=3.63e-04 u_in=1.94 north->east conv=True  newton= 13 gmres=  144    0.5s  (wall    70.7s)
[190/250] seed=181 serpentine h0=1.16e-03 u_in=0.38 south->west conv=False newton=200 gmres= 4853    6.2s  (wall    70.7s)
[191/250] seed=191 uniform    h0=1.86e-03 u_in=0.14 south->east conv=True  newton= 13 gmres=  145    0.4s  (wall    70.9s)
[192/250] seed=192 pins       h0=1.21e-03 u_in=0.10 north->north conv=True  newton= 10 gmres=   92    0.4s  (wall    71.1s)
[193/250] seed=193 serpentine h0=5.36e-04 u_in=0.82 north->north conv=True  newton= 12 gmres=  174    0.4s  (wall    71.1s)
[194/250] seed=195 quad       h0=3.64e-04 u_in=1.05 west->north conv=True  newton= 11 gmres=   94    0.4s  (wall    71.5s)
[195/250] seed=196 quad       h0=7.84e-04 u_in=0.88 south->north conv=True  newton= 16 gmres=  238    0.5s  (wall    71.6s)
[196/250] seed=188 grf        h0=1.57e-03 u_in=1.23 west->south conv=False newton=200 gmres= 1645    3.1s  (wall    73.0s)
[197/250] seed=199 grf        h0=1.21e-03 u_in=0.13 north->south conv=True  newton= 12 gmres=  132    0.5s  (wall    73.5s)
[198/250] seed=200 uniform    h0=1.38e-03 u_in=0.11 north->east conv=True  newton= 10 gmres=  102    0.4s  (wall    73.9s)
[199/250] seed=198 grf        h0=1.99e-03 u_in=0.13 south->north conv=True  newton= 84 gmres= 1543    2.3s  (wall    73.9s)
[200/250] seed=201 quad       h0=1.03e-03 u_in=0.43 south->north conv=True  newton= 13 gmres=  154    0.5s  (wall    74.4s)
[201/250] seed=203 quad       h0=6.63e-04 u_in=0.13 south->west conv=True  newton=  9 gmres=   75    0.4s  (wall    74.8s)
[202/250] seed=194 pins       h0=2.32e-03 u_in=1.29 north->north conv=False newton=200 gmres= 2822    4.7s  (wall    75.5s)
[203/250] seed=204 serpentine h0=1.95e-03 u_in=0.64 north->north conv=True  newton= 19 gmres=  438    1.0s  (wall    75.8s)
[204/250] seed=197 blobs      h0=1.83e-03 u_in=1.10 south->east conv=False newton=200 gmres= 3960    6.0s  (wall    77.5s)
[205/250] seed=206 uturn      h0=7.34e-04 u_in=1.98 west->west conv=True  newton= 18 gmres=  895    1.7s  (wall    77.5s)
[206/250] seed=208 blobs      h0=1.44e-03 u_in=0.19 south->south conv=True  newton= 13 gmres=  141    0.4s  (wall    77.9s)
[207/250] seed=207 uniform    h0=9.37e-04 u_in=1.41 east->east conv=True  newton= 16 gmres=  213    0.5s  (wall    77.9s)
[208/250] seed=210 quad       h0=1.45e-03 u_in=0.35 north->west conv=True  newton= 19 gmres=  258    0.8s  (wall    78.7s)
[209/250] seed=211 sin2d      h0=7.16e-04 u_in=0.19 east->south conv=True  newton= 12 gmres=  119    0.3s  (wall    79.1s)
[210/250] seed=212 uniform    h0=5.92e-04 u_in=0.42 north->north conv=True  newton= 11 gmres=  101    0.3s  (wall    79.4s)
[211/250] seed=205 uturn      h0=5.07e-04 u_in=1.18 west->west conv=False newton=200 gmres= 2328    4.1s  (wall    79.6s)
[212/250] seed=214 uniform    h0=7.91e-04 u_in=0.12 west->north conv=True  newton=  9 gmres=   77    0.3s  (wall    79.9s)
[213/250] seed=213 sin2d      h0=1.52e-03 u_in=0.34 north->east conv=True  newton= 17 gmres=  246    0.5s  (wall    79.9s)
[214/250] seed=202 sin2d      h0=8.33e-04 u_in=1.15 east->east conv=False newton=200 gmres= 4259    6.0s  (wall    79.9s)
[215/250] seed=215 pins       h0=3.33e-04 u_in=1.97 south->east conv=True  newton= 12 gmres=  114    0.4s  (wall    80.2s)
[216/250] seed=218 uturn      h0=1.19e-03 u_in=1.10 west->west conv=True  newton= 18 gmres=  789    1.2s  (wall    81.5s)
[217/250] seed=219 sin2d      h0=5.90e-04 u_in=1.14 north->west conv=True  newton= 15 gmres=  260    0.5s  (wall    82.0s)
[218/250] seed=220 pins       h0=4.55e-04 u_in=1.47 south->east conv=True  newton= 14 gmres=  150    0.4s  (wall    82.4s)
[219/250] seed=221 quad       h0=5.49e-04 u_in=1.49 east->south conv=True  newton= 13 gmres=  122    0.4s  (wall    82.7s)
[220/250] seed=209 serpentine h0=1.15e-03 u_in=0.78 east->north conv=False newton=200 gmres= 3684    5.2s  (wall    83.1s)
[221/250] seed=223 quad       h0=7.71e-04 u_in=0.76 south->west conv=True  newton= 12 gmres=  137    0.4s  (wall    83.4s)
[222/250] seed=222 grf        h0=1.52e-03 u_in=0.87 east->west conv=True  newton= 17 gmres=  426    0.7s  (wall    83.5s)
[223/250] seed=224 pins       h0=5.38e-04 u_in=0.63 north->west conv=True  newton= 10 gmres=   92    0.3s  (wall    83.8s)
[224/250] seed=225 pins       h0=8.12e-04 u_in=1.99 north->west conv=True  newton= 16 gmres=  357    0.7s  (wall    84.1s)
[225/250] seed=227 grf        h0=9.28e-04 u_in=0.17 east->west conv=True  newton= 15 gmres=  173    0.4s  (wall    84.6s)
[226/250] seed=216 blobs      h0=1.61e-03 u_in=0.29 south->south conv=False newton=200 gmres= 2890    4.9s  (wall    84.8s)
[227/250] seed=228 serpentine h0=8.48e-04 u_in=0.45 north->east conv=True  newton= 12 gmres=  190    0.3s  (wall    84.9s)
[228/250] seed=230 uturn      h0=9.84e-04 u_in=1.55 west->west conv=True  newton= 25 gmres=  648    1.2s  (wall    86.1s)
[229/250] seed=226 blobs      h0=1.51e-03 u_in=1.73 north->north conv=True  newton= 39 gmres= 1984    2.8s  (wall    86.6s)
[230/250] seed=231 sin2d      h0=2.23e-03 u_in=0.16 north->south conv=True  newton= 23 gmres=  356    0.6s  (wall    86.8s)
[231/250] seed=233 uniform    h0=1.14e-03 u_in=0.14 west->north conv=True  newton= 12 gmres=  119    0.4s  (wall    87.1s)
[232/250] seed=234 grf        h0=8.47e-04 u_in=0.23 south->west conv=True  newton= 13 gmres=  196    0.4s  (wall    87.5s)
[233/250] seed=235 serpentine h0=3.53e-04 u_in=0.12 east->east conv=True  newton=  7 gmres=   54    0.2s  (wall    87.7s)
[234/250] seed=229 uturn      h0=2.48e-03 u_in=0.10 west->west conv=True  newton= 58 gmres= 2494    3.1s  (wall    87.9s)
[235/250] seed=237 pins       h0=3.64e-04 u_in=0.19 east->north conv=True  newton=  9 gmres=   69    0.3s  (wall    88.2s)
[236/250] seed=217 serpentine h0=1.59e-03 u_in=0.89 south->east conv=False newton=200 gmres= 6736    9.6s  (wall    89.5s)
[237/250] seed=239 pins       h0=5.25e-04 u_in=0.85 west->east conv=True  newton= 12 gmres=  125    0.4s  (wall    89.8s)
[238/250] seed=240 blobs      h0=3.10e-04 u_in=0.20 north->east conv=True  newton=  8 gmres=   65    0.2s  (wall    90.1s)
[239/250] seed=236 uturn      h0=6.19e-04 u_in=1.57 west->west conv=True  newton= 42 gmres= 1711    2.4s  (wall    90.1s)
[240/250] seed=241 grf        h0=6.80e-04 u_in=0.91 west->north conv=True  newton= 13 gmres=  115    0.3s  (wall    90.4s)
[241/250] seed=243 blobs      h0=2.27e-03 u_in=1.18 east->north conv=True  newton= 37 gmres= 1030    1.6s  (wall    92.1s)
[242/250] seed=244 blobs      h0=8.38e-04 u_in=0.28 west->east conv=True  newton= 12 gmres=  179    0.4s  (wall    92.4s)
[243/250] seed=245 blobs      h0=8.83e-04 u_in=0.14 east->south conv=True  newton= 10 gmres=  193    0.5s  (wall    92.9s)
[244/250] seed=232 serpentine h0=1.40e-03 u_in=0.52 north->east conv=False newton=200 gmres= 4730    7.1s  (wall    93.6s)
[245/250] seed=238 serpentine h0=2.14e-03 u_in=1.74 east->north conv=False newton=200 gmres= 4094    6.0s  (wall    94.2s)
[246/250] seed=247 quad       h0=1.65e-03 u_in=0.60 south->west conv=True  newton= 22 gmres=  346    0.6s  (wall    94.3s)
[247/250] seed=248 uturn      h0=1.61e-03 u_in=0.11 west->west conv=True  newton= 11 gmres=  236    0.6s  (wall    94.8s)
[248/250] seed=242 serpentine h0=2.23e-03 u_in=0.35 west->east conv=False newton=200 gmres= 4088    6.2s  (wall    96.3s)
[249/250] seed=246 serpentine h0=6.25e-04 u_in=1.04 east->west conv=True  newton= 52 gmres= 3536    5.0s  (wall    97.9s)
[250/250] seed=249 serpentine h0=2.89e-03 u_in=1.65 south->west conv=False newton=200 gmres=40040   50.2s  (wall   144.5s)
done: 1 shards -> experiments/nsbm/data
=== chunk seed0=250 n=250 workers=4 (other load ~16 cores) 00:53:14
generate n=250 seed0=250 workers=4 out=experiments/nsbm/data
[1/250] seed=250 grf        h0=1.36e-03 u_in=0.13 west->east conv=True  newton= 16 gmres=  234    0.6s  (wall     0.9s)
[2/250] seed=251 uniform    h0=2.32e-03 u_in=0.19 north->north conv=True  newton= 20 gmres=  286    0.7s  (wall     1.0s)
[3/250] seed=253 uturn      h0=1.30e-03 u_in=0.13 west->west conv=True  newton= 10 gmres=  183    0.7s  (wall     1.0s)
[4/250] seed=252 pins       h0=1.00e-03 u_in=1.12 north->north conv=True  newton= 17 gmres=  214    0.7s  (wall     1.1s)
[5/250] seed=254 quad       h0=1.00e-03 u_in=0.94 east->north conv=True  newton= 20 gmres=  285    0.5s  (wall     1.4s)
[6/250] seed=255 sin2d      h0=9.01e-04 u_in=1.03 south->west conv=True  newton= 17 gmres=  227    0.6s  (wall     1.6s)
[7/250] seed=259 sin2d      h0=1.03e-03 u_in=0.68 north->east conv=True  newton= 16 gmres=  214    0.5s  (wall     2.1s)
[8/250] seed=257 pins       h0=2.10e-03 u_in=0.52 north->north conv=True  newton= 21 gmres=  738    1.2s  (wall     2.4s)
[9/250] seed=260 blobs      h0=1.48e-03 u_in=0.82 south->west conv=True  newton= 19 gmres=  309    0.5s  (wall     2.6s)
[10/250] seed=261 grf        h0=1.11e-03 u_in=1.42 east->west conv=True  newton= 13 gmres=  190    0.4s  (wall     2.8s)
[11/250] seed=256 grf        h0=2.93e-03 u_in=1.97 north->west conv=True  newton= 32 gmres=  862    1.8s  (wall     2.9s)
[12/250] seed=263 pins       h0=3.94e-04 u_in=0.13 east->west conv=True  newton=  8 gmres=   61    0.2s  (wall     3.0s)
[13/250] seed=264 uniform    h0=8.99e-04 u_in=0.28 east->north conv=True  newton= 10 gmres=   93    0.4s  (wall     3.2s)
[14/250] seed=265 serpentine h0=3.69e-04 u_in=1.12 east->south conv=True  newton= 14 gmres=  253    0.4s  (wall     3.4s)
[15/250] seed=266 grf        h0=8.67e-04 u_in=1.54 west->south conv=True  newton= 14 gmres=  231    0.6s  (wall     3.8s)
[16/250] seed=267 uturn      h0=7.30e-04 u_in=1.17 west->west conv=True  newton= 14 gmres=  346    0.5s  (wall     3.9s)
[17/250] seed=269 uniform    h0=2.90e-03 u_in=0.11 east->north conv=True  newton= 39 gmres=  538    0.9s  (wall     4.8s)
[18/250] seed=270 uturn      h0=2.07e-03 u_in=0.43 west->west conv=True  newton= 19 gmres=  813    1.1s  (wall     6.0s)
[19/250] seed=258 uturn      h0=2.26e-03 u_in=0.96 west->west conv=False newton=200 gmres= 3905    5.2s  (wall     6.6s)
[20/250] seed=262 serpentine h0=1.17e-03 u_in=1.43 south->west conv=False newton=200 gmres= 2778    4.1s  (wall     6.7s)
[21/250] seed=272 uniform    h0=6.80e-04 u_in=0.71 east->west conv=True  newton= 14 gmres=  122    0.4s  (wall     7.0s)
[22/250] seed=273 sin2d      h0=1.94e-03 u_in=0.72 west->east conv=True  newton= 37 gmres=  835    1.4s  (wall     8.1s)
[23/250] seed=275 sin2d      h0=1.89e-03 u_in=0.11 south->west conv=True  newton= 14 gmres=  161    0.4s  (wall     8.5s)
[24/250] seed=276 serpentine h0=3.45e-04 u_in=0.25 south->east conv=True  newton= 10 gmres=  121    0.3s  (wall     8.8s)
[25/250] seed=277 uniform    h0=5.24e-04 u_in=0.37 north->west conv=True  newton=  9 gmres=   66    0.3s  (wall     9.0s)
[26/250] seed=274 uturn      h0=5.08e-04 u_in=0.40 west->west conv=True  newton= 23 gmres= 1656    2.2s  (wall     9.2s)
[27/250] seed=278 uturn      h0=4.05e-04 u_in=0.23 west->west conv=True  newton=  9 gmres=   81    0.3s  (wall     9.3s)
[28/250] seed=279 uturn      h0=2.14e-03 u_in=0.14 west->west conv=True  newton= 15 gmres=  160    0.3s  (wall     9.5s)
[29/250] seed=271 blobs      h0=2.11e-03 u_in=0.61 south->east conv=False newton=200 gmres= 2831    4.5s  (wall    10.5s)
[30/250] seed=282 pins       h0=4.50e-04 u_in=0.87 north->west conv=True  newton= 12 gmres=   90    0.3s  (wall    10.8s)
[31/250] seed=283 sin2d      h0=6.27e-04 u_in=0.39 north->west conv=True  newton= 10 gmres=  118    0.3s  (wall    11.1s)
[32/250] seed=284 sin2d      h0=3.13e-04 u_in=0.61 north->south conv=True  newton= 12 gmres=  118    0.3s  (wall    11.4s)
[33/250] seed=280 grf        h0=1.60e-03 u_in=1.00 south->east conv=False newton=200 gmres= 1582    2.9s  (wall    12.2s)
[34/250] seed=286 quad       h0=1.78e-03 u_in=0.13 east->south conv=True  newton= 17 gmres=  227    0.5s  (wall    12.7s)
[35/250] seed=287 blobs      h0=1.55e-03 u_in=0.10 south->east conv=True  newton= 14 gmres=  308    0.5s  (wall    13.2s)
[36/250] seed=268 serpentine h0=1.00e-03 u_in=1.54 south->south conv=False newton=200 gmres= 7250    9.6s  (wall    13.4s)
[37/250] seed=281 uturn      h0=2.42e-03 u_in=0.20 west->west conv=True  newton= 57 gmres= 2926    4.1s  (wall    13.6s)
[38/250] seed=288 sin2d      h0=6.94e-04 u_in=1.56 north->west conv=True  newton= 15 gmres=  177    0.4s  (wall    13.6s)
[39/250] seed=289 serpentine h0=3.74e-04 u_in=0.24 south->north conv=True  newton= 10 gmres=   86    0.2s  (wall    13.6s)
[40/250] seed=290 quad       h0=4.75e-04 u_in=0.28 east->south conv=True  newton= 11 gmres=   88    0.3s  (wall    13.9s)
[41/250] seed=291 uniform    h0=9.11e-04 u_in=0.93 west->west conv=True  newton= 15 gmres=  192    0.4s  (wall    14.0s)
[42/250] seed=293 uniform    h0=2.09e-03 u_in=0.24 north->west conv=True  newton= 17 gmres=  251    0.6s  (wall    14.5s)
[43/250] seed=294 uniform    h0=1.03e-03 u_in=0.68 north->south conv=True  newton= 14 gmres=  164    0.4s  (wall    14.5s)
[44/250] seed=296 uniform    h0=9.42e-04 u_in=0.23 north->south conv=True  newton= 10 gmres=   96    0.3s  (wall    14.8s)
[45/250] seed=295 sin2d      h0=3.48e-04 u_in=1.78 west->east conv=True  newton= 12 gmres=  129    0.3s  (wall    14.8s)
[46/250] seed=297 sin2d      h0=5.66e-04 u_in=0.25 west->north conv=True  newton=  9 gmres=  106    0.3s  (wall    15.1s)
[47/250] seed=298 grf        h0=1.26e-03 u_in=0.39 north->north conv=True  newton= 14 gmres=  153    0.4s  (wall    15.2s)
[48/250] seed=299 pins       h0=7.24e-04 u_in=0.11 north->east conv=True  newton= 10 gmres=   79    0.3s  (wall    15.4s)
[49/250] seed=300 uniform    h0=1.09e-03 u_in=0.31 north->south conv=True  newton= 12 gmres=  120    0.4s  (wall    15.6s)
[50/250] seed=301 sin2d      h0=4.76e-04 u_in=0.28 east->east conv=True  newton= 12 gmres=   84    0.3s  (wall    15.8s)
[51/250] seed=303 grf        h0=7.83e-04 u_in=1.12 west->south conv=True  newton= 34 gmres= 1066    1.9s  (wall    17.7s)
[52/250] seed=302 pins       h0=1.52e-03 u_in=1.99 south->east conv=True  newton= 36 gmres= 1292    2.1s  (wall    17.7s)
[53/250] seed=305 quad       h0=1.48e-03 u_in=0.38 north->north conv=True  newton= 13 gmres=  153    0.4s  (wall    18.1s)
[54/250] seed=306 pins       h0=6.00e-04 u_in=0.16 west->north conv=True  newton= 10 gmres=   75    0.3s  (wall    18.3s)
[55/250] seed=307 serpentine h0=2.59e-03 u_in=0.13 east->south conv=True  newton= 14 gmres=  281    0.5s  (wall    18.8s)
[56/250] seed=304 pins       h0=2.38e-03 u_in=0.32 north->north conv=True  newton= 24 gmres=  670    1.1s  (wall    18.8s)
[57/250] seed=309 uturn      h0=3.46e-04 u_in=1.91 west->west conv=True  newton= 14 gmres=  242    0.4s  (wall    19.2s)
[58/250] seed=308 serpentine h0=1.06e-03 u_in=1.27 north->west conv=True  newton= 18 gmres=  363    0.6s  (wall    19.4s)
[59/250] seed=285 serpentine h0=5.23e-04 u_in=1.78 west->east conv=True  newton=166 gmres= 6115    8.3s  (wall    19.7s)
[60/250] seed=311 quad       h0=1.10e-03 u_in=0.68 west->south conv=True  newton= 15 gmres=  212    0.5s  (wall    19.9s)
[61/250] seed=292 blobs      h0=1.54e-03 u_in=0.89 north->east conv=False newton=200 gmres= 4393    6.3s  (wall    19.9s)
[62/250] seed=312 uniform    h0=6.90e-04 u_in=0.54 north->south conv=True  newton= 11 gmres=   91    0.3s  (wall    20.0s)
[63/250] seed=313 quad       h0=8.74e-04 u_in=1.03 north->east conv=True  newton= 15 gmres=  206    0.5s  (wall    20.3s)
[64/250] seed=316 uniform    h0=3.40e-04 u_in=1.79 south->east conv=True  newton= 12 gmres=  112    0.3s  (wall    20.7s)
[65/250] seed=310 sin2d      h0=2.72e-03 u_in=0.75 north->south conv=True  newton= 41 gmres= 1211    1.9s  (wall    21.2s)
[66/250] seed=314 grf        h0=1.55e-03 u_in=0.95 south->west conv=True  newton= 36 gmres=  923    1.6s  (wall    21.5s)
[67/250] seed=317 sin2d      h0=4.84e-04 u_in=1.91 south->east conv=True  newton= 21 gmres=  447    0.9s  (wall    21.6s)
[68/250] seed=320 quad       h0=1.50e-03 u_in=0.18 south->south conv=True  newton= 13 gmres=  156    0.4s  (wall    22.0s)
[69/250] seed=319 blobs      h0=2.19e-03 u_in=0.24 west->south conv=True  newton= 18 gmres=  303    0.5s  (wall    22.0s)
[70/250] seed=318 uniform    h0=1.74e-03 u_in=1.73 south->north conv=True  newton= 37 gmres=  716    1.2s  (wall    22.3s)
[71/250] seed=322 uniform    h0=8.98e-04 u_in=0.23 east->north conv=True  newton= 11 gmres=  101    0.3s  (wall    22.3s)
[72/250] seed=321 grf        h0=2.43e-03 u_in=0.43 north->north conv=False newton=200 gmres= 2129    3.7s  (wall    25.7s)
[73/250] seed=323 pins       h0=2.05e-03 u_in=1.85 east->south conv=True  newton= 74 gmres= 2564    3.8s  (wall    26.2s)
[74/250] seed=325 uniform    h0=7.20e-04 u_in=0.70 east->west conv=True  newton= 18 gmres=  224    0.6s  (wall    26.2s)
[75/250] seed=327 grf        h0=5.03e-04 u_in=0.58 north->east conv=True  newton= 14 gmres=  185    0.4s  (wall    26.6s)
[76/250] seed=328 quad       h0=7.28e-04 u_in=1.00 south->north conv=True  newton= 13 gmres=  157    0.4s  (wall    27.0s)
[77/250] seed=329 serpentine h0=5.55e-04 u_in=0.18 west->east conv=True  newton= 16 gmres=  380    0.6s  (wall    27.6s)
[78/250] seed=315 serpentine h0=2.28e-03 u_in=0.26 south->north conv=False newton=200 gmres= 5418    7.8s  (wall    27.8s)
[79/250] seed=331 uniform    h0=6.63e-04 u_in=0.21 east->north conv=True  newton= 10 gmres=   75    0.3s  (wall    28.1s)
[80/250] seed=332 grf        h0=1.74e-03 u_in=0.24 west->east conv=True  newton= 45 gmres=  655    1.2s  (wall    29.3s)
[81/250] seed=326 sin2d      h0=1.01e-03 u_in=1.36 west->south conv=True  newton= 68 gmres= 2010    3.6s  (wall    29.7s)
[82/250] seed=334 serpentine h0=7.58e-04 u_in=0.12 east->west conv=True  newton= 10 gmres=  120    0.4s  (wall    30.1s)
[83/250] seed=335 sin2d      h0=8.75e-04 u_in=0.20 east->west conv=True  newton= 11 gmres=  107    0.4s  (wall    30.6s)
[84/250] seed=324 grf        h0=1.20e-03 u_in=0.53 west->north conv=False newton=200 gmres= 5444    8.6s  (wall    31.0s)
[85/250] seed=333 quad       h0=2.04e-03 u_in=0.53 south->west conv=True  newton= 39 gmres= 1075    1.7s  (wall    31.0s)
[86/250] seed=336 grf        h0=6.41e-04 u_in=1.79 south->south conv=True  newton= 19 gmres=  280    0.8s  (wall    31.4s)
[87/250] seed=337 quad       h0=5.87e-04 u_in=1.03 west->north conv=True  newton= 11 gmres=  120    0.5s  (wall    31.4s)
[88/250] seed=340 uniform    h0=1.10e-03 u_in=1.02 south->east conv=True  newton= 17 gmres=  196    0.5s  (wall    31.9s)
[89/250] seed=341 blobs      h0=9.37e-04 u_in=0.41 north->south conv=True  newton= 15 gmres=  260    0.6s  (wall    32.5s)
[90/250] seed=342 pins       h0=8.90e-04 u_in=0.15 north->east conv=True  newton=  9 gmres=   96    0.4s  (wall    32.9s)
[91/250] seed=343 uniform    h0=3.61e-04 u_in=0.22 south->north conv=True  newton=  8 gmres=   55    0.3s  (wall    33.2s)
[92/250] seed=330 uturn      h0=2.51e-03 u_in=1.18 west->west conv=False newton=200 gmres= 4723    5.9s  (wall    33.5s)
[93/250] seed=344 sin2d      h0=7.71e-04 u_in=1.85 north->west conv=True  newton= 15 gmres=  239    0.5s  (wall    33.7s)
[94/250] seed=345 quad       h0=7.46e-04 u_in=1.10 north->south conv=True  newton= 14 gmres=  159    0.5s  (wall    34.0s)
[95/250] seed=339 uniform    h0=2.40e-03 u_in=1.61 east->south conv=True  newton= 40 gmres= 1216    2.7s  (wall    34.1s)
[96/250] seed=346 uturn      h0=1.24e-03 u_in=0.13 west->west conv=True  newton= 17 gmres=  480    0.8s  (wall    34.5s)
[97/250] seed=348 sin2d      h0=1.29e-03 u_in=0.33 west->south conv=True  newton= 15 gmres=  215    0.6s  (wall    34.7s)
[98/250] seed=349 pins       h0=1.12e-03 u_in=1.10 east->south conv=True  newton= 16 gmres=  273    0.5s  (wall    35.0s)
[99/250] seed=350 quad       h0=8.36e-04 u_in=0.50 south->east conv=True  newton= 14 gmres=  149    0.5s  (wall    35.3s)
[100/250] seed=351 uturn      h0=9.57e-04 u_in=0.15 west->west conv=True  newton= 11 gmres=  152    0.5s  (wall    35.5s)
[101/250] seed=353 sin2d      h0=3.39e-04 u_in=0.91 south->west conv=True  newton= 11 gmres=   89    0.3s  (wall    35.7s)
[102/250] seed=354 serpentine h0=4.44e-04 u_in=0.18 north->east conv=True  newton=  9 gmres=  101    0.3s  (wall    36.0s)
[103/250] seed=338 uturn      h0=2.69e-03 u_in=0.42 west->west conv=False newton=200 gmres= 3072    5.8s  (wall    36.8s)
[104/250] seed=356 uniform    h0=7.50e-04 u_in=0.65 east->south conv=True  newton= 12 gmres=  116    0.3s  (wall    37.1s)
[105/250] seed=357 serpentine h0=5.65e-04 u_in=0.15 east->south conv=True  newton= 10 gmres=   85    0.2s  (wall    37.4s)
[106/250] seed=355 grf        h0=1.46e-03 u_in=0.89 west->north conv=True  newton=149 gmres= 2850    4.6s  (wall    40.6s)
[107/250] seed=359 grf        h0=1.26e-03 u_in=0.35 east->south conv=True  newton= 13 gmres=  166    0.4s  (wall    41.0s)
[108/250] seed=352 quad       h0=1.11e-03 u_in=1.03 east->west conv=False newton=200 gmres= 5034    7.6s  (wall    42.9s)
[109/250] seed=358 serpentine h0=1.05e-03 u_in=0.35 north->south conv=False newton=200 gmres= 4843    7.9s  (wall    45.3s)
[110/250] seed=361 serpentine h0=9.16e-04 u_in=0.18 east->south conv=True  newton= 61 gmres= 2439    3.4s  (wall    46.3s)
[111/250] seed=363 uniform    h0=2.42e-03 u_in=0.47 south->north conv=True  newton= 27 gmres=  476    0.9s  (wall    47.2s)
[112/250] seed=364 uturn      h0=1.47e-03 u_in=0.10 west->west conv=True  newton= 12 gmres=  109    0.3s  (wall    47.5s)
[113/250] seed=365 uniform    h0=1.75e-03 u_in=0.66 south->east conv=True  newton= 22 gmres=  353    0.7s  (wall    48.2s)
[114/250] seed=366 uniform    h0=1.24e-03 u_in=0.11 west->north conv=True  newton= 11 gmres=  105    0.3s  (wall    48.5s)
[115/250] seed=362 serpentine h0=1.18e-03 u_in=0.19 west->south conv=False newton=200 gmres= 4299    5.9s  (wall    51.1s)
[116/250] seed=368 blobs      h0=1.18e-03 u_in=0.60 east->south conv=True  newton= 16 gmres=  236    0.5s  (wall    51.6s)
[117/250] seed=369 pins       h0=7.18e-04 u_in=0.26 south->north conv=True  newton= 10 gmres=   81    0.3s  (wall    51.9s)
[118/250] seed=370 quad       h0=1.98e-03 u_in=0.14 south->north conv=True  newton= 14 gmres=  213    0.5s  (wall    52.4s)
[119/250] seed=367 serpentine h0=2.54e-03 u_in=0.93 east->north conv=True  newton=146 gmres= 4875    6.6s  (wall    55.1s)
[120/250] seed=372 uturn      h0=1.33e-03 u_in=0.18 west->west conv=True  newton= 10 gmres=  193    0.4s  (wall    55.5s)
[121/250] seed=373 uturn      h0=1.03e-03 u_in=1.08 west->west conv=True  newton= 24 gmres=  736    1.2s  (wall    56.7s)
[122/250] seed=374 pins       h0=1.09e-03 u_in=0.22 west->south conv=True  newton= 13 gmres=  156    0.4s  (wall    57.1s)
[123/250] seed=375 quad       h0=2.47e-03 u_in=0.45 south->west conv=True  newton= 24 gmres=  411    0.7s  (wall    57.8s)
[124/250] seed=371 blobs      h0=2.28e-03 u_in=0.35 east->west conv=False newton=200 gmres= 3551    5.5s  (wall    57.9s)
[125/250] seed=376 quad       h0=1.42e-03 u_in=0.13 east->east conv=True  newton= 12 gmres=  137    0.3s  (wall    58.1s)
[126/250] seed=377 pins       h0=6.93e-04 u_in=0.20 east->north conv=True  newton=  9 gmres=   79    0.2s  (wall    58.1s)
[127/250] seed=378 serpentine h0=4.06e-04 u_in=0.15 north->west conv=True  newton=  9 gmres=   78    0.2s  (wall    58.3s)
[128/250] seed=379 serpentine h0=1.13e-03 u_in=0.15 north->north conv=True  newton= 10 gmres=  124    0.3s  (wall    58.4s)
[129/250] seed=380 uturn      h0=3.19e-04 u_in=0.73 west->west conv=True  newton= 11 gmres=  118    0.3s  (wall    58.6s)
[130/250] seed=382 uniform    h0=1.01e-03 u_in=1.17 east->west conv=True  newton= 16 gmres=  234    0.5s  (wall    59.1s)
[131/250] seed=383 quad       h0=1.93e-03 u_in=1.19 west->north conv=True  newton= 27 gmres=  719    1.1s  (wall    60.3s)
[132/250] seed=381 pins       h0=2.64e-03 u_in=1.44 south->east conv=False newton=200 gmres= 2101    3.6s  (wall    62.0s)
[133/250] seed=385 blobs      h0=1.15e-03 u_in=0.17 east->north conv=True  newton= 13 gmres=  110    0.3s  (wall    62.3s)
[134/250] seed=386 quad       h0=7.04e-04 u_in=1.02 west->east conv=True  newton= 13 gmres=  142    0.4s  (wall    62.7s)
[135/250] seed=384 sin2d      h0=2.75e-03 u_in=0.68 east->south conv=True  newton= 53 gmres= 1512    2.5s  (wall    62.8s)
[136/250] seed=387 quad       h0=7.05e-04 u_in=0.39 east->south conv=True  newton= 12 gmres=  106    0.3s  (wall    63.0s)
[137/250] seed=389 sin2d      h0=1.02e-03 u_in=0.35 west->south conv=True  newton= 15 gmres=  214    0.5s  (wall    63.4s)
[138/250] seed=388 grf        h0=2.16e-03 u_in=1.07 west->east conv=True  newton= 48 gmres= 1510    2.4s  (wall    65.1s)
[139/250] seed=391 sin2d      h0=2.59e-03 u_in=0.52 west->south conv=True  newton= 30 gmres=  635    1.0s  (wall    66.2s)
[140/250] seed=392 blobs      h0=7.90e-04 u_in=1.55 east->south conv=True  newton= 16 gmres=  221    0.4s  (wall    66.6s)
[141/250] seed=390 serpentine h0=2.53e-03 u_in=0.90 north->south conv=False newton=200 gmres= 2555    3.6s  (wall    67.0s)
[142/250] seed=394 quad       h0=3.53e-04 u_in=0.46 south->north conv=True  newton= 12 gmres=   91    0.3s  (wall    67.3s)
[143/250] seed=395 grf        h0=1.33e-03 u_in=1.44 west->east conv=True  newton= 46 gmres= 1926    2.9s  (wall    70.2s)
[144/250] seed=393 serpentine h0=5.76e-04 u_in=1.14 east->east conv=True  newton=183 gmres= 4468    6.0s  (wall    72.5s)
[145/250] seed=360 blobs      h0=2.30e-03 u_in=1.46 south->east conv=False newton=200 gmres=30977   32.1s  (wall    73.1s)
[146/250] seed=398 blobs      h0=8.73e-04 u_in=0.39 south->west conv=True  newton= 12 gmres=  210    0.4s  (wall    73.5s)
[147/250] seed=397 blobs      h0=1.86e-03 u_in=0.49 east->west conv=True  newton= 19 gmres=  610    1.0s  (wall    73.5s)
[148/250] seed=399 blobs      h0=1.54e-03 u_in=0.54 north->south conv=True  newton= 18 gmres=  297    0.6s  (wall    74.1s)
[149/250] seed=401 grf        h0=7.27e-04 u_in=0.12 north->west conv=True  newton= 10 gmres=  107    0.3s  (wall    74.3s)
[150/250] seed=400 pins       h0=1.23e-03 u_in=1.87 west->east conv=True  newton= 23 gmres=  569    0.9s  (wall    74.5s)
[151/250] seed=402 serpentine h0=2.22e-03 u_in=0.21 east->west conv=True  newton= 13 gmres=  323    0.5s  (wall    74.9s)
[152/250] seed=404 quad       h0=2.02e-03 u_in=0.41 west->south conv=True  newton= 19 gmres=  368    0.8s  (wall    75.7s)
[153/250] seed=405 quad       h0=4.80e-04 u_in=0.81 south->east conv=True  newton= 10 gmres=   93    0.3s  (wall    76.0s)
[154/250] seed=396 serpentine h0=4.88e-04 u_in=1.08 east->west conv=False newton=200 gmres= 4169    6.0s  (wall    76.3s)
[155/250] seed=406 pins       h0=3.59e-04 u_in=1.89 west->north conv=True  newton= 14 gmres=  156    0.4s  (wall    76.4s)
[156/250] seed=407 sin2d      h0=5.41e-04 u_in=1.89 west->west conv=True  newton= 14 gmres=  195    0.4s  (wall    76.7s)
[157/250] seed=408 quad       h0=4.91e-04 u_in=0.19 north->south conv=True  newton= 10 gmres=   81    0.3s  (wall    76.7s)
[158/250] seed=409 sin2d      h0=6.79e-04 u_in=0.10 east->south conv=True  newton= 11 gmres=   98    0.4s  (wall    77.0s)
[159/250] seed=347 serpentine h0=1.21e-03 u_in=0.92 east->south conv=False newton=200 gmres=39865   44.9s  (wall    78.9s)
[160/250] seed=412 pins       h0=9.49e-04 u_in=0.16 north->south conv=True  newton= 10 gmres=   83    0.4s  (wall    79.3s)
[161/250] seed=403 serpentine h0=2.60e-03 u_in=0.23 west->south conv=False newton=200 gmres= 3468    4.9s  (wall    79.4s)
[162/250] seed=414 sin2d      h0=9.57e-04 u_in=0.12 north->west conv=True  newton=  9 gmres=   75    0.2s  (wall    79.6s)
[163/250] seed=413 quad       h0=9.19e-04 u_in=0.11 west->north conv=True  newton= 10 gmres=   81    0.4s  (wall    79.7s)
[164/250] seed=416 serpentine h0=9.24e-04 u_in=0.21 west->south conv=True  newton= 10 gmres=  189    0.5s  (wall    80.2s)
[165/250] seed=410 quad       h0=2.27e-03 u_in=1.29 east->north conv=True  newton= 63 gmres= 2176    3.5s  (wall    80.2s)
[166/250] seed=415 quad       h0=1.62e-03 u_in=1.23 south->east conv=True  newton= 28 gmres=  586    1.1s  (wall    80.8s)
[167/250] seed=417 sin2d      h0=8.09e-04 u_in=1.13 south->west conv=True  newton= 14 gmres=  190    0.6s  (wall    80.9s)
[168/250] seed=419 pins       h0=1.81e-03 u_in=0.40 south->east conv=True  newton= 19 gmres=  303    0.6s  (wall    81.4s)
[169/250] seed=418 uturn      h0=2.93e-03 u_in=0.20 west->west conv=True  newton= 24 gmres=  753    1.2s  (wall    81.4s)
[170/250] seed=421 sin2d      h0=4.80e-04 u_in=0.22 west->south conv=True  newton= 11 gmres=   88    0.3s  (wall    81.7s)
[171/250] seed=422 quad       h0=1.46e-03 u_in=0.35 north->west conv=True  newton= 22 gmres=  275    0.6s  (wall    82.0s)
[172/250] seed=423 uturn      h0=1.06e-03 u_in=1.80 west->west conv=True  newton= 18 gmres=  237    0.5s  (wall    82.1s)
[173/250] seed=424 quad       h0=5.39e-04 u_in=0.23 north->north conv=True  newton=  9 gmres=   64    0.3s  (wall    82.3s)
[174/250] seed=425 sin2d      h0=4.51e-04 u_in=0.13 west->east conv=True  newton= 10 gmres=   78    0.3s  (wall    82.4s)
[175/250] seed=426 uniform    h0=4.34e-04 u_in=0.14 north->north conv=True  newton=  8 gmres=   46    0.2s  (wall    82.5s)
[176/250] seed=428 quad       h0=1.19e-03 u_in=0.64 north->north conv=True  newton= 19 gmres=  285    0.6s  (wall    83.0s)
[177/250] seed=429 uniform    h0=3.32e-04 u_in=0.79 north->south conv=True  newton= 11 gmres=   73    0.3s  (wall    83.3s)
[178/250] seed=411 sin2d      h0=2.39e-03 u_in=1.99 west->east conv=True  newton=180 gmres= 4034    6.5s  (wall    83.5s)
[179/250] seed=430 uniform    h0=1.55e-03 u_in=1.86 north->west conv=True  newton= 25 gmres=  677    1.1s  (wall    84.4s)
[180/250] seed=432 pins       h0=1.17e-03 u_in=0.14 north->south conv=True  newton= 12 gmres=  110    0.4s  (wall    84.9s)
[181/250] seed=433 quad       h0=1.19e-03 u_in=0.21 east->north conv=True  newton= 13 gmres=  133    0.4s  (wall    85.3s)
[182/250] seed=434 blobs      h0=1.40e-03 u_in=0.14 west->west conv=True  newton= 13 gmres=  130    0.4s  (wall    85.7s)
[183/250] seed=431 pins       h0=2.07e-03 u_in=0.53 west->east conv=True  newton= 69 gmres= 3777    5.3s  (wall    88.8s)
[184/250] seed=436 pins       h0=8.03e-04 u_in=0.15 east->south conv=True  newton= 10 gmres=   96    0.3s  (wall    89.1s)
[185/250] seed=427 blobs      h0=2.76e-03 u_in=1.06 north->east conv=False newton=200 gmres= 4070    7.2s  (wall    89.6s)
[186/250] seed=438 grf        h0=5.27e-04 u_in=1.53 north->north conv=True  newton= 12 gmres=  128    0.4s  (wall    90.0s)
[187/250] seed=439 grf        h0=1.08e-03 u_in=1.59 south->east conv=True  newton= 20 gmres=  387    0.9s  (wall    90.9s)
[188/250] seed=437 uturn      h0=1.84e-03 u_in=0.34 west->west conv=True  newton= 27 gmres= 1414    1.9s  (wall    91.0s)
[189/250] seed=440 sin2d      h0=3.48e-04 u_in=0.31 south->south conv=True  newton= 10 gmres=   97    0.4s  (wall    91.3s)
[190/250] seed=442 uturn      h0=1.86e-03 u_in=0.13 west->west conv=True  newton= 11 gmres=  246    0.7s  (wall    92.0s)
[191/250] seed=443 sin2d      h0=8.29e-04 u_in=0.78 west->east conv=True  newton= 14 gmres=  224    0.7s  (wall    92.7s)
[192/250] seed=435 serpentine h0=7.63e-04 u_in=0.18 south->east conv=False newton=200 gmres= 3898    7.5s  (wall    93.2s)
[193/250] seed=445 sin2d      h0=3.16e-04 u_in=0.87 north->south conv=True  newton=  9 gmres=   67    0.3s  (wall    93.5s)
[194/250] seed=446 uniform    h0=1.63e-03 u_in=0.31 north->north conv=True  newton= 16 gmres=  212    0.5s  (wall    94.0s)
[195/250] seed=441 uturn      h0=1.06e-03 u_in=0.53 west->west conv=True  newton= 87 gmres= 2255    3.1s  (wall    94.1s)
[196/250] seed=420 uturn      h0=2.64e-03 u_in=1.94 west->west conv=False newton=200 gmres=10923   13.5s  (wall    94.3s)
[197/250] seed=448 pins       h0=3.87e-04 u_in=0.37 west->north conv=True  newton= 10 gmres=   63    0.3s  (wall    94.4s)
[198/250] seed=450 uniform    h0=3.33e-04 u_in=1.41 east->north conv=True  newton= 10 gmres=   87    0.3s  (wall    94.7s)
[199/250] seed=449 pins       h0=4.42e-04 u_in=1.90 south->west conv=True  newton= 11 gmres=  120    0.4s  (wall    94.7s)
[200/250] seed=447 grf        h0=1.43e-03 u_in=0.33 north->west conv=True  newton= 25 gmres=  503    0.9s  (wall    94.8s)
[201/250] seed=452 uturn      h0=3.24e-04 u_in=1.07 west->west conv=True  newton= 12 gmres=  148    0.3s  (wall    95.0s)
[202/250] seed=444 serpentine h0=3.90e-04 u_in=0.83 south->west conv=False newton=200 gmres= 2977    4.6s  (wall    97.3s)
[203/250] seed=455 serpentine h0=2.98e-03 u_in=0.11 east->west conv=True  newton= 19 gmres=  333    0.6s  (wall    97.9s)
[204/250] seed=451 serpentine h0=4.65e-04 u_in=1.54 east->south conv=True  newton= 53 gmres= 2439    3.3s  (wall    98.0s)
[205/250] seed=456 quad       h0=8.41e-04 u_in=0.15 east->west conv=True  newton= 11 gmres=   91    0.3s  (wall    98.2s)
[206/250] seed=458 quad       h0=6.15e-04 u_in=0.13 north->west conv=True  newton=  9 gmres=   72    0.3s  (wall    98.5s)
[207/250] seed=454 grf        h0=9.35e-04 u_in=0.23 west->north conv=True  newton=141 gmres= 2106    3.6s  (wall    98.6s)
[208/250] seed=457 quad       h0=2.08e-03 u_in=0.13 east->west conv=True  newton= 32 gmres=  526    0.9s  (wall    98.9s)
[209/250] seed=460 sin2d      h0=2.03e-03 u_in=0.73 west->east conv=True  newton= 20 gmres=  425    0.8s  (wall    99.3s)
[210/250] seed=459 grf        h0=7.34e-04 u_in=0.26 south->north conv=True  newton= 33 gmres=  462    1.0s  (wall    99.5s)
[211/250] seed=461 sin2d      h0=6.37e-04 u_in=0.95 north->west conv=True  newton= 20 gmres=  288    0.6s  (wall    99.5s)
[212/250] seed=463 serpentine h0=5.85e-04 u_in=0.23 south->east conv=True  newton= 10 gmres=  207    0.4s  (wall    99.9s)
[213/250] seed=453 serpentine h0=8.40e-04 u_in=0.39 west->east conv=False newton=200 gmres= 3620    5.2s  (wall   100.0s)
[214/250] seed=465 quad       h0=4.40e-04 u_in=0.84 south->west conv=True  newton=  9 gmres=   69    0.3s  (wall   100.2s)
[215/250] seed=464 sin2d      h0=8.87e-04 u_in=1.98 north->east conv=True  newton= 22 gmres=  372    0.7s  (wall   100.2s)
[216/250] seed=466 uturn      h0=6.14e-04 u_in=0.57 west->west conv=True  newton= 14 gmres=  294    0.5s  (wall   100.6s)
[217/250] seed=467 sin2d      h0=1.25e-03 u_in=1.13 north->north conv=True  newton= 16 gmres=  242    0.6s  (wall   100.7s)
[218/250] seed=468 uniform    h0=2.43e-03 u_in=0.33 south->west conv=True  newton= 22 gmres=  339    0.7s  (wall   100.9s)
[219/250] seed=470 pins       h0=3.91e-04 u_in=0.17 east->south conv=True  newton=  8 gmres=   65    0.3s  (wall   101.0s)
[220/250] seed=471 quad       h0=3.09e-04 u_in=0.15 east->north conv=True  newton=  8 gmres=   55    0.2s  (wall   101.1s)
[221/250] seed=469 uniform    h0=2.82e-03 u_in=0.20 north->south conv=True  newton= 23 gmres=  333    0.7s  (wall   101.3s)
[222/250] seed=472 quad       h0=9.16e-04 u_in=1.08 north->north conv=True  newton= 15 gmres=  185    0.4s  (wall   101.4s)
[223/250] seed=473 quad       h0=7.82e-04 u_in=0.31 south->north conv=True  newton= 11 gmres=  103    0.3s  (wall   101.4s)
[224/250] seed=474 quad       h0=7.26e-04 u_in=0.90 south->north conv=True  newton= 13 gmres=  150    0.4s  (wall   101.7s)
[225/250] seed=475 grf        h0=1.41e-03 u_in=0.14 west->north conv=True  newton= 14 gmres=  274    0.5s  (wall   101.9s)
[226/250] seed=476 pins       h0=8.21e-04 u_in=1.93 west->west conv=True  newton= 18 gmres=  311    0.6s  (wall   102.0s)
[227/250] seed=478 sin2d      h0=6.63e-04 u_in=0.22 east->east conv=True  newton= 10 gmres=   81    0.2s  (wall   102.2s)
[228/250] seed=477 uturn      h0=1.40e-03 u_in=0.54 west->west conv=True  newton= 15 gmres=  580    0.8s  (wall   102.5s)
[229/250] seed=480 pins       h0=1.25e-03 u_in=0.34 north->west conv=True  newton= 15 gmres=  316    0.6s  (wall   102.8s)
[230/250] seed=482 uniform    h0=4.93e-04 u_in=1.00 north->west conv=True  newton= 13 gmres=   99    0.3s  (wall   103.1s)
[231/250] seed=481 uturn      h0=1.41e-03 u_in=0.23 west->west conv=True  newton= 12 gmres=  347    0.6s  (wall   103.1s)
[232/250] seed=462 serpentine h0=8.29e-04 u_in=0.33 south->east conv=False newton=200 gmres= 2348    3.9s  (wall   103.3s)
[233/250] seed=483 sin2d      h0=6.24e-04 u_in=0.40 west->north conv=True  newton= 12 gmres=  124    0.3s  (wall   103.4s)
[234/250] seed=485 uniform    h0=7.49e-04 u_in=0.25 north->south conv=True  newton= 10 gmres=   76    0.3s  (wall   103.5s)
[235/250] seed=486 quad       h0=2.94e-03 u_in=0.11 south->south conv=True  newton= 21 gmres=  282    0.6s  (wall   104.0s)
[236/250] seed=488 blobs      h0=3.11e-04 u_in=1.48 west->north conv=True  newton= 10 gmres=  103    0.3s  (wall   104.3s)
[237/250] seed=489 pins       h0=7.75e-04 u_in=1.45 west->south conv=True  newton= 17 gmres=  242    0.5s  (wall   104.8s)
[238/250] seed=490 uturn      h0=6.26e-04 u_in=1.11 west->west conv=True  newton= 13 gmres=  243    0.4s  (wall   105.2s)
[239/250] seed=491 quad       h0=2.73e-03 u_in=0.25 south->west conv=True  newton= 30 gmres=  430    0.8s  (wall   106.0s)
[240/250] seed=487 uturn      h0=5.13e-04 u_in=1.39 west->west conv=True  newton= 74 gmres= 1941    2.8s  (wall   106.3s)
[241/250] seed=484 blobs      h0=2.47e-03 u_in=1.38 west->north conv=True  newton=130 gmres= 2059    3.3s  (wall   106.3s)
[242/250] seed=492 blobs      h0=1.72e-03 u_in=0.53 north->south conv=True  newton= 18 gmres=  683    1.0s  (wall   107.0s)
[243/250] seed=495 uniform    h0=2.10e-03 u_in=0.69 north->east conv=True  newton= 26 gmres=  604    0.9s  (wall   107.9s)
[244/250] seed=496 sin2d      h0=6.32e-04 u_in=0.25 south->west conv=True  newton= 13 gmres=  126    0.5s  (wall   108.4s)
[245/250] seed=479 serpentine h0=1.13e-03 u_in=0.23 east->east conv=False newton=200 gmres= 4891    7.1s  (wall   109.1s)
[246/250] seed=498 grf        h0=2.51e-03 u_in=0.10 south->east conv=True  newton= 19 gmres=  367    0.7s  (wall   109.8s)
[247/250] seed=499 pins       h0=9.43e-04 u_in=0.18 south->east conv=True  newton= 10 gmres=   89    0.3s  (wall   110.1s)
[248/250] seed=494 uturn      h0=1.91e-03 u_in=1.02 west->west conv=True  newton= 28 gmres= 3047    4.1s  (wall   110.5s)
[249/250] seed=493 blobs      h0=1.71e-03 u_in=0.79 south->east conv=False newton=200 gmres= 4068    6.3s  (wall   112.6s)
[250/250] seed=497 sin2d      h0=1.27e-03 u_in=1.07 east->west conv=True  newton=111 gmres= 3059    6.3s  (wall   114.8s)
done: 1 shards -> experiments/nsbm/data
=== chunk seed0=500 n=250 workers=4 (other load ~16 cores) 00:55:10
generate n=250 seed0=500 workers=4 out=experiments/nsbm/data
[1/250] seed=501 blobs      h0=1.31e-03 u_in=0.35 south->east conv=True  newton= 15 gmres=  225    0.5s  (wall     0.9s)
[2/250] seed=502 sin2d      h0=7.16e-04 u_in=1.15 west->west conv=True  newton= 15 gmres=  175    0.7s  (wall     1.0s)
[3/250] seed=503 quad       h0=5.31e-04 u_in=0.83 east->south conv=True  newton= 12 gmres=  115    0.7s  (wall     1.1s)
[4/250] seed=504 blobs      h0=3.17e-04 u_in=0.59 west->north conv=True  newton= 10 gmres=   66    0.3s  (wall     1.1s)
[5/250] seed=507 serpentine h0=5.17e-04 u_in=0.60 east->south conv=True  newton= 12 gmres=  119    0.3s  (wall     1.4s)
[6/250] seed=505 pins       h0=1.52e-03 u_in=0.11 south->east conv=True  newton= 14 gmres=  142    0.4s  (wall     1.5s)
[7/250] seed=508 uturn      h0=4.97e-04 u_in=1.65 west->west conv=True  newton= 14 gmres=  255    0.4s  (wall     1.8s)
[8/250] seed=509 sin2d      h0=1.24e-03 u_in=0.25 west->south conv=True  newton= 11 gmres=  137    0.4s  (wall     1.9s)
[9/250] seed=510 quad       h0=8.42e-04 u_in=0.19 north->south conv=True  newton= 11 gmres=  103    0.3s  (wall     2.1s)
[10/250] seed=511 pins       h0=8.41e-04 u_in=0.23 south->west conv=True  newton= 13 gmres=  111    0.3s  (wall     2.2s)
[11/250] seed=512 quad       h0=2.69e-03 u_in=0.11 west->south conv=True  newton= 16 gmres=  264    0.5s  (wall     2.6s)
[12/250] seed=513 blobs      h0=5.53e-04 u_in=0.49 east->west conv=True  newton= 11 gmres=  204    0.4s  (wall     2.6s)
[13/250] seed=515 sin2d      h0=3.74e-04 u_in=1.74 north->east conv=True  newton= 13 gmres=  159    0.4s  (wall     3.0s)
[14/250] seed=514 blobs      h0=1.91e-03 u_in=0.16 north->east conv=True  newton= 14 gmres=  217    0.5s  (wall     3.1s)
[15/250] seed=516 sin2d      h0=1.35e-03 u_in=0.11 west->south conv=True  newton= 12 gmres=  151    0.3s  (wall     3.4s)
[16/250] seed=517 uturn      h0=7.33e-04 u_in=0.20 west->west conv=True  newton=  9 gmres=   98    0.2s  (wall     3.4s)
[17/250] seed=519 serpentine h0=3.10e-04 u_in=0.46 west->east conv=True  newton= 11 gmres=  157    0.3s  (wall     3.7s)
[18/250] seed=506 uturn      h0=7.32e-04 u_in=0.40 west->west conv=True  newton= 24 gmres= 1636    2.8s  (wall     3.9s)
[19/250] seed=520 quad       h0=7.47e-04 u_in=0.15 east->west conv=True  newton=  9 gmres=   75    0.3s  (wall     3.9s)
[20/250] seed=521 sin2d      h0=5.48e-04 u_in=0.42 south->south conv=True  newton= 10 gmres=   96    0.3s  (wall     4.2s)
[21/250] seed=522 grf        h0=1.36e-03 u_in=1.92 west->west conv=True  newton= 23 gmres=  547    0.9s  (wall     4.8s)
[22/250] seed=518 quad       h0=2.52e-03 u_in=0.38 west->east conv=True  newton= 32 gmres=  697    1.6s  (wall     4.9s)
[23/250] seed=523 quad       h0=2.93e-03 u_in=0.28 west->east conv=True  newton= 29 gmres=  542    0.9s  (wall     5.1s)
[24/250] seed=525 serpentine h0=3.24e-04 u_in=0.10 north->west conv=True  newton=  7 gmres=  116    0.3s  (wall     5.2s)
[25/250] seed=524 uniform    h0=9.63e-04 u_in=0.31 west->south conv=True  newton= 11 gmres=  103    0.4s  (wall     5.3s)
[26/250] seed=526 uturn      h0=3.34e-04 u_in=0.14 west->west conv=True  newton=  9 gmres=   93    0.2s  (wall     5.4s)
[27/250] seed=528 uniform    h0=5.52e-04 u_in=0.59 south->west conv=True  newton= 10 gmres=   83    0.3s  (wall     5.5s)
[28/250] seed=527 blobs      h0=8.91e-04 u_in=0.27 north->south conv=True  newton= 11 gmres=  142    0.5s  (wall     5.7s)
[29/250] seed=529 sin2d      h0=7.08e-04 u_in=1.77 west->south conv=True  newton= 14 gmres=  194    0.4s  (wall     5.8s)
[30/250] seed=530 quad       h0=4.13e-04 u_in=1.56 north->east conv=True  newton= 15 gmres=  199    0.4s  (wall     5.9s)
[31/250] seed=532 pins       h0=3.68e-04 u_in=0.11 west->east conv=True  newton=  8 gmres=   55    0.2s  (wall     6.0s)
[32/250] seed=533 uturn      h0=1.30e-03 u_in=1.49 west->west conv=True  newton= 17 gmres=  814    1.3s  (wall     7.2s)
[33/250] seed=535 quad       h0=5.22e-04 u_in=0.23 south->west conv=True  newton= 11 gmres=   74    0.3s  (wall     7.5s)
[34/250] seed=536 pins       h0=3.76e-04 u_in=0.15 west->east conv=True  newton=  9 gmres=   62    0.2s  (wall     7.8s)
[35/250] seed=537 quad       h0=2.18e-03 u_in=0.26 east->south conv=True  newton= 16 gmres=  240    0.5s  (wall     8.3s)
[36/250] seed=534 serpentine h0=2.42e-03 u_in=0.14 east->west conv=True  newton= 75 gmres= 1894    3.2s  (wall     9.2s)
[37/250] seed=539 quad       h0=8.18e-04 u_in=0.82 west->west conv=True  newton= 16 gmres=  217    0.5s  (wall     9.6s)
[38/250] seed=540 quad       h0=6.17e-04 u_in=0.11 east->north conv=True  newton= 11 gmres=   89    0.4s  (wall    10.0s)
[39/250] seed=541 quad       h0=7.28e-04 u_in=0.23 north->south conv=True  newton= 11 gmres=   99    0.5s  (wall    10.5s)
[40/250] seed=531 uturn      h0=2.57e-03 u_in=0.44 west->west conv=False newton=200 gmres= 2825    5.3s  (wall    11.0s)
[41/250] seed=542 blobs      h0=2.36e-03 u_in=0.11 south->west conv=True  newton= 15 gmres=  248    0.7s  (wall    11.2s)
[42/250] seed=543 pins       h0=1.37e-03 u_in=0.38 east->west conv=True  newton= 14 gmres=  211    0.5s  (wall    11.5s)
[43/250] seed=500 serpentine h0=2.14e-03 u_in=0.69 north->south conv=False newton=200 gmres=10890   12.7s  (wall    13.0s)
[44/250] seed=545 quad       h0=1.97e-03 u_in=0.71 west->east conv=True  newton= 30 gmres=  738    1.8s  (wall    13.2s)
[45/250] seed=546 quad       h0=9.76e-04 u_in=0.30 south->west conv=True  newton= 14 gmres=  157    0.4s  (wall    13.4s)
[46/250] seed=538 sin2d      h0=2.72e-03 u_in=1.27 north->east conv=False newton=200 gmres= 3554    5.6s  (wall    13.8s)
[47/250] seed=548 quad       h0=1.17e-03 u_in=0.77 west->west conv=True  newton= 15 gmres=  194    0.4s  (wall    13.9s)
[48/250] seed=549 grf        h0=1.07e-03 u_in=0.16 west->north conv=True  newton= 10 gmres=  125    0.3s  (wall    14.2s)
[49/250] seed=547 quad       h0=1.23e-03 u_in=1.98 west->west conv=True  newton= 23 gmres=  464    1.2s  (wall    14.5s)
[50/250] seed=551 sin2d      h0=4.96e-04 u_in=1.04 south->east conv=True  newton= 12 gmres=  113    0.3s  (wall    14.5s)
[51/250] seed=552 uniform    h0=5.35e-04 u_in=0.46 west->south conv=True  newton= 11 gmres=   89    0.4s  (wall    14.8s)
[52/250] seed=553 serpentine h0=1.28e-03 u_in=0.25 north->west conv=True  newton= 16 gmres=  345    0.5s  (wall    15.0s)
[53/250] seed=555 grf        h0=3.09e-04 u_in=0.11 west->south conv=True  newton=  6 gmres=   48    0.2s  (wall    15.2s)
[54/250] seed=556 grf        h0=4.06e-04 u_in=0.14 north->east conv=True  newton=  6 gmres=   41    0.2s  (wall    15.4s)
[55/250] seed=554 serpentine h0=8.05e-04 u_in=0.12 south->west conv=True  newton= 10 gmres=  488    1.0s  (wall    15.8s)
[56/250] seed=544 sin2d      h0=2.28e-03 u_in=0.32 east->west conv=True  newton=129 gmres= 2554    4.9s  (wall    16.1s)
[57/250] seed=558 grf        h0=4.37e-04 u_in=0.56 north->west conv=True  newton= 10 gmres=   83    0.3s  (wall    16.1s)
[58/250] seed=560 pins       h0=3.07e-04 u_in=0.48 east->east conv=True  newton=  9 gmres=   89    0.3s  (wall    16.4s)
[59/250] seed=559 sin2d      h0=1.70e-03 u_in=1.21 south->east conv=True  newton= 25 gmres=  453    0.8s  (wall    16.8s)
[60/250] seed=561 sin2d      h0=1.88e-03 u_in=0.14 north->west conv=True  newton= 19 gmres=  293    0.6s  (wall    16.9s)
[61/250] seed=562 quad       h0=3.91e-04 u_in=1.43 north->east conv=True  newton= 10 gmres=   82    0.3s  (wall    17.1s)
[62/250] seed=564 uniform    h0=1.00e-03 u_in=0.28 north->west conv=True  newton= 11 gmres=  109    0.4s  (wall    17.5s)
[63/250] seed=557 uturn      h0=7.41e-04 u_in=0.12 west->west conv=True  newton= 24 gmres= 1777    2.2s  (wall    17.6s)
[64/250] seed=566 uturn      h0=1.96e-03 u_in=0.17 west->west conv=True  newton= 11 gmres=  291    0.5s  (wall    18.1s)
[65/250] seed=567 quad       h0=1.79e-03 u_in=0.22 north->south conv=True  newton= 20 gmres=  291    0.6s  (wall    18.7s)
[66/250] seed=550 blobs      h0=2.43e-03 u_in=1.86 east->west conv=True  newton=103 gmres= 3467    5.0s  (wall    18.8s)
[67/250] seed=569 quad       h0=4.49e-04 u_in=0.94 south->east conv=True  newton= 13 gmres=  112    0.3s  (wall    19.1s)
[68/250] seed=570 sin2d      h0=3.12e-04 u_in=0.31 north->south conv=True  newton= 10 gmres=   68    0.2s  (wall    19.3s)
[69/250] seed=571 blobs      h0=9.14e-04 u_in=0.50 north->west conv=True  newton= 12 gmres=  172    0.4s  (wall    19.7s)
[70/250] seed=563 sin2d      h0=2.41e-03 u_in=1.24 west->west conv=True  newton= 45 gmres= 2385    3.3s  (wall    20.3s)
[71/250] seed=572 uturn      h0=5.18e-04 u_in=1.44 west->west conv=True  newton= 15 gmres=  353    0.6s  (wall    20.3s)
[72/250] seed=574 sin2d      h0=2.08e-03 u_in=0.16 north->north conv=True  newton= 16 gmres=  216    0.5s  (wall    20.8s)
[73/250] seed=575 blobs      h0=7.74e-04 u_in=0.73 west->north conv=True  newton= 14 gmres=  149    0.3s  (wall    21.2s)
[74/250] seed=576 uniform    h0=2.17e-03 u_in=1.66 south->north conv=True  newton= 47 gmres= 1005    1.6s  (wall    22.8s)
[75/250] seed=568 serpentine h0=2.64e-03 u_in=0.18 south->south conv=True  newton=173 gmres= 3070    4.2s  (wall    22.8s)
[76/250] seed=565 serpentine h0=1.08e-03 u_in=1.86 east->north conv=False newton=200 gmres= 3627    5.4s  (wall    22.9s)
[77/250] seed=577 grf        h0=3.21e-04 u_in=0.66 north->north conv=True  newton=  8 gmres=   52    0.2s  (wall    23.0s)
[78/250] seed=578 pins       h0=4.87e-04 u_in=0.20 east->south conv=True  newton= 10 gmres=   67    0.3s  (wall    23.1s)
[79/250] seed=579 blobs      h0=2.63e-03 u_in=0.15 east->east conv=True  newton= 16 gmres=  174    0.4s  (wall    23.3s)
[80/250] seed=580 sin2d      h0=3.78e-04 u_in=0.12 west->south conv=True  newton=  8 gmres=   65    0.3s  (wall    23.3s)
[81/250] seed=581 uniform    h0=3.25e-04 u_in=0.45 north->east conv=True  newton=  9 gmres=   53    0.3s  (wall    23.4s)
[82/250] seed=583 quad       h0=6.51e-04 u_in=0.20 west->north conv=True  newton= 10 gmres=   87    0.3s  (wall    23.6s)
[83/250] seed=582 serpentine h0=4.34e-04 u_in=0.28 west->south conv=True  newton=  9 gmres=  125    0.3s  (wall    23.6s)
[84/250] seed=584 quad       h0=1.07e-03 u_in=0.76 south->west conv=True  newton= 14 gmres=  163    0.4s  (wall    23.8s)
[85/250] seed=586 pins       h0=1.03e-03 u_in=0.10 west->south conv=True  newton= 10 gmres=   90    0.3s  (wall    23.9s)
[86/250] seed=587 blobs      h0=3.09e-04 u_in=1.11 east->west conv=True  newton= 10 gmres=   88    0.3s  (wall    24.1s)
[87/250] seed=589 grf        h0=5.53e-04 u_in=1.04 north->west conv=True  newton= 13 gmres=  147    0.4s  (wall    24.5s)
[88/250] seed=585 uniform    h0=2.89e-03 u_in=0.45 east->south conv=True  newton= 26 gmres=  598    1.1s  (wall    24.7s)
[89/250] seed=590 uturn      h0=5.48e-04 u_in=0.92 west->west conv=True  newton= 14 gmres=  119    0.3s  (wall    24.7s)
[90/250] seed=591 uniform    h0=6.70e-04 u_in=0.17 east->south conv=True  newton= 10 gmres=   78    0.3s  (wall    25.0s)
[91/250] seed=573 serpentine h0=2.72e-03 u_in=1.15 west->north conv=False newton=200 gmres= 3253    4.7s  (wall    25.0s)
[92/250] seed=592 quad       h0=3.45e-04 u_in=0.23 west->east conv=True  newton= 10 gmres=   69    0.3s  (wall    25.0s)
[93/250] seed=594 uturn      h0=8.47e-04 u_in=0.51 west->west conv=True  newton= 12 gmres=  216    0.4s  (wall    25.4s)
[94/250] seed=588 uniform    h0=2.96e-03 u_in=0.74 south->north conv=True  newton= 58 gmres= 1075    1.7s  (wall    25.6s)
[95/250] seed=593 blobs      h0=2.22e-03 u_in=1.81 north->east conv=False newton=200 gmres= 2445    4.0s  (wall    28.9s)
[96/250] seed=598 uniform    h0=2.84e-03 u_in=0.23 south->west conv=True  newton= 29 gmres=  463    0.9s  (wall    29.8s)
[97/250] seed=595 pins       h0=2.76e-03 u_in=1.84 north->south conv=False newton=200 gmres= 3465    5.1s  (wall    30.1s)
[98/250] seed=596 serpentine h0=6.38e-04 u_in=0.91 north->north conv=False newton=200 gmres= 3527    4.8s  (wall    30.2s)
[99/250] seed=599 uniform    h0=1.45e-03 u_in=0.30 south->west conv=True  newton= 14 gmres=  171    0.5s  (wall    30.2s)
[100/250] seed=600 quad       h0=3.04e-04 u_in=1.15 west->north conv=True  newton=  9 gmres=   56    0.2s  (wall    30.3s)
[101/250] seed=601 quad       h0=3.02e-04 u_in=0.74 south->east conv=True  newton= 10 gmres=   69    0.2s  (wall    30.5s)
[102/250] seed=603 uniform    h0=7.20e-04 u_in=0.17 west->east conv=True  newton= 10 gmres=   80    0.3s  (wall    30.6s)
[103/250] seed=604 sin2d      h0=3.05e-04 u_in=0.10 west->east conv=True  newton=  8 gmres=   72    0.3s  (wall    30.7s)
[104/250] seed=606 serpentine h0=1.62e-03 u_in=0.11 south->east conv=True  newton= 11 gmres=  260    0.4s  (wall    31.2s)
[105/250] seed=605 sin2d      h0=2.01e-03 u_in=0.61 west->north conv=True  newton= 21 gmres=  464    0.8s  (wall    31.4s)
[106/250] seed=602 sin2d      h0=2.31e-03 u_in=1.18 east->north conv=True  newton= 34 gmres=  763    1.2s  (wall    31.5s)
[107/250] seed=609 blobs      h0=4.23e-04 u_in=0.58 north->west conv=True  newton= 10 gmres=   99    0.3s  (wall    31.7s)
[108/250] seed=608 quad       h0=1.89e-03 u_in=0.20 north->south conv=True  newton= 15 gmres=  221    0.4s  (wall    31.8s)
[109/250] seed=610 grf        h0=7.98e-04 u_in=0.11 east->north conv=True  newton=  9 gmres=   68    0.3s  (wall    32.0s)
[110/250] seed=607 blobs      h0=1.31e-03 u_in=1.93 north->west conv=True  newton= 25 gmres=  694    1.0s  (wall    32.2s)
[111/250] seed=611 pins       h0=1.92e-03 u_in=0.26 north->east conv=True  newton= 17 gmres=  224    0.5s  (wall    32.3s)
[112/250] seed=612 serpentine h0=6.11e-04 u_in=0.69 west->north conv=True  newton= 13 gmres=  209    0.4s  (wall    32.4s)
[113/250] seed=614 serpentine h0=3.79e-04 u_in=0.50 west->east conv=True  newton= 11 gmres=  133    0.3s  (wall    32.6s)
[114/250] seed=615 pins       h0=6.27e-04 u_in=0.34 south->west conv=True  newton= 10 gmres=   86    0.3s  (wall    32.7s)
[115/250] seed=613 quad       h0=1.87e-03 u_in=0.96 south->south conv=True  newton= 23 gmres=  469    0.8s  (wall    33.0s)
[116/250] seed=617 serpentine h0=5.13e-04 u_in=0.32 west->east conv=True  newton= 10 gmres=  100    0.3s  (wall    33.0s)
[117/250] seed=616 grf        h0=2.20e-03 u_in=0.40 east->north conv=True  newton= 16 gmres=  332    0.7s  (wall    33.3s)
[118/250] seed=618 sin2d      h0=1.25e-03 u_in=0.21 north->north conv=True  newton= 13 gmres=  129    0.4s  (wall    33.3s)
[119/250] seed=597 serpentine h0=1.15e-03 u_in=0.35 south->north conv=True  newton=196 gmres= 5765    7.9s  (wall    33.5s)
[120/250] seed=619 quad       h0=9.32e-04 u_in=1.78 west->north conv=True  newton= 18 gmres=  319    0.6s  (wall    33.6s)
[121/250] seed=620 pins       h0=8.69e-04 u_in=0.46 south->east conv=True  newton= 12 gmres=  140    0.4s  (wall    33.7s)
[122/250] seed=622 quad       h0=3.41e-04 u_in=0.20 west->east conv=True  newton=  8 gmres=   57    0.2s  (wall    33.8s)
[123/250] seed=621 quad       h0=9.46e-04 u_in=1.76 north->west conv=True  newton= 19 gmres=  272    0.5s  (wall    33.8s)
[124/250] seed=624 quad       h0=3.63e-04 u_in=0.12 west->south conv=True  newton=  8 gmres=   58    0.3s  (wall    34.0s)
[125/250] seed=625 grf        h0=1.09e-03 u_in=0.15 east->east conv=True  newton= 13 gmres=  127    0.3s  (wall    34.1s)
[126/250] seed=626 pins       h0=2.25e-03 u_in=0.17 east->north conv=True  newton= 16 gmres=  249    0.5s  (wall    34.3s)
[127/250] seed=627 blobs      h0=9.77e-04 u_in=0.53 west->east conv=True  newton= 14 gmres=  180    0.4s  (wall    34.3s)
[128/250] seed=628 uniform    h0=1.10e-03 u_in=0.15 south->east conv=True  newton= 11 gmres=   88    0.3s  (wall    34.4s)
[129/250] seed=630 quad       h0=3.06e-04 u_in=0.14 north->north conv=True  newton=  8 gmres=   55    0.2s  (wall    34.5s)
[130/250] seed=631 sin2d      h0=3.94e-04 u_in=0.28 south->west conv=True  newton=  9 gmres=   65    0.3s  (wall    34.7s)
[131/250] seed=632 quad       h0=1.07e-03 u_in=0.40 west->north conv=True  newton= 13 gmres=  177    0.4s  (wall    34.9s)
[132/250] seed=634 quad       h0=1.12e-03 u_in=0.18 south->north conv=True  newton= 13 gmres=  128    0.3s  (wall    35.3s)
[133/250] seed=633 serpentine h0=1.78e-03 u_in=0.14 west->east conv=True  newton= 12 gmres=  626    0.9s  (wall    35.5s)
[134/250] seed=636 sin2d      h0=3.75e-04 u_in=0.13 east->west conv=True  newton=  9 gmres=   83    0.3s  (wall    35.8s)
[135/250] seed=637 sin2d      h0=4.58e-04 u_in=1.99 east->east conv=True  newton= 12 gmres=  110    0.3s  (wall    36.1s)
[136/250] seed=638 pins       h0=1.41e-03 u_in=1.06 east->south conv=True  newton= 20 gmres=  375    0.7s  (wall    36.8s)
[137/250] seed=635 serpentine h0=7.56e-04 u_in=1.01 south->south conv=False newton=200 gmres= 1886    3.0s  (wall    38.2s)
[138/250] seed=640 quad       h0=7.16e-04 u_in=0.45 east->south conv=True  newton= 11 gmres=   96    0.3s  (wall    38.5s)
[139/250] seed=639 blobs      h0=2.08e-03 u_in=0.20 south->north conv=True  newton=135 gmres= 3445    5.4s  (wall    42.3s)
[140/250] seed=642 sin2d      h0=1.02e-03 u_in=0.12 north->north conv=True  newton= 10 gmres=  106    0.4s  (wall    42.6s)
[141/250] seed=623 pins       h0=2.26e-03 u_in=1.89 west->north conv=False newton=200 gmres= 6412    9.2s  (wall    42.8s)
[142/250] seed=629 serpentine h0=3.72e-04 u_in=0.71 south->west conv=False newton=200 gmres= 6205    8.5s  (wall    42.9s)
[143/250] seed=643 uturn      h0=3.57e-04 u_in=0.69 west->west conv=True  newton= 12 gmres=  152    0.4s  (wall    43.1s)
[144/250] seed=645 sin2d      h0=4.59e-04 u_in=0.64 north->east conv=True  newton= 11 gmres=   92    0.4s  (wall    43.2s)
[145/250] seed=644 uturn      h0=5.76e-04 u_in=0.94 west->west conv=True  newton= 14 gmres=  242    0.4s  (wall    43.2s)
[146/250] seed=641 pins       h0=2.37e-03 u_in=0.97 west->west conv=False newton=200 gmres= 3136    4.8s  (wall    43.4s)
[147/250] seed=646 uturn      h0=6.74e-04 u_in=0.12 west->west conv=True  newton=  8 gmres=   64    0.3s  (wall    43.4s)
[148/250] seed=647 uniform    h0=3.37e-04 u_in=0.79 north->east conv=True  newton=  9 gmres=   69    0.3s  (wall    43.5s)
[149/250] seed=648 uniform    h0=6.37e-04 u_in=1.10 north->north conv=True  newton= 18 gmres=  250    0.5s  (wall    43.8s)
[150/250] seed=649 serpentine h0=1.95e-03 u_in=0.23 north->north conv=True  newton= 19 gmres=  393    0.6s  (wall    44.0s)
[151/250] seed=652 uturn      h0=3.36e-04 u_in=0.38 west->west conv=True  newton=  9 gmres=   71    0.2s  (wall    44.0s)
[152/250] seed=653 sin2d      h0=1.19e-03 u_in=0.13 east->north conv=True  newton= 14 gmres=  177    0.4s  (wall    44.3s)
[153/250] seed=650 blobs      h0=1.16e-03 u_in=1.02 east->south conv=True  newton= 17 gmres=  599    1.1s  (wall    44.5s)
[154/250] seed=655 sin2d      h0=3.14e-04 u_in=0.33 east->south conv=True  newton= 10 gmres=   69    0.3s  (wall    44.6s)
[155/250] seed=651 blobs      h0=2.22e-03 u_in=0.60 west->north conv=True  newton= 28 gmres= 1060    1.7s  (wall    45.2s)
[156/250] seed=657 quad       h0=1.46e-03 u_in=0.82 south->west conv=True  newton= 21 gmres=  404    0.7s  (wall    45.3s)
[157/250] seed=656 uniform    h0=1.86e-03 u_in=0.53 west->east conv=True  newton= 23 gmres=  393    0.8s  (wall    45.3s)
[158/250] seed=658 grf        h0=3.14e-04 u_in=0.74 west->south conv=True  newton= 12 gmres=   99    0.3s  (wall    45.5s)
[159/250] seed=659 blobs      h0=3.12e-04 u_in=0.62 west->south conv=True  newton= 10 gmres=  119    0.3s  (wall    45.6s)
[160/250] seed=662 grf        h0=3.67e-04 u_in=0.32 west->east conv=True  newton= 11 gmres=  116    0.3s  (wall    45.9s)
[161/250] seed=661 uniform    h0=1.06e-03 u_in=0.83 west->north conv=True  newton= 16 gmres=  258    0.5s  (wall    46.0s)
[162/250] seed=663 blobs      h0=3.91e-04 u_in=0.95 west->south conv=True  newton= 10 gmres=  102    0.2s  (wall    46.1s)
[163/250] seed=665 blobs      h0=5.45e-04 u_in=0.46 east->west conv=True  newton= 10 gmres=  167    0.5s  (wall    46.6s)
[164/250] seed=666 quad       h0=1.07e-03 u_in=0.30 east->west conv=True  newton= 12 gmres=  124    0.5s  (wall    47.0s)
[165/250] seed=654 quad       h0=2.94e-03 u_in=0.81 east->north conv=True  newton=193 gmres= 2829    4.8s  (wall    48.8s)
[166/250] seed=668 uturn      h0=1.32e-03 u_in=1.03 west->west conv=True  newton= 15 gmres=  796    1.2s  (wall    50.0s)
[167/250] seed=669 blobs      h0=3.79e-04 u_in=1.63 west->north conv=True  newton= 11 gmres=  193    0.4s  (wall    50.4s)
[168/250] seed=670 quad       h0=8.24e-04 u_in=0.19 west->south conv=True  newton= 11 gmres=   96    0.3s  (wall    50.7s)
[169/250] seed=660 grf        h0=2.25e-03 u_in=0.38 east->south conv=False newton=200 gmres= 3813    6.1s  (wall    51.4s)
[170/250] seed=664 serpentine h0=1.58e-03 u_in=0.25 south->north conv=False newton=200 gmres= 3946    5.5s  (wall    51.5s)
[171/250] seed=672 pins       h0=1.28e-03 u_in=0.13 north->south conv=True  newton= 12 gmres=  121    0.3s  (wall    51.7s)
[172/250] seed=673 blobs      h0=1.42e-03 u_in=1.08 south->north conv=True  newton= 19 gmres=  470    0.7s  (wall    52.2s)
[173/250] seed=667 uturn      h0=2.16e-03 u_in=0.48 west->west conv=True  newton=198 gmres= 3959    6.6s  (wall    53.6s)
[174/250] seed=676 uniform    h0=9.35e-04 u_in=0.12 east->north conv=True  newton= 10 gmres=   77    0.3s  (wall    54.0s)
[175/250] seed=677 quad       h0=1.44e-03 u_in=0.76 west->east conv=True  newton= 18 gmres=  359    0.6s  (wall    54.6s)
[176/250] seed=674 serpentine h0=1.64e-03 u_in=0.73 east->south conv=False newton=200 gmres= 1983    3.0s  (wall    54.7s)
[177/250] seed=679 serpentine h0=4.16e-04 u_in=0.12 east->west conv=True  newton=  9 gmres=   91    0.2s  (wall    54.9s)
[178/250] seed=678 serpentine h0=1.34e-03 u_in=0.11 east->north conv=True  newton= 13 gmres=  219    0.4s  (wall    55.0s)
[179/250] seed=680 blobs      h0=4.03e-04 u_in=0.49 west->north conv=True  newton= 12 gmres=  118    0.3s  (wall    55.3s)
[180/250] seed=681 serpentine h0=6.09e-04 u_in=1.08 east->west conv=True  newton= 13 gmres=  237    0.4s  (wall    55.4s)
[181/250] seed=682 pins       h0=1.36e-03 u_in=0.11 east->west conv=True  newton= 11 gmres=  100    0.3s  (wall    55.5s)
[182/250] seed=684 sin2d      h0=1.08e-03 u_in=0.38 north->west conv=True  newton= 15 gmres=  166    0.4s  (wall    55.9s)
[183/250] seed=685 uturn      h0=1.29e-03 u_in=0.23 west->west conv=True  newton= 12 gmres=  279    0.5s  (wall    56.4s)
[184/250] seed=686 blobs      h0=9.96e-04 u_in=0.45 north->north conv=True  newton= 12 gmres=  132    0.4s  (wall    56.8s)
[185/250] seed=671 quad       h0=2.84e-03 u_in=1.70 east->north conv=True  newton=187 gmres= 3657    6.5s  (wall    57.2s)
[186/250] seed=687 pins       h0=2.09e-03 u_in=0.26 west->east conv=True  newton= 17 gmres=  305    0.6s  (wall    57.3s)
[187/250] seed=688 uniform    h0=9.07e-04 u_in=0.33 west->north conv=True  newton= 12 gmres=  132    0.3s  (wall    57.6s)
[188/250] seed=689 quad       h0=1.82e-03 u_in=0.19 west->south conv=True  newton= 14 gmres=  175    0.4s  (wall    57.7s)
[189/250] seed=691 quad       h0=8.52e-04 u_in=0.12 south->north conv=True  newton= 10 gmres=   79    0.3s  (wall    58.0s)
[190/250] seed=692 serpentine h0=4.18e-04 u_in=0.17 west->south conv=True  newton=  9 gmres=  113    0.3s  (wall    58.2s)
[191/250] seed=693 pins       h0=4.20e-04 u_in=0.84 south->north conv=True  newton= 11 gmres=   82    0.3s  (wall    58.5s)
[192/250] seed=694 quad       h0=3.94e-04 u_in=0.76 west->east conv=True  newton= 12 gmres=  102    0.3s  (wall    58.9s)
[193/250] seed=695 uniform    h0=6.23e-04 u_in=1.71 west->east conv=True  newton= 15 gmres=  183    0.4s  (wall    59.3s)
[194/250] seed=696 grf        h0=4.98e-04 u_in=0.28 north->south conv=True  newton= 11 gmres=  130    0.4s  (wall    59.6s)
[195/250] seed=697 pins       h0=6.96e-04 u_in=1.39 west->east conv=True  newton= 14 gmres=  184    0.4s  (wall    60.1s)
[196/250] seed=698 pins       h0=2.38e-03 u_in=0.28 north->east conv=True  newton= 18 gmres=  435    0.8s  (wall    60.8s)
[197/250] seed=683 blobs      h0=2.77e-03 u_in=0.97 south->north conv=False newton=200 gmres= 3862    5.6s  (wall    60.9s)
[198/250] seed=700 sin2d      h0=5.41e-04 u_in=1.61 east->south conv=True  newton= 15 gmres=  195    0.4s  (wall    61.4s)
[199/250] seed=699 blobs      h0=5.92e-04 u_in=1.23 north->west conv=True  newton= 14 gmres=  293    0.6s  (wall    61.4s)
[200/250] seed=702 uniform    h0=4.66e-04 u_in=0.57 west->east conv=True  newton= 12 gmres=   89    0.3s  (wall    61.7s)
[201/250] seed=703 blobs      h0=1.80e-03 u_in=0.45 east->south conv=True  newton= 18 gmres=  370    0.7s  (wall    62.4s)
[202/250] seed=690 serpentine h0=2.73e-03 u_in=0.23 south->east conv=False newton=200 gmres= 3705    5.4s  (wall    63.0s)
[203/250] seed=705 sin2d      h0=3.62e-04 u_in=0.71 east->south conv=True  newton= 11 gmres=  111    0.4s  (wall    63.3s)
[204/250] seed=706 pins       h0=7.99e-04 u_in=0.47 west->east conv=True  newton= 11 gmres=  134    0.3s  (wall    63.6s)
[205/250] seed=707 quad       h0=1.17e-03 u_in=0.43 north->south conv=True  newton= 11 gmres=  119    0.3s  (wall    64.0s)
[206/250] seed=675 serpentine h0=2.80e-03 u_in=0.36 west->north conv=False newton=200 gmres= 8800   13.1s  (wall    65.3s)
[207/250] seed=709 pins       h0=1.20e-03 u_in=0.43 north->west conv=True  newton= 14 gmres=  187    0.4s  (wall    65.7s)
[208/250] seed=708 grf        h0=2.95e-03 u_in=1.54 east->south conv=True  newton= 50 gmres= 1156    2.0s  (wall    65.9s)
[209/250] seed=710 grf        h0=3.69e-04 u_in=0.92 west->north conv=True  newton= 13 gmres=  117    0.3s  (wall    66.0s)
[210/250] seed=711 quad       h0=6.07e-04 u_in=1.64 north->west conv=True  newton= 13 gmres=  129    0.3s  (wall    66.3s)
[211/250] seed=712 uniform    h0=4.07e-04 u_in=0.24 east->west conv=True  newton= 10 gmres=   70    0.3s  (wall    66.3s)
[212/250] seed=714 blobs      h0=3.70e-04 u_in=0.19 north->north conv=True  newton=  8 gmres=   64    0.2s  (wall    66.6s)
[213/250] seed=713 grf        h0=9.16e-04 u_in=1.39 east->south conv=True  newton= 16 gmres=  229    0.5s  (wall    66.7s)
[214/250] seed=715 quad       h0=4.21e-04 u_in=1.39 east->north conv=True  newton= 11 gmres=   93    0.3s  (wall    66.8s)
[215/250] seed=717 uniform    h0=8.42e-04 u_in=0.16 north->east conv=True  newton= 12 gmres=   94    0.3s  (wall    67.1s)
[216/250] seed=718 serpentine h0=7.87e-04 u_in=0.48 south->north conv=True  newton= 13 gmres=  268    0.4s  (wall    67.5s)
[217/250] seed=716 grf        h0=2.39e-03 u_in=0.81 south->east conv=True  newton= 25 gmres=  550    0.8s  (wall    67.6s)
[218/250] seed=704 serpentine h0=2.21e-03 u_in=0.78 east->south conv=False newton=200 gmres= 3499    5.2s  (wall    67.6s)
[219/250] seed=720 blobs      h0=3.75e-04 u_in=0.32 west->south conv=True  newton=  9 gmres=   64    0.2s  (wall    67.8s)
[220/250] seed=719 uturn      h0=7.97e-04 u_in=0.73 west->west conv=True  newton= 16 gmres=  404    0.7s  (wall    68.2s)
[221/250] seed=722 grf        h0=2.36e-03 u_in=0.35 east->south conv=True  newton= 16 gmres=  304    0.6s  (wall    68.4s)
[222/250] seed=721 uturn      h0=5.14e-04 u_in=1.70 west->west conv=True  newton= 23 gmres=  622    1.1s  (wall    68.7s)
[223/250] seed=725 uniform    h0=2.22e-03 u_in=0.17 north->south conv=True  newton= 17 gmres=  245    0.5s  (wall    69.2s)
[224/250] seed=701 uniform    h0=2.70e-03 u_in=1.07 south->east conv=False newton=200 gmres= 4321    7.9s  (wall    69.2s)
[225/250] seed=724 quad       h0=2.24e-03 u_in=0.69 west->east conv=True  newton= 23 gmres=  498    0.9s  (wall    69.3s)
[226/250] seed=726 uniform    h0=8.98e-04 u_in=0.14 east->south conv=True  newton= 11 gmres=   87    0.3s  (wall    69.5s)
[227/250] seed=727 uniform    h0=2.03e-03 u_in=0.17 east->west conv=True  newton= 15 gmres=  199    0.5s  (wall    69.7s)
[228/250] seed=730 uturn      h0=1.42e-03 u_in=0.12 west->west conv=True  newton= 12 gmres=  127    0.3s  (wall    70.0s)
[229/250] seed=723 serpentine h0=8.55e-04 u_in=0.18 east->north conv=True  newton= 53 gmres= 3220    4.0s  (wall    72.2s)
[230/250] seed=732 uniform    h0=3.94e-04 u_in=1.39 north->west conv=True  newton= 12 gmres=   91    0.3s  (wall    72.5s)
[231/250] seed=733 pins       h0=1.91e-03 u_in=0.51 west->south conv=True  newton= 21 gmres=  492    0.8s  (wall    73.4s)
[232/250] seed=729 sin2d      h0=2.42e-03 u_in=1.91 north->north conv=True  newton= 64 gmres= 2875    4.2s  (wall    73.8s)
[233/250] seed=734 quad       h0=2.57e-03 u_in=0.55 north->east conv=True  newton= 24 gmres=  586    1.0s  (wall    74.4s)
[234/250] seed=736 quad       h0=6.42e-04 u_in=0.64 north->south conv=True  newton= 12 gmres=  108    0.3s  (wall    74.7s)
[235/250] seed=737 quad       h0=4.26e-04 u_in=0.36 east->south conv=True  newton= 12 gmres=   93    0.3s  (wall    75.0s)
[236/250] seed=728 serpentine h0=2.75e-03 u_in=1.24 south->north conv=False newton=200 gmres= 4715    6.8s  (wall    76.1s)
[237/250] seed=738 uturn      h0=1.17e-03 u_in=1.18 west->west conv=True  newton= 20 gmres=  819    1.3s  (wall    76.3s)
[238/250] seed=739 quad       h0=3.01e-04 u_in=1.06 west->west conv=True  newton= 10 gmres=   73    0.3s  (wall    76.4s)
[239/250] seed=740 sin2d      h0=1.68e-03 u_in=0.14 east->west conv=True  newton= 14 gmres=  166    0.5s  (wall    76.8s)
[240/250] seed=735 sin2d      h0=2.18e-03 u_in=1.91 east->north conv=True  newton=117 gmres= 2368    4.1s  (wall    77.8s)
[241/250] seed=743 uturn      h0=3.20e-04 u_in=0.16 west->west conv=True  newton=  7 gmres=   54    0.2s  (wall    78.0s)
[242/250] seed=731 uturn      h0=2.99e-03 u_in=1.83 west->west conv=True  newton= 74 gmres= 7810   10.1s  (wall    80.1s)
[243/250] seed=742 grf        h0=2.25e-03 u_in=0.66 north->east conv=True  newton=138 gmres= 2728    4.2s  (wall    81.1s)
[244/250] seed=744 blobs      h0=2.40e-03 u_in=1.30 north->east conv=False newton=200 gmres= 1901    3.4s  (wall    81.4s)
[245/250] seed=747 uniform    h0=1.12e-03 u_in=1.19 north->north conv=True  newton= 18 gmres=  275    0.5s  (wall    81.9s)
[246/250] seed=746 uturn      h0=1.08e-03 u_in=1.48 west->west conv=True  newton= 15 gmres=  538    1.1s  (wall    82.1s)
[247/250] seed=749 sin2d      h0=4.40e-04 u_in=0.77 south->south conv=True  newton= 11 gmres=   94    0.4s  (wall    82.6s)
[248/250] seed=741 uturn      h0=8.77e-04 u_in=0.35 west->west conv=False newton=200 gmres= 4581    6.3s  (wall    82.6s)
[249/250] seed=748 uturn      h0=1.20e-03 u_in=0.60 west->west conv=True  newton= 61 gmres= 2292    3.5s  (wall    85.4s)
[250/250] seed=745 serpentine h0=1.90e-03 u_in=1.76 east->east conv=False newton=200 gmres= 6137    8.5s  (wall    88.6s)
done: 1 shards -> experiments/nsbm/data
=== chunk seed0=750 n=250 workers=4 (other load ~17 cores) 00:56:40
generate n=250 seed0=750 workers=4 out=experiments/nsbm/data
[1/250] seed=751 blobs      h0=7.47e-04 u_in=0.21 west->south conv=True  newton= 13 gmres=  107    0.4s  (wall     0.7s)
[2/250] seed=753 quad       h0=5.09e-04 u_in=0.15 west->west conv=True  newton=  9 gmres=   67    0.4s  (wall     0.8s)
[3/250] seed=750 uturn      h0=4.26e-04 u_in=0.63 west->west conv=True  newton= 13 gmres=  206    0.6s  (wall     1.0s)
[4/250] seed=752 quad       h0=1.51e-03 u_in=0.41 south->north conv=True  newton= 18 gmres=  225    0.9s  (wall     1.3s)
[5/250] seed=756 uturn      h0=5.74e-04 u_in=0.39 west->west conv=True  newton= 11 gmres=  120    0.4s  (wall     1.4s)
[6/250] seed=754 grf        h0=8.18e-04 u_in=1.74 north->south conv=True  newton= 23 gmres=  439    0.7s  (wall     1.4s)
[7/250] seed=757 blobs      h0=7.65e-04 u_in=0.15 north->south conv=True  newton= 11 gmres=  134    0.5s  (wall     1.8s)
[8/250] seed=759 serpentine h0=6.89e-04 u_in=0.79 west->north conv=True  newton= 13 gmres=  180    0.4s  (wall     1.8s)
[9/250] seed=761 serpentine h0=7.38e-04 u_in=0.32 north->west conv=True  newton= 11 gmres=  208    0.3s  (wall     2.1s)
[10/250] seed=760 sin2d      h0=7.95e-04 u_in=0.29 south->east conv=True  newton= 12 gmres=  175    0.5s  (wall     2.3s)
[11/250] seed=762 grf        h0=7.74e-04 u_in=0.20 west->east conv=True  newton= 12 gmres=  130    0.3s  (wall     2.5s)
[12/250] seed=763 blobs      h0=8.02e-04 u_in=0.24 south->north conv=True  newton= 11 gmres=  126    0.4s  (wall     2.8s)
[13/250] seed=765 blobs      h0=5.12e-04 u_in=0.92 north->west conv=True  newton= 12 gmres=  194    0.5s  (wall     3.3s)
[14/250] seed=755 grf        h0=2.55e-03 u_in=0.37 north->north conv=False newton=200 gmres= 3165    5.6s  (wall     6.4s)
[15/250] seed=758 serpentine h0=7.40e-04 u_in=0.92 south->east conv=False newton=200 gmres= 2103    5.1s  (wall     6.5s)
[16/250] seed=766 pins       h0=1.67e-03 u_in=0.91 east->south conv=True  newton= 40 gmres= 2041    4.0s  (wall     7.3s)
[17/250] seed=769 uturn      h0=1.40e-03 u_in=0.44 west->west conv=True  newton= 15 gmres=  142    0.3s  (wall     7.6s)
[18/250] seed=770 pins       h0=1.14e-03 u_in=1.46 south->east conv=True  newton= 19 gmres=  402    0.7s  (wall     8.4s)
[19/250] seed=771 uturn      h0=8.27e-04 u_in=0.26 west->west conv=True  newton= 20 gmres=  605    0.9s  (wall     9.2s)
[20/250] seed=772 uniform    h0=1.58e-03 u_in=0.22 west->east conv=True  newton= 13 gmres=  153    0.4s  (wall     9.6s)
[21/250] seed=764 serpentine h0=1.77e-03 u_in=0.39 south->east conv=False newton=200 gmres= 5267    7.3s  (wall     9.8s)
[22/250] seed=773 pins       h0=2.25e-03 u_in=0.39 west->east conv=True  newton= 23 gmres=  439    0.7s  (wall    10.3s)
[23/250] seed=768 serpentine h0=1.54e-03 u_in=1.11 south->south conv=False newton=200 gmres= 1921    4.0s  (wall    10.6s)
[24/250] seed=775 blobs      h0=9.51e-04 u_in=0.22 east->north conv=True  newton= 12 gmres=  206    0.4s  (wall    10.7s)
[25/250] seed=777 blobs      h0=7.24e-04 u_in=0.60 north->east conv=True  newton= 18 gmres=  278    0.5s  (wall    11.2s)
[26/250] seed=778 blobs      h0=3.06e-04 u_in=0.21 east->north conv=True  newton=  8 gmres=   71    0.2s  (wall    11.5s)
[27/250] seed=779 serpentine h0=3.00e-04 u_in=0.51 east->north conv=True  newton=  9 gmres=   79    0.2s  (wall    11.7s)
[28/250] seed=780 pins       h0=1.14e-03 u_in=0.21 east->west conv=True  newton= 13 gmres=  126    0.3s  (wall    12.1s)
[29/250] seed=781 pins       h0=5.05e-04 u_in=0.16 east->west conv=True  newton=  8 gmres=   60    0.2s  (wall    12.3s)
[30/250] seed=782 sin2d      h0=4.83e-04 u_in=1.56 west->east conv=True  newton= 16 gmres=  235    0.5s  (wall    12.8s)
[31/250] seed=783 blobs      h0=1.08e-03 u_in=0.15 west->north conv=True  newton= 11 gmres=  122    0.3s  (wall    13.1s)
[32/250] seed=767 grf        h0=1.10e-03 u_in=0.86 north->south conv=False newton=200 gmres= 3864    6.9s  (wall    13.3s)
[33/250] seed=784 blobs      h0=7.45e-04 u_in=1.11 east->south conv=True  newton= 14 gmres=  169    0.4s  (wall    13.4s)
[34/250] seed=786 quad       h0=3.65e-04 u_in=1.52 south->west conv=True  newton= 11 gmres=  110    0.4s  (wall    13.9s)
[35/250] seed=787 pins       h0=8.39e-04 u_in=0.56 west->north conv=True  newton= 13 gmres=  146    0.4s  (wall    14.2s)
[36/250] seed=788 uturn      h0=2.23e-03 u_in=0.16 west->west conv=True  newton= 12 gmres=  603    0.8s  (wall    15.1s)
[37/250] seed=789 uturn      h0=4.91e-04 u_in=0.66 west->west conv=True  newton= 12 gmres=  149    0.3s  (wall    15.4s)
[38/250] seed=790 uniform    h0=2.34e-03 u_in=0.25 north->south conv=True  newton= 19 gmres=  283    0.5s  (wall    15.9s)
[39/250] seed=791 uniform    h0=6.00e-04 u_in=0.21 south->west conv=True  newton=  9 gmres=   58    0.2s  (wall    16.1s)
[40/250] seed=792 pins       h0=5.05e-04 u_in=1.41 north->east conv=True  newton= 13 gmres=  156    0.4s  (wall    16.5s)
[41/250] seed=793 uturn      h0=1.93e-03 u_in=0.15 west->west conv=True  newton= 25 gmres= 1041    1.3s  (wall    17.8s)
[42/250] seed=774 serpentine h0=1.21e-03 u_in=1.08 west->north conv=False newton=200 gmres= 5580    8.4s  (wall    18.2s)
[43/250] seed=795 pins       h0=4.47e-04 u_in=0.31 north->west conv=True  newton=  9 gmres=   70    0.3s  (wall    18.5s)
[44/250] seed=796 sin2d      h0=5.26e-04 u_in=0.18 east->south conv=True  newton=  9 gmres=   72    0.3s  (wall    18.7s)
[45/250] seed=776 serpentine h0=1.16e-03 u_in=1.50 west->east conv=False newton=200 gmres= 6359    8.2s  (wall    18.7s)
[46/250] seed=785 serpentine h0=2.23e-03 u_in=0.43 east->west conv=False newton=200 gmres= 3862    5.7s  (wall    19.0s)
[47/250] seed=798 grf        h0=1.20e-03 u_in=0.20 east->east conv=True  newton= 13 gmres=  126    0.3s  (wall    19.1s)
[48/250] seed=800 uniform    h0=3.09e-04 u_in=0.41 east->south conv=True  newton=  9 gmres=   54    0.2s  (wall    19.3s)
[49/250] seed=801 grf        h0=5.98e-04 u_in=0.21 west->west conv=True  newton=  7 gmres=   49    0.2s  (wall    19.5s)
[50/250] seed=799 grf        h0=1.40e-03 u_in=1.31 east->north conv=True  newton= 15 gmres=  258    0.6s  (wall    19.5s)
[51/250] seed=803 pins       h0=9.66e-04 u_in=0.32 north->west conv=True  newton= 13 gmres=  134    0.4s  (wall    19.9s)
[52/250] seed=802 grf        h0=7.70e-04 u_in=0.13 south->south conv=True  newton= 11 gmres=  168    0.4s  (wall    19.9s)
[53/250] seed=805 quad       h0=3.79e-04 u_in=0.17 west->south conv=True  newton=  9 gmres=   79    0.2s  (wall    20.2s)
[54/250] seed=806 grf        h0=4.54e-04 u_in=0.51 east->east conv=True  newton= 13 gmres=  118    0.3s  (wall    20.5s)
[55/250] seed=804 grf        h0=1.48e-03 u_in=1.84 south->west conv=True  newton= 36 gmres=  900    1.5s  (wall    21.4s)
[56/250] seed=808 pins       h0=6.80e-04 u_in=0.75 east->north conv=True  newton= 12 gmres=  150    0.4s  (wall    21.8s)
[57/250] seed=809 quad       h0=1.91e-03 u_in=0.17 north->east conv=True  newton= 17 gmres=  208    0.5s  (wall    22.4s)
[58/250] seed=810 uniform    h0=6.14e-04 u_in=0.54 east->west conv=True  newton= 11 gmres=   93    0.3s  (wall    22.7s)
[59/250] seed=811 uniform    h0=1.22e-03 u_in=0.17 south->west conv=True  newton= 13 gmres=  121    0.3s  (wall    23.0s)
[60/250] seed=794 blobs      h0=2.01e-03 u_in=1.63 east->south conv=False newton=200 gmres= 3597    5.2s  (wall    23.0s)
[61/250] seed=813 grf        h0=9.74e-04 u_in=0.13 east->west conv=True  newton= 12 gmres=  131    0.3s  (wall    23.4s)
[62/250] seed=812 pins       h0=6.68e-04 u_in=0.71 north->north conv=True  newton= 13 gmres=  118    0.5s  (wall    23.5s)
[63/250] seed=814 sin2d      h0=3.82e-04 u_in=0.57 north->west conv=True  newton= 10 gmres=   78    0.3s  (wall    23.6s)
[64/250] seed=807 uturn      h0=2.16e-03 u_in=0.36 west->west conv=True  newton= 30 gmres= 2550    3.4s  (wall    23.9s)
[65/250] seed=816 sin2d      h0=9.77e-04 u_in=0.36 north->west conv=True  newton= 14 gmres=  182    0.4s  (wall    24.0s)
[66/250] seed=815 blobs      h0=2.87e-03 u_in=0.99 north->east conv=True  newton= 57 gmres= 1357    2.6s  (wall    26.1s)
[67/250] seed=797 blobs      h0=7.55e-04 u_in=1.13 east->west conv=False newton=200 gmres= 5652    8.5s  (wall    27.3s)
[68/250] seed=818 serpentine h0=4.27e-04 u_in=0.19 west->south conv=True  newton= 66 gmres= 2506    3.4s  (wall    27.4s)
[69/250] seed=821 sin2d      h0=8.09e-04 u_in=0.85 south->north conv=True  newton= 15 gmres=  184    0.4s  (wall    27.9s)
[70/250] seed=822 serpentine h0=5.78e-04 u_in=1.22 east->west conv=True  newton= 12 gmres=  476    0.7s  (wall    28.6s)
[71/250] seed=817 serpentine h0=1.75e-03 u_in=0.64 west->north conv=False newton=200 gmres= 3971    5.4s  (wall    29.3s)
[72/250] seed=823 uniform    h0=2.36e-03 u_in=0.39 north->north conv=True  newton= 28 gmres=  420    0.8s  (wall    29.4s)
[73/250] seed=824 pins       h0=6.57e-04 u_in=0.49 north->north conv=True  newton= 11 gmres=  117    0.3s  (wall    29.6s)
[74/250] seed=825 grf        h0=3.74e-04 u_in=0.46 west->west conv=True  newton= 14 gmres=  175    0.4s  (wall    29.7s)
[75/250] seed=826 blobs      h0=1.63e-03 u_in=0.12 east->west conv=True  newton= 11 gmres=  168    0.3s  (wall    29.9s)
[76/250] seed=819 serpentine h0=1.33e-03 u_in=0.40 east->north conv=True  newton= 26 gmres= 3478    4.1s  (wall    30.1s)
[77/250] seed=828 sin2d      h0=4.57e-04 u_in=0.10 west->east conv=True  newton=  8 gmres=   62    0.2s  (wall    30.2s)
[78/250] seed=827 uniform    h0=1.21e-03 u_in=0.82 south->south conv=True  newton= 16 gmres=  223    0.5s  (wall    30.2s)
[79/250] seed=820 serpentine h0=1.34e-03 u_in=1.56 south->north conv=False newton=200 gmres= 1992    3.0s  (wall    30.3s)
[80/250] seed=829 pins       h0=4.08e-04 u_in=0.48 north->south conv=True  newton=  9 gmres=   70    0.2s  (wall    30.4s)
[81/250] seed=830 sin2d      h0=3.72e-04 u_in=0.98 east->north conv=True  newton= 10 gmres=   89    0.3s  (wall    30.4s)
[82/250] seed=831 sin2d      h0=5.34e-04 u_in=0.10 north->south conv=True  newton=  9 gmres=   69    0.3s  (wall    30.4s)
[83/250] seed=833 uniform    h0=6.95e-04 u_in=0.31 north->east conv=True  newton= 10 gmres=   85    0.3s  (wall    30.7s)
[84/250] seed=834 blobs      h0=2.12e-03 u_in=0.21 east->east conv=True  newton= 16 gmres=  185    0.4s  (wall    30.8s)
[85/250] seed=837 grf        h0=3.04e-04 u_in=0.23 north->west conv=True  newton= 11 gmres=  112    0.3s  (wall    31.2s)
[86/250] seed=836 grf        h0=1.02e-03 u_in=0.32 west->north conv=True  newton= 17 gmres=  287    0.5s  (wall    31.2s)
[87/250] seed=839 pins       h0=3.15e-04 u_in=0.41 east->north conv=True  newton= 10 gmres=   70    0.3s  (wall    31.4s)
[88/250] seed=838 sin2d      h0=3.07e-04 u_in=1.46 south->north conv=True  newton= 11 gmres=   94    0.3s  (wall    31.5s)
[89/250] seed=841 pins       h0=4.71e-04 u_in=0.54 east->south conv=True  newton= 11 gmres=   91    0.3s  (wall    31.8s)
[90/250] seed=840 sin2d      h0=5.62e-04 u_in=0.92 south->east conv=True  newton= 15 gmres=  219    0.4s  (wall    31.9s)
[91/250] seed=843 blobs      h0=4.35e-04 u_in=0.10 south->east conv=True  newton=  9 gmres=  160    0.3s  (wall    32.2s)
[92/250] seed=844 grf        h0=3.86e-04 u_in=0.27 north->south conv=True  newton= 14 gmres=  130    0.3s  (wall    32.5s)
[93/250] seed=845 quad       h0=9.16e-04 u_in=1.87 north->north conv=True  newton= 17 gmres=  244    0.5s  (wall    33.0s)
[94/250] seed=846 grf        h0=1.04e-03 u_in=0.41 south->east conv=True  newton= 18 gmres=  252    0.5s  (wall    33.4s)
[95/250] seed=847 sin2d      h0=1.79e-03 u_in=0.12 east->east conv=True  newton= 13 gmres=  151    0.5s  (wall    33.9s)
[96/250] seed=848 uniform    h0=6.56e-04 u_in=0.11 north->east conv=True  newton=  8 gmres=   61    0.3s  (wall    34.2s)
[97/250] seed=849 blobs      h0=7.33e-04 u_in=0.22 north->west conv=True  newton= 10 gmres=  104    0.3s  (wall    34.4s)
[98/250] seed=850 grf        h0=7.06e-04 u_in=0.27 west->south conv=True  newton= 11 gmres=  138    0.3s  (wall    34.8s)
[99/250] seed=851 quad       h0=1.53e-03 u_in=0.20 south->north conv=True  newton= 14 gmres=  155    0.3s  (wall    35.1s)
[100/250] seed=835 serpentine h0=1.50e-03 u_in=0.26 south->west conv=False newton=200 gmres= 3504    4.9s  (wall    35.3s)
[101/250] seed=853 sin2d      h0=5.47e-04 u_in=0.72 north->west conv=True  newton= 12 gmres=  101    0.3s  (wall    35.6s)
[102/250] seed=854 uniform    h0=1.73e-03 u_in=0.14 south->west conv=True  newton= 13 gmres=  159    0.4s  (wall    36.0s)
[103/250] seed=855 blobs      h0=7.00e-04 u_in=1.94 south->south conv=True  newton= 16 gmres=  262    0.5s  (wall    36.5s)
[104/250] seed=856 grf        h0=3.90e-04 u_in=0.36 west->north conv=True  newton= 11 gmres=  184    0.4s  (wall    36.9s)
[105/250] seed=832 serpentine h0=3.27e-04 u_in=1.97 south->north conv=False newton=200 gmres= 5140    7.4s  (wall    37.7s)
[106/250] seed=858 sin2d      h0=1.35e-03 u_in=0.16 south->south conv=True  newton= 14 gmres=  180    0.6s  (wall    38.3s)
[107/250] seed=842 grf        h0=2.98e-03 u_in=1.53 north->west conv=False newton=200 gmres= 4193    7.2s  (wall    38.9s)
[108/250] seed=859 uniform    h0=1.70e-03 u_in=0.43 west->south conv=True  newton= 17 gmres=  226    0.7s  (wall    39.0s)
[109/250] seed=861 pins       h0=5.73e-04 u_in=0.11 south->west conv=True  newton= 10 gmres=   69    0.3s  (wall    39.3s)
[110/250] seed=862 pins       h0=1.31e-03 u_in=0.75 north->south conv=True  newton= 18 gmres=  282    0.5s  (wall    39.9s)
[111/250] seed=852 sin2d      h0=3.00e-03 u_in=1.97 north->north conv=True  newton=161 gmres= 3254    6.9s  (wall    42.0s)
[112/250] seed=863 serpentine h0=1.30e-03 u_in=0.58 south->west conv=False newton=200 gmres= 2900    4.4s  (wall    44.2s)
[113/250] seed=865 uniform    h0=1.52e-03 u_in=1.10 south->west conv=True  newton= 25 gmres=  462    0.8s  (wall    45.0s)
[114/250] seed=866 pins       h0=6.52e-04 u_in=0.29 east->north conv=True  newton= 11 gmres=  121    0.3s  (wall    45.3s)
[115/250] seed=867 uturn      h0=9.06e-04 u_in=0.16 west->west conv=True  newton= 10 gmres=  136    0.3s  (wall    45.6s)
[116/250] seed=868 grf        h0=8.68e-04 u_in=1.31 east->east conv=True  newton= 17 gmres=  222    0.4s  (wall    46.1s)
[117/250] seed=869 uturn      h0=1.15e-03 u_in=0.20 west->west conv=True  newton= 10 gmres=  144    0.3s  (wall    46.4s)
[118/250] seed=870 blobs      h0=3.75e-04 u_in=0.67 west->north conv=True  newton= 10 gmres=  106    0.3s  (wall    46.7s)
[119/250] seed=864 serpentine h0=7.85e-04 u_in=0.31 east->north conv=False newton=200 gmres= 3830    4.8s  (wall    46.8s)
[120/250] seed=872 pins       h0=3.01e-04 u_in=1.01 south->east conv=True  newton=  9 gmres=   79    0.3s  (wall    47.1s)
[121/250] seed=873 quad       h0=3.67e-04 u_in=0.70 south->east conv=True  newton= 11 gmres=   74    0.3s  (wall    47.3s)
[122/250] seed=874 uturn      h0=7.61e-04 u_in=0.18 west->west conv=True  newton=  9 gmres=  103    0.2s  (wall    47.6s)
[123/250] seed=871 uniform    h0=1.94e-03 u_in=1.39 west->north conv=True  newton= 25 gmres=  767    1.2s  (wall    47.9s)
[124/250] seed=876 grf        h0=4.79e-04 u_in=0.37 east->south conv=True  newton= 12 gmres=  136    0.3s  (wall    48.3s)
[125/250] seed=875 blobs      h0=2.73e-03 u_in=0.36 east->north conv=True  newton= 27 gmres=  698    0.9s  (wall    48.5s)
[126/250] seed=877 blobs      h0=1.23e-03 u_in=0.11 east->south conv=True  newton= 10 gmres=  128    0.3s  (wall    48.6s)
[127/250] seed=878 blobs      h0=7.42e-04 u_in=0.14 east->west conv=True  newton=  9 gmres=   92    0.3s  (wall    48.8s)
[128/250] seed=880 pins       h0=5.52e-04 u_in=0.17 west->north conv=True  newton= 10 gmres=   85    0.3s  (wall    49.0s)
[129/250] seed=857 blobs      h0=1.75e-03 u_in=0.56 east->south conv=False newton=200 gmres= 8370   12.2s  (wall    49.0s)
[130/250] seed=879 quad       h0=1.26e-03 u_in=1.62 north->south conv=True  newton= 23 gmres=  378    0.6s  (wall    49.2s)
[131/250] seed=882 grf        h0=3.37e-04 u_in=0.56 north->east conv=True  newton= 13 gmres=  118    0.3s  (wall    49.4s)
[132/250] seed=881 quad       h0=1.72e-03 u_in=0.54 east->east conv=True  newton= 16 gmres=  242    0.5s  (wall    49.5s)
[133/250] seed=885 quad       h0=1.06e-03 u_in=0.17 south->west conv=True  newton= 13 gmres=  168    0.4s  (wall    49.9s)
[134/250] seed=884 grf        h0=1.41e-03 u_in=1.65 north->west conv=True  newton= 23 gmres=  491    0.8s  (wall    50.2s)
[135/250] seed=886 blobs      h0=3.83e-04 u_in=0.31 east->north conv=True  newton=  9 gmres=   76    0.3s  (wall    50.2s)
[136/250] seed=887 pins       h0=5.66e-04 u_in=0.40 south->south conv=True  newton= 10 gmres=   89    0.3s  (wall    50.5s)
[137/250] seed=888 serpentine h0=3.20e-04 u_in=0.11 east->north conv=True  newton=  8 gmres=   69    0.3s  (wall    50.5s)
[138/250] seed=889 grf        h0=2.08e-03 u_in=0.19 west->north conv=True  newton= 16 gmres=  249    0.5s  (wall    51.0s)
[139/250] seed=890 uniform    h0=1.94e-03 u_in=0.26 east->north conv=True  newton= 17 gmres=  234    0.5s  (wall    51.0s)
[140/250] seed=891 serpentine h0=4.81e-04 u_in=0.12 south->north conv=True  newton=  9 gmres=  121    0.3s  (wall    51.3s)
[141/250] seed=860 blobs      h0=2.51e-03 u_in=1.46 south->east conv=False newton=200 gmres= 6955   12.6s  (wall    51.5s)
[142/250] seed=893 uturn      h0=1.01e-03 u_in=1.36 west->west conv=True  newton= 16 gmres=  918    1.2s  (wall    52.5s)
[143/250] seed=895 uturn      h0=7.46e-04 u_in=1.02 west->west conv=True  newton= 16 gmres=  396    0.6s  (wall    53.2s)
[144/250] seed=894 grf        h0=7.79e-04 u_in=1.35 west->east conv=True  newton= 34 gmres=  885    2.2s  (wall    53.7s)
[145/250] seed=897 quad       h0=5.79e-04 u_in=0.59 north->west conv=True  newton= 13 gmres=  146    0.6s  (wall    54.3s)
[146/250] seed=898 sin2d      h0=4.02e-04 u_in=0.92 south->east conv=True  newton= 12 gmres=  135    0.8s  (wall    55.1s)
[147/250] seed=892 serpentine h0=2.18e-03 u_in=0.14 west->south conv=False newton=200 gmres= 4255    5.7s  (wall    56.7s)
[148/250] seed=899 uturn      h0=6.72e-04 u_in=1.82 west->west conv=True  newton= 36 gmres= 1409    1.9s  (wall    56.9s)
[149/250] seed=896 uturn      h0=6.42e-04 u_in=1.71 west->west conv=False newton=200 gmres= 2761    4.2s  (wall    57.3s)
[150/250] seed=901 serpentine h0=2.59e-03 u_in=0.29 north->north conv=True  newton= 30 gmres= 1947    2.3s  (wall    59.2s)
[151/250] seed=900 uturn      h0=3.32e-04 u_in=1.52 west->west conv=True  newton= 54 gmres= 2385    2.8s  (wall    59.5s)
[152/250] seed=903 pins       h0=1.47e-03 u_in=0.57 west->west conv=True  newton= 17 gmres=  247    0.5s  (wall    59.7s)
[153/250] seed=904 blobs      h0=1.27e-03 u_in=0.43 east->west conv=True  newton= 13 gmres=  393    0.6s  (wall    60.1s)
[154/250] seed=906 serpentine h0=3.59e-04 u_in=0.39 south->east conv=True  newton=  9 gmres=   97    0.3s  (wall    60.4s)
[155/250] seed=907 grf        h0=3.35e-04 u_in=0.55 north->east conv=True  newton= 10 gmres=   69    0.2s  (wall    60.6s)
[156/250] seed=905 uturn      h0=1.68e-03 u_in=0.21 west->west conv=True  newton= 64 gmres= 2466    2.8s  (wall    62.5s)
[157/250] seed=909 uniform    h0=6.09e-04 u_in=0.34 north->west conv=True  newton= 12 gmres=   84    0.3s  (wall    62.7s)
[158/250] seed=910 pins       h0=1.52e-03 u_in=0.11 east->east conv=True  newton= 12 gmres=  128    0.3s  (wall    63.1s)
[159/250] seed=911 serpentine h0=5.05e-04 u_in=0.49 east->east conv=True  newton= 11 gmres=  127    0.3s  (wall    63.3s)
[160/250] seed=912 uturn      h0=5.10e-04 u_in=0.16 west->west conv=True  newton= 10 gmres=   67    0.2s  (wall    63.5s)
[161/250] seed=883 blobs      h0=2.83e-03 u_in=1.58 north->west conv=False newton=200 gmres=12052   14.4s  (wall    63.7s)
[162/250] seed=913 sin2d      h0=4.20e-04 u_in=0.12 west->south conv=True  newton=  9 gmres=   71    0.2s  (wall    63.8s)
[163/250] seed=914 pins       h0=3.81e-04 u_in=0.30 north->south conv=True  newton=  9 gmres=   75    0.2s  (wall    63.9s)
[164/250] seed=915 pins       h0=4.55e-04 u_in=0.67 west->north conv=True  newton= 11 gmres=   86    0.4s  (wall    64.2s)
[165/250] seed=916 pins       h0=1.07e-03 u_in=1.05 west->east conv=True  newton= 17 gmres=  328    0.5s  (wall    64.4s)
[166/250] seed=918 pins       h0=3.31e-04 u_in=1.06 east->south conv=True  newton= 11 gmres=   96    0.3s  (wall    64.7s)
[167/250] seed=917 blobs      h0=1.17e-03 u_in=0.23 west->west conv=True  newton= 14 gmres=  147    0.9s  (wall    65.1s)
[168/250] seed=908 serpentine h0=1.27e-03 u_in=1.60 north->west conv=False newton=200 gmres= 3347    4.6s  (wall    65.1s)
[169/250] seed=921 sin2d      h0=6.86e-04 u_in=0.18 east->east conv=True  newton= 10 gmres=  113    0.3s  (wall    65.4s)
[170/250] seed=922 blobs      h0=3.44e-04 u_in=0.37 east->east conv=True  newton= 10 gmres=  121    0.2s  (wall    65.7s)
[171/250] seed=919 grf        h0=1.88e-03 u_in=0.51 south->west conv=True  newton= 37 gmres=  664    1.0s  (wall    65.8s)
[172/250] seed=924 serpentine h0=9.37e-04 u_in=0.11 south->west conv=True  newton= 10 gmres=  150    0.4s  (wall    66.1s)
[173/250] seed=923 pins       h0=2.33e-03 u_in=0.41 south->west conv=True  newton= 23 gmres=  369    0.6s  (wall    66.3s)
[174/250] seed=926 serpentine h0=1.12e-03 u_in=0.11 east->north conv=True  newton= 10 gmres=  132    0.3s  (wall    66.6s)
[175/250] seed=925 quad       h0=1.06e-03 u_in=1.97 south->north conv=True  newton= 21 gmres=  401    0.6s  (wall    66.8s)
[176/250] seed=927 serpentine h0=3.50e-04 u_in=0.25 south->south conv=True  newton=  8 gmres=   73    0.2s  (wall    66.8s)
[177/250] seed=928 uniform    h0=5.95e-04 u_in=0.14 east->south conv=True  newton= 10 gmres=   72    0.2s  (wall    67.0s)
[178/250] seed=929 quad       h0=1.08e-03 u_in=1.00 east->west conv=True  newton= 15 gmres=  188    0.4s  (wall    67.2s)
[179/250] seed=930 sin2d      h0=2.24e-03 u_in=0.17 east->south conv=True  newton= 17 gmres=  247    0.4s  (wall    67.4s)
[180/250] seed=931 pins       h0=8.12e-04 u_in=0.55 east->east conv=True  newton= 13 gmres=  163    0.4s  (wall    67.6s)
[181/250] seed=932 sin2d      h0=7.85e-04 u_in=0.41 south->south conv=True  newton= 15 gmres=  183    0.4s  (wall    67.8s)
[182/250] seed=933 serpentine h0=7.84e-04 u_in=0.26 west->north conv=True  newton= 14 gmres= 1143    1.8s  (wall    69.3s)
[183/250] seed=935 blobs      h0=6.31e-04 u_in=0.23 east->north conv=True  newton=  9 gmres=  107    0.4s  (wall    69.7s)
[184/250] seed=920 uturn      h0=6.49e-04 u_in=0.44 west->west conv=False newton=200 gmres= 3089    4.9s  (wall    70.0s)
[185/250] seed=934 serpentine h0=2.36e-03 u_in=1.53 east->south conv=False newton=200 gmres= 5241    6.5s  (wall    74.4s)
[186/250] seed=937 serpentine h0=8.85e-04 u_in=0.92 east->north conv=False newton=200 gmres= 3032    4.6s  (wall    74.6s)
[187/250] seed=938 sin2d      h0=4.95e-04 u_in=1.42 south->north conv=True  newton= 13 gmres=  159    0.4s  (wall    74.7s)
[188/250] seed=936 pins       h0=1.51e-03 u_in=1.63 east->north conv=True  newton= 46 gmres= 2896    5.4s  (wall    75.2s)
[189/250] seed=939 uniform    h0=1.73e-03 u_in=1.30 south->south conv=True  newton= 30 gmres=  626    1.0s  (wall    75.6s)
[190/250] seed=942 blobs      h0=1.04e-03 u_in=0.69 east->east conv=True  newton= 13 gmres=  278    0.5s  (wall    76.1s)
[191/250] seed=943 serpentine h0=6.25e-04 u_in=0.68 south->east conv=True  newton= 12 gmres=  136    0.2s  (wall    76.3s)
[192/250] seed=941 sin2d      h0=2.78e-03 u_in=0.92 east->east conv=True  newton= 29 gmres=  960    1.4s  (wall    76.6s)
[193/250] seed=945 pins       h0=1.30e-03 u_in=0.14 north->west conv=True  newton= 11 gmres=  140    0.3s  (wall    76.9s)
[194/250] seed=944 quad       h0=1.25e-03 u_in=0.72 east->south conv=True  newton= 61 gmres= 1423    2.4s  (wall    78.8s)
[195/250] seed=947 uniform    h0=1.34e-03 u_in=0.82 east->south conv=True  newton= 18 gmres=  299    0.6s  (wall    79.4s)
[196/250] seed=948 serpentine h0=8.36e-04 u_in=0.13 north->east conv=True  newton= 11 gmres=  403    0.5s  (wall    79.9s)
[197/250] seed=946 uturn      h0=2.34e-03 u_in=0.12 west->west conv=True  newton= 68 gmres= 2953    3.2s  (wall    80.1s)
[198/250] seed=949 quad       h0=3.60e-04 u_in=0.39 north->north conv=True  newton=  9 gmres=   64    0.2s  (wall    80.1s)
[199/250] seed=950 pins       h0=3.98e-04 u_in=0.37 east->south conv=True  newton= 10 gmres=   74    0.2s  (wall    80.3s)
[200/250] seed=951 pins       h0=6.61e-04 u_in=1.94 south->north conv=True  newton= 15 gmres=  281    0.5s  (wall    80.6s)
[201/250] seed=952 uturn      h0=6.29e-04 u_in=0.56 west->west conv=True  newton= 12 gmres=  174    0.4s  (wall    80.7s)
[202/250] seed=953 pins       h0=6.78e-04 u_in=0.76 west->south conv=True  newton= 13 gmres=  141    0.3s  (wall    81.0s)
[203/250] seed=955 uniform    h0=9.39e-04 u_in=0.45 west->north conv=True  newton= 13 gmres=  142    0.3s  (wall    81.3s)
[204/250] seed=956 grf        h0=2.94e-03 u_in=0.18 east->east conv=True  newton= 18 gmres=  254    0.5s  (wall    81.8s)
[205/250] seed=957 uturn      h0=8.99e-04 u_in=1.47 west->west conv=True  newton= 17 gmres=  651    0.8s  (wall    82.6s)
[206/250] seed=958 quad       h0=1.69e-03 u_in=0.46 north->west conv=True  newton= 17 gmres=  239    0.4s  (wall    83.1s)
[207/250] seed=959 quad       h0=1.61e-03 u_in=0.42 north->west conv=True  newton= 18 gmres=  280    0.5s  (wall    83.6s)
[208/250] seed=960 grf        h0=2.79e-03 u_in=1.30 west->east conv=True  newton= 19 gmres=  494    0.8s  (wall    84.3s)
[209/250] seed=961 sin2d      h0=3.54e-04 u_in=0.18 east->north conv=True  newton=  8 gmres=   56    0.2s  (wall    84.6s)
[210/250] seed=962 sin2d      h0=6.21e-04 u_in=0.19 east->south conv=True  newton= 11 gmres=   90    0.3s  (wall    84.8s)
[211/250] seed=963 uniform    h0=2.87e-03 u_in=1.87 east->east conv=True  newton=167 gmres= 2293    3.8s  (wall    88.6s)
[212/250] seed=964 quad       h0=8.03e-04 u_in=0.11 east->west conv=True  newton= 10 gmres=   79    0.3s  (wall    88.9s)
[213/250] seed=965 uturn      h0=4.17e-04 u_in=0.39 west->west conv=False newton=200 gmres= 3064    4.7s  (wall    93.7s)
[214/250] seed=966 pins       h0=1.38e-03 u_in=0.17 east->south conv=True  newton= 12 gmres=  126    0.3s  (wall    94.0s)
[215/250] seed=967 sin2d      h0=5.17e-04 u_in=0.16 east->west conv=True  newton= 11 gmres=   86    0.3s  (wall    94.3s)
[216/250] seed=940 serpentine h0=1.47e-03 u_in=0.90 east->west conv=False newton=200 gmres=19610   19.8s  (wall    94.5s)
[217/250] seed=969 quad       h0=4.49e-04 u_in=0.28 south->north conv=True  newton=  9 gmres=   67    0.2s  (wall    94.8s)
[218/250] seed=968 grf        h0=2.07e-03 u_in=0.40 south->east conv=True  newton= 19 gmres=  392    0.7s  (wall    94.9s)
[219/250] seed=970 grf        h0=1.43e-03 u_in=0.11 south->west conv=True  newton= 14 gmres=  170    0.4s  (wall    95.1s)
[220/250] seed=902 serpentine h0=2.44e-03 u_in=1.09 west->north conv=False newton=200 gmres=39708   37.9s  (wall    95.2s)
[221/250] seed=971 sin2d      h0=1.32e-03 u_in=0.55 west->south conv=True  newton= 17 gmres=  327    0.6s  (wall    95.5s)
[222/250] seed=973 quad       h0=3.61e-04 u_in=0.52 east->north conv=True  newton= 13 gmres=  102    0.3s  (wall    95.5s)
[223/250] seed=972 sin2d      h0=1.78e-03 u_in=0.87 south->south conv=True  newton= 21 gmres=  387    0.6s  (wall    95.8s)
[224/250] seed=975 pins       h0=1.67e-03 u_in=0.43 east->north conv=True  newton= 19 gmres=  336    0.6s  (wall    96.1s)
[225/250] seed=976 sin2d      h0=5.03e-04 u_in=1.21 north->west conv=True  newton= 14 gmres=  151    0.3s  (wall    96.1s)
[226/250] seed=974 serpentine h0=1.28e-03 u_in=1.22 north->east conv=True  newton= 22 gmres=  677    0.9s  (wall    96.4s)
[227/250] seed=977 pins       h0=1.78e-03 u_in=0.34 north->west conv=True  newton= 17 gmres=  290    0.5s  (wall    96.6s)
[228/250] seed=979 pins       h0=7.14e-04 u_in=0.27 east->west conv=True  newton= 11 gmres=  101    0.3s  (wall    96.7s)
[229/250] seed=980 quad       h0=6.19e-04 u_in=1.67 north->south conv=True  newton= 15 gmres=  201    0.4s  (wall    97.0s)
[230/250] seed=981 uturn      h0=1.13e-03 u_in=0.50 west->west conv=True  newton= 12 gmres=  283    0.5s  (wall    97.2s)
[231/250] seed=978 sin2d      h0=2.30e-03 u_in=0.85 north->north conv=True  newton= 45 gmres=  889    1.3s  (wall    97.4s)
[232/250] seed=983 quad       h0=1.16e-03 u_in=0.31 north->east conv=True  newton= 12 gmres=  124    0.3s  (wall    97.5s)
[233/250] seed=985 serpentine h0=3.08e-04 u_in=0.22 west->south conv=True  newton=  8 gmres=  137    0.2s  (wall    97.8s)
[234/250] seed=984 sin2d      h0=1.05e-03 u_in=0.55 west->north conv=True  newton= 20 gmres=  296    0.5s  (wall    97.9s)
[235/250] seed=986 uturn      h0=4.39e-04 u_in=0.53 west->west conv=True  newton= 10 gmres=  104    0.3s  (wall    98.0s)
[236/250] seed=987 sin2d      h0=2.03e-03 u_in=0.66 south->west conv=True  newton= 24 gmres=  442    0.6s  (wall    98.6s)
[237/250] seed=989 pins       h0=7.18e-04 u_in=0.15 east->south conv=True  newton= 11 gmres=   78    0.3s  (wall    98.8s)
[238/250] seed=988 uniform    h0=1.59e-03 u_in=1.25 east->north conv=True  newton= 25 gmres=  574    0.8s  (wall    98.9s)
[239/250] seed=990 sin2d      h0=7.33e-04 u_in=1.20 east->north conv=True  newton= 14 gmres=  177    0.4s  (wall    99.2s)
[240/250] seed=992 uniform    h0=6.18e-04 u_in=1.39 north->south conv=True  newton= 17 gmres=  254    0.5s  (wall    99.7s)
[241/250] seed=993 uturn      h0=5.34e-04 u_in=0.16 west->west conv=True  newton= 10 gmres=  117    0.3s  (wall   100.0s)
[242/250] seed=994 blobs      h0=4.85e-04 u_in=0.17 east->west conv=True  newton=  9 gmres=   90    0.2s  (wall   100.3s)
[243/250] seed=982 serpentine h0=6.98e-04 u_in=1.78 east->south conv=True  newton= 64 gmres= 2942    3.5s  (wall   100.5s)
[244/250] seed=995 pins       h0=1.11e-03 u_in=0.34 west->east conv=True  newton= 14 gmres=  175    0.4s  (wall   100.6s)
[245/250] seed=996 pins       h0=7.60e-04 u_in=0.18 west->east conv=True  newton= 10 gmres=   82    0.3s  (wall   100.8s)
[246/250] seed=998 serpentine h0=6.25e-04 u_in=0.54 north->south conv=True  newton= 12 gmres=  784    1.0s  (wall   101.8s)
[247/250] seed=999 pins       h0=4.46e-04 u_in=0.85 south->west conv=True  newton= 12 gmres=   95    0.3s  (wall   102.1s)
[248/250] seed=991 uturn      h0=1.80e-03 u_in=0.57 west->west conv=True  newton= 32 gmres= 3298    3.9s  (wall   102.8s)
[249/250] seed=954 blobs      h0=2.17e-03 u_in=1.86 east->north conv=False newton=200 gmres=37808   37.7s  (wall   118.4s)
[250/250] seed=997 pins       h0=1.95e-03 u_in=1.73 north->south conv=False newton=200 gmres=37377   38.2s  (wall   138.8s)
done: 1 shards -> experiments/nsbm/data
=== chunk seed0=1000 n=250 workers=4 (other load ~20 cores) 00:58:59
generate n=250 seed0=1000 workers=4 out=experiments/nsbm/data
[1/250] seed=1001 blobs      h0=8.08e-04 u_in=0.27 west->south conv=True  newton= 10 gmres=   99    0.3s  (wall     0.8s)
[2/250] seed=1000 sin2d      h0=1.20e-03 u_in=0.41 north->east conv=True  newton= 15 gmres=  182    0.5s  (wall     0.8s)
[3/250] seed=1004 serpentine h0=4.05e-04 u_in=0.15 west->south conv=True  newton=  9 gmres=  112    0.3s  (wall     1.0s)
[4/250] seed=1005 grf        h0=2.56e-03 u_in=0.24 west->west conv=True  newton= 13 gmres=  146    0.4s  (wall     1.2s)
[5/250] seed=1003 quad       h0=5.42e-04 u_in=0.44 west->east conv=True  newton= 14 gmres=  185    0.8s  (wall     1.3s)
[6/250] seed=1006 uturn      h0=1.20e-03 u_in=0.24 west->west conv=True  newton= 11 gmres=  230    0.4s  (wall     1.4s)
[7/250] seed=1002 uturn      h0=6.83e-04 u_in=0.94 west->west conv=True  newton= 15 gmres=  357    1.1s  (wall     1.6s)
[8/250] seed=1009 serpentine h0=6.37e-04 u_in=0.12 west->north conv=True  newton=  8 gmres=   76    0.2s  (wall     1.7s)
[9/250] seed=1008 quad       h0=1.95e-03 u_in=0.19 west->west conv=True  newton= 16 gmres=  214    0.5s  (wall     1.8s)
[10/250] seed=1011 quad       h0=1.10e-03 u_in=0.19 east->east conv=True  newton= 11 gmres=  117    0.3s  (wall     2.0s)
[11/250] seed=1007 uniform    h0=1.96e-03 u_in=0.69 west->west conv=True  newton= 27 gmres=  484    0.8s  (wall     2.0s)
[12/250] seed=1013 sin2d      h0=3.60e-04 u_in=0.75 south->north conv=True  newton= 12 gmres=   95    0.3s  (wall     2.3s)
[13/250] seed=1015 uturn      h0=1.21e-03 u_in=0.68 west->west conv=True  newton= 13 gmres=  381    0.8s  (wall     3.1s)
[14/250] seed=1016 serpentine h0=8.31e-04 u_in=0.29 west->east conv=False newton=200 gmres= 3285    5.0s  (wall     8.0s)
[15/250] seed=1014 uturn      h0=1.16e-03 u_in=1.47 west->west conv=False newton=200 gmres= 3117    6.0s  (wall     8.1s)
[16/250] seed=1018 blobs      h0=3.15e-04 u_in=0.11 west->south conv=True  newton=  8 gmres=   57    0.3s  (wall     8.4s)
[17/250] seed=1010 serpentine h0=1.03e-03 u_in=1.56 west->east conv=False newton=200 gmres= 4292    6.8s  (wall     8.4s)
[18/250] seed=1017 blobs      h0=6.15e-04 u_in=1.40 east->south conv=True  newton= 14 gmres=  204    0.4s  (wall     8.4s)
[19/250] seed=1020 pins       h0=5.76e-04 u_in=0.13 north->east conv=True  newton=  9 gmres=   72    0.3s  (wall     8.7s)
[20/250] seed=1021 sin2d      h0=3.61e-04 u_in=1.95 east->north conv=True  newton= 11 gmres=  105    0.3s  (wall     8.8s)
[21/250] seed=1019 quad       h0=7.47e-04 u_in=0.40 west->north conv=True  newton= 13 gmres=  147    0.5s  (wall     8.9s)
[22/250] seed=1024 uturn      h0=5.44e-04 u_in=0.30 west->west conv=True  newton= 12 gmres=   94    0.4s  (wall     9.2s)
[23/250] seed=1022 pins       h0=2.49e-03 u_in=0.59 west->north conv=True  newton= 27 gmres=  915    1.5s  (wall    10.1s)
[24/250] seed=1025 serpentine h0=1.28e-03 u_in=0.16 south->north conv=True  newton= 10 gmres=  421    1.1s  (wall    10.3s)
[25/250] seed=1012 serpentine h0=1.81e-03 u_in=0.20 east->south conv=False newton=200 gmres= 5430    8.8s  (wall    10.5s)
[26/250] seed=1028 uturn      h0=7.30e-04 u_in=0.76 west->west conv=True  newton= 13 gmres=  398    0.6s  (wall    11.2s)
[27/250] seed=1027 uturn      h0=1.09e-03 u_in=0.54 west->west conv=True  newton= 12 gmres=  710    1.1s  (wall    11.4s)
[28/250] seed=1029 uturn      h0=2.00e-03 u_in=0.12 west->west conv=True  newton= 10 gmres=  221    0.4s  (wall    11.6s)
[29/250] seed=1023 quad       h0=2.42e-03 u_in=1.53 east->north conv=True  newton= 50 gmres= 1690    2.9s  (wall    11.7s)
[30/250] seed=1030 quad       h0=3.18e-04 u_in=1.14 west->west conv=True  newton= 11 gmres=   81    0.3s  (wall    11.7s)
[31/250] seed=1032 grf        h0=5.15e-04 u_in=1.98 south->east conv=True  newton= 16 gmres=  352    0.6s  (wall    12.3s)
[32/250] seed=1034 uturn      h0=4.35e-04 u_in=0.13 west->west conv=True  newton=  9 gmres=   86    0.2s  (wall    12.5s)
[33/250] seed=1026 uturn      h0=1.18e-03 u_in=0.18 west->west conv=True  newton= 65 gmres= 2003    2.8s  (wall    12.9s)
[34/250] seed=1035 sin2d      h0=7.20e-04 u_in=1.06 east->south conv=True  newton= 15 gmres=  183    0.4s  (wall    13.0s)
[35/250] seed=1031 uniform    h0=1.96e-03 u_in=1.60 east->west conv=True  newton= 38 gmres=  884    1.4s  (wall    13.0s)
[36/250] seed=1038 grf        h0=3.76e-04 u_in=0.33 east->north conv=True  newton= 11 gmres=  128    0.3s  (wall    13.4s)
[37/250] seed=1036 grf        h0=1.90e-03 u_in=0.44 east->north conv=True  newton= 14 gmres=  244    0.5s  (wall    13.4s)
[38/250] seed=1039 uturn      h0=9.07e-04 u_in=0.53 west->west conv=True  newton= 15 gmres=  458    0.7s  (wall    14.1s)
[39/250] seed=1037 grf        h0=6.11e-04 u_in=0.62 east->south conv=True  newton= 31 gmres=  757    1.2s  (wall    14.1s)
[40/250] seed=1040 quad       h0=1.82e-03 u_in=0.84 south->north conv=True  newton= 24 gmres=  477    0.8s  (wall    14.2s)
[41/250] seed=1042 pins       h0=7.07e-04 u_in=0.56 east->east conv=True  newton= 14 gmres=  120    0.4s  (wall    14.5s)
[42/250] seed=1041 blobs      h0=7.56e-04 u_in=1.41 south->north conv=True  newton= 15 gmres=  234    0.5s  (wall    14.6s)
[43/250] seed=1043 serpentine h0=3.79e-04 u_in=0.33 west->west conv=True  newton= 10 gmres=  111    0.3s  (wall    14.6s)
[44/250] seed=1044 quad       h0=2.17e-03 u_in=0.11 west->east conv=True  newton= 14 gmres=  179    0.4s  (wall    14.8s)
[45/250] seed=1045 serpentine h0=6.02e-04 u_in=0.86 south->east conv=True  newton= 16 gmres=  264    0.4s  (wall    15.0s)
[46/250] seed=1047 sin2d      h0=7.98e-04 u_in=0.27 north->west conv=True  newton= 13 gmres=  128    0.3s  (wall    15.2s)
[47/250] seed=1048 serpentine h0=3.94e-04 u_in=1.68 north->north conv=True  newton= 12 gmres=  200    0.3s  (wall    15.3s)
[48/250] seed=1050 quad       h0=5.96e-04 u_in=1.98 east->south conv=True  newton= 12 gmres=  125    0.4s  (wall    15.7s)
[49/250] seed=1046 uniform    h0=1.95e-03 u_in=0.71 west->west conv=True  newton= 25 gmres=  505    1.2s  (wall    15.8s)
[50/250] seed=1033 uturn      h0=2.24e-03 u_in=1.58 west->west conv=False newton=200 gmres= 2687    4.2s  (wall    15.9s)
[51/250] seed=1051 uniform    h0=4.74e-04 u_in=0.18 south->north conv=True  newton=  8 gmres=   62    0.2s  (wall    15.9s)
[52/250] seed=1053 quad       h0=6.07e-04 u_in=1.20 south->north conv=True  newton= 12 gmres=  139    0.3s  (wall    16.2s)
[53/250] seed=1055 grf        h0=3.69e-04 u_in=0.57 south->south conv=True  newton= 10 gmres=   74    0.3s  (wall    16.5s)
[54/250] seed=1049 blobs      h0=1.06e-03 u_in=1.03 east->east conv=True  newton= 18 gmres=  964    1.3s  (wall    16.5s)
[55/250] seed=1052 serpentine h0=9.10e-04 u_in=0.35 east->west conv=True  newton= 13 gmres=  241    0.7s  (wall    16.5s)
[56/250] seed=1054 quad       h0=1.92e-03 u_in=0.42 west->east conv=True  newton= 20 gmres=  369    0.7s  (wall    16.6s)
[57/250] seed=1057 pins       h0=9.26e-04 u_in=0.27 east->north conv=True  newton= 12 gmres=  115    0.3s  (wall    16.8s)
[58/250] seed=1058 blobs      h0=4.32e-04 u_in=0.41 west->south conv=True  newton= 12 gmres=  124    0.3s  (wall    16.8s)
[59/250] seed=1060 uniform    h0=3.66e-04 u_in=1.60 south->east conv=True  newton= 12 gmres=  101    0.3s  (wall    17.1s)
[60/250] seed=1061 grf        h0=1.76e-03 u_in=0.11 west->north conv=True  newton= 11 gmres=  180    0.4s  (wall    17.2s)
[61/250] seed=1062 pins       h0=4.48e-04 u_in=0.99 north->north conv=True  newton= 11 gmres=  172    0.5s  (wall    17.6s)
[62/250] seed=1064 pins       h0=8.10e-04 u_in=0.15 east->south conv=True  newton=  9 gmres=   78    0.3s  (wall    17.9s)
[63/250] seed=1059 serpentine h0=6.36e-04 u_in=0.37 east->south conv=True  newton= 55 gmres=  924    1.6s  (wall    18.1s)
[64/250] seed=1065 blobs      h0=4.79e-04 u_in=1.26 south->north conv=True  newton= 16 gmres=  191    0.4s  (wall    18.4s)
[65/250] seed=1066 blobs      h0=1.38e-03 u_in=0.11 east->north conv=True  newton= 11 gmres=  149    0.6s  (wall    18.7s)
[66/250] seed=1067 uniform    h0=2.69e-03 u_in=0.10 south->west conv=True  newton= 16 gmres=  222    0.5s  (wall    18.8s)
[67/250] seed=1068 uniform    h0=1.76e-03 u_in=0.17 south->south conv=True  newton= 13 gmres=  169    0.5s  (wall    19.2s)
[68/250] seed=1069 uturn      h0=2.51e-03 u_in=0.16 west->west conv=True  newton= 12 gmres=  473    0.7s  (wall    19.6s)
[69/250] seed=1070 sin2d      h0=2.84e-03 u_in=0.13 west->east conv=True  newton= 23 gmres=  371    1.0s  (wall    20.2s)
[70/250] seed=1072 pins       h0=1.45e-03 u_in=1.43 north->west conv=True  newton= 21 gmres=  466    1.1s  (wall    21.3s)
[71/250] seed=1063 grf        h0=1.91e-03 u_in=0.24 south->east conv=True  newton=157 gmres= 2454    4.1s  (wall    21.3s)
[72/250] seed=1073 grf        h0=2.53e-03 u_in=0.60 east->east conv=True  newton= 18 gmres=  293    0.8s  (wall    22.1s)
[73/250] seed=1075 blobs      h0=2.82e-03 u_in=0.15 south->south conv=True  newton= 19 gmres=  304    0.8s  (wall    22.9s)
[74/250] seed=1076 grf        h0=4.96e-04 u_in=1.25 east->south conv=True  newton= 19 gmres=  359    0.9s  (wall    23.9s)
[75/250] seed=1056 serpentine h0=3.98e-04 u_in=0.40 south->west conv=True  newton= 81 gmres= 5322    7.5s  (wall    23.9s)
[76/250] seed=1071 serpentine h0=2.24e-03 u_in=0.20 west->south conv=False newton=200 gmres= 3078    4.5s  (wall    24.0s)
[77/250] seed=1077 serpentine h0=3.41e-04 u_in=0.20 south->west conv=True  newton=  8 gmres=   95    0.3s  (wall    24.2s)
[78/250] seed=1078 blobs      h0=4.31e-04 u_in=0.14 south->north conv=True  newton=  8 gmres=   49    0.3s  (wall    24.2s)
[79/250] seed=1081 uturn      h0=2.55e-03 u_in=0.27 west->west conv=True  newton= 15 gmres=  217    0.7s  (wall    24.9s)
[80/250] seed=1074 uturn      h0=6.81e-04 u_in=1.93 west->west conv=True  newton= 82 gmres= 2522    3.9s  (wall    25.2s)
[81/250] seed=1082 uturn      h0=6.66e-04 u_in=0.31 west->west conv=True  newton= 12 gmres=  199    0.5s  (wall    25.5s)
[82/250] seed=1083 uturn      h0=1.96e-03 u_in=0.12 west->west conv=True  newton= 10 gmres=  209    0.5s  (wall    25.7s)
[83/250] seed=1084 sin2d      h0=3.39e-04 u_in=0.79 south->north conv=True  newton= 11 gmres=  100    0.5s  (wall    25.9s)
[84/250] seed=1086 serpentine h0=4.23e-04 u_in=1.09 south->south conv=True  newton= 14 gmres=  216    0.6s  (wall    26.5s)
[85/250] seed=1080 uturn      h0=2.15e-03 u_in=0.53 west->west conv=True  newton= 37 gmres= 1784    2.5s  (wall    26.7s)
[86/250] seed=1087 grf        h0=3.52e-04 u_in=0.36 east->south conv=True  newton= 12 gmres=  111    0.4s  (wall    26.9s)
[87/250] seed=1085 uturn      h0=8.60e-04 u_in=0.85 west->west conv=True  newton= 16 gmres=  583    1.3s  (wall    27.0s)
[88/250] seed=1088 uniform    h0=3.28e-04 u_in=1.35 north->east conv=True  newton= 11 gmres=   93    0.3s  (wall    27.0s)
[89/250] seed=1091 uturn      h0=4.28e-04 u_in=0.50 west->west conv=True  newton= 10 gmres=  101    0.3s  (wall    27.3s)
[90/250] seed=1090 quad       h0=4.45e-04 u_in=0.27 north->south conv=True  newton= 12 gmres=   97    0.5s  (wall    27.4s)
[91/250] seed=1089 sin2d      h0=1.87e-03 u_in=0.60 west->south conv=True  newton= 25 gmres=  423    1.0s  (wall    27.9s)
[92/250] seed=1093 pins       h0=1.04e-03 u_in=0.99 north->west conv=True  newton= 16 gmres=  241    0.7s  (wall    28.2s)
[93/250] seed=1094 serpentine h0=4.95e-04 u_in=0.17 north->west conv=True  newton= 11 gmres=  108    0.4s  (wall    28.3s)
[94/250] seed=1092 blobs      h0=7.30e-04 u_in=0.31 west->north conv=True  newton= 49 gmres=  614    1.2s  (wall    28.5s)
[95/250] seed=1095 uniform    h0=5.97e-04 u_in=0.26 east->north conv=True  newton=  9 gmres=   70    0.4s  (wall    28.6s)
[96/250] seed=1097 uniform    h0=9.90e-04 u_in=0.21 east->north conv=True  newton= 11 gmres=  111    0.6s  (wall    29.1s)
[97/250] seed=1098 uturn      h0=7.11e-04 u_in=1.55 west->west conv=True  newton= 18 gmres=  538    0.8s  (wall    29.4s)
[98/250] seed=1099 sin2d      h0=1.06e-03 u_in=0.55 west->east conv=True  newton= 13 gmres=  169    0.6s  (wall    29.7s)
[99/250] seed=1079 uniform    h0=2.57e-03 u_in=1.80 south->east conv=False newton=200 gmres= 3037    5.8s  (wall    29.8s)
[100/250] seed=1100 grf        h0=5.01e-04 u_in=0.89 west->east conv=True  newton= 13 gmres=  201    0.5s  (wall    29.9s)
[101/250] seed=1101 sin2d      h0=3.53e-04 u_in=1.15 south->north conv=True  newton= 14 gmres=  142    0.5s  (wall    30.2s)
[102/250] seed=1104 blobs      h0=3.09e-04 u_in=0.71 west->east conv=True  newton= 12 gmres=   79    0.5s  (wall    30.7s)
[103/250] seed=1105 blobs      h0=1.01e-03 u_in=0.42 north->east conv=True  newton= 12 gmres=  252    0.6s  (wall    31.3s)
[104/250] seed=1102 grf        h0=3.39e-04 u_in=1.17 north->east conv=True  newton= 49 gmres=  942    1.8s  (wall    31.6s)
[105/250] seed=1107 pins       h0=9.65e-04 u_in=0.17 north->south conv=True  newton= 11 gmres=  104    0.5s  (wall    32.1s)
[106/250] seed=1108 pins       h0=1.22e-03 u_in=0.18 east->north conv=True  newton= 13 gmres=  118    0.5s  (wall    32.6s)
[107/250] seed=1109 uturn      h0=4.98e-04 u_in=0.11 west->west conv=True  newton=  8 gmres=   54    0.2s  (wall    32.8s)
[108/250] seed=1106 quad       h0=2.40e-03 u_in=0.17 south->north conv=True  newton= 74 gmres=  926    1.6s  (wall    32.9s)
[109/250] seed=1110 serpentine h0=1.08e-03 u_in=0.47 east->south conv=True  newton= 13 gmres=  249    0.4s  (wall    33.2s)
[110/250] seed=1111 pins       h0=1.36e-03 u_in=0.42 south->north conv=True  newton= 16 gmres=  217    0.5s  (wall    33.4s)
[111/250] seed=1113 pins       h0=3.36e-04 u_in=1.47 south->north conv=True  newton= 11 gmres=   96    0.3s  (wall    33.7s)
[112/250] seed=1112 sin2d      h0=1.04e-03 u_in=1.33 north->east conv=True  newton= 19 gmres=  328    0.6s  (wall    33.8s)
[113/250] seed=1096 uturn      h0=2.35e-03 u_in=0.21 west->west conv=True  newton=120 gmres= 3227    5.7s  (wall    34.0s)
[114/250] seed=1115 uniform    h0=1.34e-03 u_in=0.28 west->south conv=True  newton= 12 gmres=  142    0.4s  (wall    34.2s)
[115/250] seed=1114 sin2d      h0=1.87e-03 u_in=0.45 west->east conv=True  newton= 21 gmres=  408    0.7s  (wall    34.3s)
[116/250] seed=1116 sin2d      h0=1.17e-03 u_in=0.50 south->west conv=True  newton= 15 gmres=  215    0.5s  (wall    34.5s)
[117/250] seed=1117 pins       h0=1.62e-03 u_in=0.19 north->north conv=True  newton= 12 gmres=  140    0.5s  (wall    34.7s)
[118/250] seed=1119 pins       h0=1.71e-03 u_in=1.52 north->south conv=True  newton= 28 gmres=  663    1.4s  (wall    35.9s)
[119/250] seed=1121 sin2d      h0=1.42e-03 u_in=1.84 west->east conv=True  newton= 28 gmres=  703    1.2s  (wall    37.1s)
[120/250] seed=1122 pins       h0=8.74e-04 u_in=0.89 south->east conv=True  newton= 13 gmres=  180    0.4s  (wall    37.5s)
[121/250] seed=1123 quad       h0=6.01e-04 u_in=0.16 east->east conv=True  newton= 10 gmres=   81    0.3s  (wall    37.8s)
[122/250] seed=1103 grf        h0=1.67e-03 u_in=0.57 west->south conv=True  newton=150 gmres= 4424    8.1s  (wall    38.0s)
[123/250] seed=1124 blobs      h0=8.25e-04 u_in=0.11 west->north conv=True  newton=  9 gmres=   75    0.3s  (wall    38.1s)
[124/250] seed=1125 uturn      h0=5.26e-04 u_in=0.61 west->west conv=True  newton= 14 gmres=  249    0.5s  (wall    38.5s)
[125/250] seed=1127 sin2d      h0=1.10e-03 u_in=0.13 south->east conv=True  newton= 13 gmres=  135    0.3s  (wall    38.9s)
[126/250] seed=1128 uturn      h0=7.92e-04 u_in=0.16 west->west conv=True  newton=  9 gmres=   96    0.3s  (wall    39.1s)
[127/250] seed=1118 uturn      h0=2.77e-03 u_in=1.23 west->west conv=False newton=200 gmres= 3142    5.7s  (wall    40.0s)
[128/250] seed=1129 pins       h0=1.63e-03 u_in=0.47 east->south conv=True  newton= 30 gmres= 1002    1.5s  (wall    40.6s)
[129/250] seed=1130 uturn      h0=7.52e-04 u_in=0.64 west->west conv=True  newton= 13 gmres=  282    0.6s  (wall    40.7s)
[130/250] seed=1126 sin2d      h0=1.71e-03 u_in=0.59 west->south conv=True  newton= 53 gmres= 1534    2.5s  (wall    40.7s)
[131/250] seed=1120 serpentine h0=1.19e-03 u_in=0.55 east->east conv=False newton=200 gmres= 4454    6.1s  (wall    40.8s)
[132/250] seed=1131 quad       h0=3.14e-04 u_in=0.51 north->north conv=True  newton=  8 gmres=   59    0.2s  (wall    40.8s)
[133/250] seed=1132 pins       h0=3.56e-04 u_in=0.30 west->east conv=True  newton=  9 gmres=   72    0.4s  (wall    41.1s)
[134/250] seed=1135 pins       h0=1.06e-03 u_in=0.38 north->east conv=True  newton= 14 gmres=  162    0.4s  (wall    41.2s)
[135/250] seed=1136 grf        h0=4.33e-04 u_in=1.18 south->north conv=True  newton= 13 gmres=  127    0.3s  (wall    41.4s)
[136/250] seed=1134 serpentine h0=6.64e-04 u_in=0.12 north->west conv=True  newton= 53 gmres= 2201    3.0s  (wall    43.8s)
[137/250] seed=1139 quad       h0=4.69e-04 u_in=1.77 north->north conv=True  newton=  9 gmres=   66    0.3s  (wall    44.0s)
[138/250] seed=1140 pins       h0=5.68e-04 u_in=0.14 west->north conv=True  newton=  8 gmres=   71    0.3s  (wall    44.3s)
[139/250] seed=1138 grf        h0=1.14e-03 u_in=1.43 north->east conv=False newton=200 gmres= 1483    3.0s  (wall    44.4s)
[140/250] seed=1142 sin2d      h0=4.67e-04 u_in=0.23 west->south conv=True  newton= 11 gmres=  119    0.3s  (wall    44.8s)
[141/250] seed=1143 quad       h0=6.38e-04 u_in=0.12 south->north conv=True  newton=  9 gmres=   64    0.3s  (wall    45.0s)
[142/250] seed=1144 grf        h0=6.84e-04 u_in=1.26 north->east conv=True  newton= 21 gmres=  369    0.7s  (wall    45.7s)
[143/250] seed=1145 sin2d      h0=4.46e-04 u_in=0.67 east->south conv=True  newton= 10 gmres=   94    0.3s  (wall    46.0s)
[144/250] seed=1137 pins       h0=1.94e-03 u_in=0.63 west->north conv=True  newton=147 gmres= 3818    5.6s  (wall    46.8s)
[145/250] seed=1146 sin2d      h0=2.68e-03 u_in=0.21 east->north conv=True  newton= 27 gmres=  442    0.8s  (wall    46.9s)
[146/250] seed=1141 serpentine h0=9.19e-04 u_in=1.30 west->west conv=True  newton=119 gmres= 1684    2.9s  (wall    47.2s)
[147/250] seed=1148 uniform    h0=9.78e-04 u_in=0.19 south->south conv=True  newton= 12 gmres=  128    0.4s  (wall    47.2s)
[148/250] seed=1147 quad       h0=1.52e-03 u_in=0.66 north->east conv=True  newton= 18 gmres=  260    0.6s  (wall    47.4s)
[149/250] seed=1151 serpentine h0=4.18e-04 u_in=0.60 south->north conv=True  newton= 10 gmres=  131    0.3s  (wall    47.7s)
[150/250] seed=1152 pins       h0=4.81e-04 u_in=0.19 west->east conv=True  newton=  8 gmres=   56    0.2s  (wall    47.9s)
[151/250] seed=1150 blobs      h0=1.20e-03 u_in=1.79 east->south conv=True  newton= 23 gmres=  644    1.1s  (wall    48.3s)
[152/250] seed=1154 sin2d      h0=3.19e-04 u_in=0.26 east->east conv=True  newton=  8 gmres=   61    0.2s  (wall    48.5s)
[153/250] seed=1155 quad       h0=1.90e-03 u_in=0.34 east->south conv=True  newton= 17 gmres=  219    0.6s  (wall    49.1s)
[154/250] seed=1153 uniform    h0=1.75e-03 u_in=1.36 west->east conv=True  newton= 27 gmres=  680    1.2s  (wall    49.1s)
[155/250] seed=1156 quad       h0=3.32e-04 u_in=0.93 south->west conv=True  newton= 10 gmres=   69    0.3s  (wall    49.4s)
[156/250] seed=1157 quad       h0=2.10e-03 u_in=0.72 north->west conv=True  newton= 40 gmres=  787    1.3s  (wall    50.5s)
[157/250] seed=1159 grf        h0=1.42e-03 u_in=0.64 south->east conv=True  newton= 24 gmres=  410    0.7s  (wall    51.2s)
[158/250] seed=1160 quad       h0=9.52e-04 u_in=1.17 west->north conv=True  newton= 15 gmres=  200    0.5s  (wall    51.6s)
[159/250] seed=1161 quad       h0=1.46e-03 u_in=1.18 north->east conv=True  newton= 24 gmres=  453    0.8s  (wall    52.4s)
[160/250] seed=1162 blobs      h0=3.09e-04 u_in=0.24 east->east conv=True  newton= 10 gmres=  108    0.3s  (wall    52.7s)
[161/250] seed=1158 serpentine h0=9.99e-04 u_in=0.65 west->north conv=False newton=200 gmres= 2452    3.9s  (wall    53.4s)
[162/250] seed=1164 quad       h0=1.25e-03 u_in=1.35 north->east conv=True  newton= 16 gmres=  245    0.5s  (wall    53.9s)
[163/250] seed=1149 blobs      h0=1.96e-03 u_in=1.18 north->south conv=False newton=200 gmres= 4299    7.1s  (wall    54.3s)
[164/250] seed=1166 uniform    h0=1.34e-03 u_in=0.43 south->west conv=True  newton= 15 gmres=  187    0.4s  (wall    54.8s)
[165/250] seed=1167 grf        h0=6.22e-04 u_in=0.37 north->west conv=True  newton= 13 gmres=  151    0.3s  (wall    55.1s)
[166/250] seed=1168 quad       h0=1.01e-03 u_in=1.13 east->west conv=True  newton= 15 gmres=  245    0.5s  (wall    55.6s)
[167/250] seed=1133 blobs      h0=2.99e-03 u_in=1.16 east->south conv=False newton=200 gmres=15086   17.0s  (wall    57.7s)
[168/250] seed=1170 uturn      h0=9.66e-04 u_in=0.37 west->west conv=True  newton= 12 gmres=  221    0.4s  (wall    58.2s)
[169/250] seed=1171 blobs      h0=1.21e-03 u_in=0.79 north->south conv=True  newton= 18 gmres=  293    0.5s  (wall    58.7s)
[170/250] seed=1172 blobs      h0=6.79e-04 u_in=0.30 south->north conv=True  newton=  9 gmres=  115    0.3s  (wall    59.0s)
[171/250] seed=1173 sin2d      h0=9.41e-04 u_in=0.38 north->north conv=True  newton= 12 gmres=  130    0.4s  (wall    59.3s)
[172/250] seed=1165 serpentine h0=9.55e-04 u_in=1.61 north->east conv=True  newton=192 gmres= 4999    6.3s  (wall    60.2s)
[173/250] seed=1163 serpentine h0=2.36e-03 u_in=0.84 east->west conv=False newton=200 gmres= 5681    7.8s  (wall    60.5s)
[174/250] seed=1175 uturn      h0=6.05e-04 u_in=0.41 west->west conv=True  newton= 11 gmres=  153    0.4s  (wall    60.6s)
[175/250] seed=1176 grf        h0=3.77e-04 u_in=0.24 south->north conv=True  newton=  9 gmres=   80    0.2s  (wall    60.7s)
[176/250] seed=1177 uturn      h0=1.09e-03 u_in=0.20 west->west conv=True  newton= 10 gmres=  144    0.3s  (wall    60.9s)
[177/250] seed=1178 grf        h0=5.31e-04 u_in=1.64 west->east conv=True  newton= 21 gmres=  370    0.6s  (wall    61.3s)
[178/250] seed=1179 grf        h0=9.11e-04 u_in=0.15 east->west conv=True  newton= 30 gmres=  429    0.8s  (wall    61.6s)
[179/250] seed=1181 pins       h0=1.80e-03 u_in=0.15 east->north conv=True  newton= 11 gmres=  242    0.4s  (wall    62.1s)
[180/250] seed=1182 grf        h0=6.71e-04 u_in=0.71 south->east conv=True  newton= 28 gmres=  460    0.7s  (wall    62.8s)
[181/250] seed=1183 sin2d      h0=3.61e-04 u_in=0.52 west->east conv=True  newton= 13 gmres=  106    0.3s  (wall    63.1s)
[182/250] seed=1174 serpentine h0=1.16e-03 u_in=0.74 north->south conv=False newton=200 gmres= 2495    3.8s  (wall    63.2s)
[183/250] seed=1185 serpentine h0=3.88e-04 u_in=0.53 north->east conv=True  newton= 10 gmres=  101    0.3s  (wall    63.5s)
[184/250] seed=1184 uniform    h0=2.09e-03 u_in=0.27 north->east conv=True  newton= 19 gmres=  279    0.5s  (wall    63.7s)
[185/250] seed=1187 uniform    h0=6.07e-04 u_in=0.26 south->west conv=True  newton= 11 gmres=   73    0.3s  (wall    64.0s)
[186/250] seed=1186 pins       h0=5.81e-04 u_in=1.60 south->west conv=True  newton= 14 gmres=  175    0.5s  (wall    64.0s)
[187/250] seed=1180 grf        h0=1.99e-03 u_in=0.31 north->west conv=False newton=200 gmres= 1708    2.9s  (wall    64.2s)
[188/250] seed=1188 quad       h0=1.37e-03 u_in=0.14 west->north conv=True  newton= 13 gmres=  118    0.4s  (wall    64.4s)
[189/250] seed=1189 grf        h0=4.44e-04 u_in=0.13 south->south conv=True  newton= 15 gmres=  160    0.4s  (wall    64.4s)
[190/250] seed=1191 uniform    h0=1.38e-03 u_in=0.16 west->south conv=True  newton= 12 gmres=  111    0.4s  (wall    64.8s)
[191/250] seed=1193 blobs      h0=8.71e-04 u_in=0.33 west->east conv=True  newton= 11 gmres=  117    0.4s  (wall    65.3s)
[192/250] seed=1194 blobs      h0=6.50e-04 u_in=1.79 east->north conv=True  newton= 16 gmres=  341    0.6s  (wall    65.9s)
[193/250] seed=1192 uniform    h0=2.38e-03 u_in=0.81 south->north conv=True  newton= 38 gmres=  916    1.7s  (wall    66.1s)
[194/250] seed=1196 uturn      h0=3.26e-04 u_in=0.23 west->west conv=True  newton=  9 gmres=   72    0.2s  (wall    66.3s)
[195/250] seed=1195 pins       h0=7.02e-04 u_in=0.77 south->east conv=True  newton= 14 gmres=  182    0.4s  (wall    66.3s)
[196/250] seed=1197 uniform    h0=3.15e-04 u_in=0.19 north->north conv=True  newton=  8 gmres=   56    0.2s  (wall    66.5s)
[197/250] seed=1199 uturn      h0=7.60e-04 u_in=0.52 west->west conv=True  newton= 14 gmres=  161    0.4s  (wall    66.9s)
[198/250] seed=1190 uturn      h0=1.84e-03 u_in=0.83 west->west conv=True  newton= 17 gmres= 1605    2.9s  (wall    67.1s)
[199/250] seed=1201 blobs      h0=4.73e-04 u_in=0.21 east->north conv=True  newton=  9 gmres=   95    0.3s  (wall    67.3s)
[200/250] seed=1200 serpentine h0=3.69e-04 u_in=0.78 north->south conv=True  newton= 11 gmres=  127    0.4s  (wall    67.3s)
[201/250] seed=1202 serpentine h0=6.63e-04 u_in=0.12 west->east conv=True  newton=  8 gmres=   86    0.2s  (wall    67.6s)
[202/250] seed=1204 serpentine h0=4.31e-04 u_in=1.26 north->south conv=True  newton= 12 gmres=  188    0.4s  (wall    67.9s)
[203/250] seed=1203 blobs      h0=1.20e-03 u_in=0.46 west->east conv=True  newton= 14 gmres=  269    0.8s  (wall    68.1s)
[204/250] seed=1205 uniform    h0=4.07e-04 u_in=0.99 south->north conv=True  newton= 11 gmres=   86    0.4s  (wall    68.4s)
[205/250] seed=1198 uturn      h0=1.34e-03 u_in=0.14 west->west conv=True  newton= 41 gmres= 2282    2.9s  (wall    69.2s)
[206/250] seed=1206 sin2d      h0=2.30e-03 u_in=0.67 west->east conv=True  newton= 51 gmres= 1374    2.8s  (wall    71.0s)
[207/250] seed=1209 grf        h0=5.07e-04 u_in=1.73 east->west conv=True  newton= 13 gmres=  149    0.5s  (wall    71.5s)
[208/250] seed=1207 uturn      h0=8.40e-04 u_in=1.06 west->west conv=True  newton= 87 gmres= 2140    3.1s  (wall    71.5s)
[209/250] seed=1210 sin2d      h0=6.42e-04 u_in=0.53 east->south conv=True  newton= 13 gmres=  117    0.5s  (wall    72.0s)
[210/250] seed=1211 pins       h0=2.32e-03 u_in=0.14 east->west conv=True  newton= 14 gmres=  210    0.7s  (wall    72.2s)
[211/250] seed=1208 serpentine h0=1.67e-03 u_in=1.79 east->north conv=True  newton= 90 gmres= 2170    3.1s  (wall    72.3s)
[212/250] seed=1212 uniform    h0=1.71e-03 u_in=0.21 east->east conv=True  newton= 14 gmres=  175    0.4s  (wall    72.4s)
[213/250] seed=1213 uniform    h0=3.87e-04 u_in=0.76 north->north conv=True  newton= 12 gmres=   90    0.4s  (wall    72.6s)
[214/250] seed=1215 sin2d      h0=7.36e-04 u_in=0.16 west->north conv=True  newton= 10 gmres=   89    0.3s  (wall    72.7s)
[215/250] seed=1214 quad       h0=1.98e-03 u_in=0.33 south->south conv=True  newton= 20 gmres=  283    0.6s  (wall    72.9s)
[216/250] seed=1217 grf        h0=1.17e-03 u_in=0.18 north->south conv=True  newton= 15 gmres=  215    0.5s  (wall    73.1s)
[217/250] seed=1218 grf        h0=6.19e-04 u_in=0.57 north->south conv=True  newton= 12 gmres=  111    0.3s  (wall    73.2s)
[218/250] seed=1216 quad       h0=2.10e-03 u_in=1.05 west->east conv=True  newton= 29 gmres=  768    1.9s  (wall    74.5s)
[219/250] seed=1219 uturn      h0=6.76e-04 u_in=1.99 west->west conv=True  newton= 19 gmres= 1025    1.6s  (wall    74.7s)
[220/250] seed=1221 quad       h0=6.50e-04 u_in=0.17 south->north conv=True  newton= 11 gmres=   84    0.4s  (wall    74.9s)
[221/250] seed=1222 quad       h0=9.87e-04 u_in=0.16 west->east conv=True  newton= 12 gmres=  121    0.4s  (wall    75.1s)
[222/250] seed=1223 uniform    h0=2.46e-03 u_in=0.38 west->west conv=True  newton= 22 gmres=  377    1.1s  (wall    76.0s)
[223/250] seed=1224 quad       h0=2.57e-03 u_in=1.46 east->south conv=True  newton= 53 gmres= 1541    2.6s  (wall    77.6s)
[224/250] seed=1225 grf        h0=1.67e-03 u_in=0.20 north->south conv=True  newton= 40 gmres=  781    1.8s  (wall    77.8s)
[225/250] seed=1220 grf        h0=2.30e-03 u_in=0.15 north->west conv=True  newton=174 gmres= 2306    4.7s  (wall    77.8s)
[226/250] seed=1226 uniform    h0=1.31e-03 u_in=0.14 east->east conv=True  newton= 11 gmres=  116    0.3s  (wall    78.0s)
[227/250] seed=1228 pins       h0=3.49e-04 u_in=0.40 east->north conv=True  newton=  9 gmres=   71    0.2s  (wall    78.1s)
[228/250] seed=1227 blobs      h0=1.03e-03 u_in=0.24 east->north conv=True  newton= 13 gmres=  172    0.5s  (wall    78.3s)
[229/250] seed=1231 grf        h0=3.74e-04 u_in=0.59 south->west conv=True  newton= 14 gmres=  138    0.5s  (wall    78.8s)
[230/250] seed=1229 quad       h0=2.00e-03 u_in=0.72 east->west conv=True  newton= 26 gmres=  577    0.9s  (wall    78.9s)
[231/250] seed=1232 quad       h0=5.15e-04 u_in=0.40 south->north conv=True  newton= 12 gmres=  127    0.4s  (wall    79.2s)
[232/250] seed=1230 grf        h0=1.14e-03 u_in=0.66 west->north conv=True  newton= 19 gmres=  763    1.2s  (wall    79.3s)
[233/250] seed=1233 sin2d      h0=1.17e-03 u_in=0.15 north->south conv=True  newton= 17 gmres=  230    0.5s  (wall    79.4s)
[234/250] seed=1235 grf        h0=4.58e-04 u_in=0.36 west->east conv=True  newton= 13 gmres=  185    0.4s  (wall    79.7s)
[235/250] seed=1234 blobs      h0=7.20e-04 u_in=1.59 south->north conv=True  newton= 15 gmres=  297    0.6s  (wall    79.9s)
[236/250] seed=1237 blobs      h0=1.37e-03 u_in=0.20 north->west conv=True  newton= 10 gmres=  187    0.4s  (wall    80.1s)
[237/250] seed=1238 uturn      h0=3.16e-04 u_in=1.02 west->west conv=True  newton= 12 gmres=  131    0.3s  (wall    80.1s)
[238/250] seed=1239 pins       h0=1.24e-03 u_in=0.78 north->east conv=True  newton= 16 gmres=  233    0.5s  (wall    80.6s)
[239/250] seed=1241 pins       h0=1.58e-03 u_in=0.11 north->west conv=True  newton= 11 gmres=  140    0.4s  (wall    81.0s)
[240/250] seed=1240 quad       h0=2.72e-03 u_in=0.54 west->east conv=True  newton= 34 gmres=  730    1.2s  (wall    81.4s)
[241/250] seed=1242 grf        h0=4.85e-04 u_in=0.14 west->south conv=True  newton= 18 gmres=  219    0.4s  (wall    81.5s)
[242/250] seed=1243 sin2d      h0=1.15e-03 u_in=0.15 west->north conv=True  newton= 11 gmres=  136    0.4s  (wall    81.7s)
[243/250] seed=1244 quad       h0=9.03e-04 u_in=1.53 south->east conv=True  newton= 17 gmres=  229    0.5s  (wall    81.9s)
[244/250] seed=1246 pins       h0=1.08e-03 u_in=0.93 north->west conv=True  newton= 15 gmres=  237    0.6s  (wall    82.5s)
[245/250] seed=1247 pins       h0=5.21e-04 u_in=0.67 east->south conv=True  newton= 12 gmres=  117    0.4s  (wall    82.9s)
[246/250] seed=1236 serpentine h0=2.81e-03 u_in=0.23 north->east conv=False newton=200 gmres= 4170    5.8s  (wall    85.2s)
[247/250] seed=1249 quad       h0=6.07e-04 u_in=0.53 west->north conv=True  newton= 12 gmres=  119    0.3s  (wall    85.6s)
[248/250] seed=1248 serpentine h0=1.22e-03 u_in=1.48 west->south conv=False newton=200 gmres= 4102    6.6s  (wall    89.4s)
[249/250] seed=1169 blobs      h0=2.92e-03 u_in=1.62 west->north conv=False newton=200 gmres=39771   43.0s  (wall    98.6s)
[250/250] seed=1245 blobs      h0=2.89e-03 u_in=0.90 south->south conv=False newton=200 gmres=39092   45.0s  (wall   126.7s)
done: 1 shards -> experiments/nsbm/data
=== chunk seed0=1250 n=250 workers=4 (other load ~16 cores) 01:01:07
generate n=250 seed0=1250 workers=4 out=experiments/nsbm/data
[1/250] seed=1252 serpentine h0=6.71e-04 u_in=0.21 west->east conv=True  newton= 10 gmres=  171    0.6s  (wall     1.0s)
[2/250] seed=1253 quad       h0=2.19e-03 u_in=0.56 north->east conv=True  newton= 23 gmres=  338    1.0s  (wall     1.4s)
[3/250] seed=1255 uturn      h0=8.96e-04 u_in=0.16 west->west conv=True  newton=  9 gmres=   99    0.4s  (wall     1.8s)
[4/250] seed=1254 uturn      h0=8.34e-04 u_in=1.57 west->west conv=True  newton= 16 gmres=  549    1.1s  (wall     2.1s)
[5/250] seed=1256 grf        h0=3.98e-04 u_in=0.21 east->west conv=True  newton= 10 gmres=  137    0.5s  (wall     2.2s)
[6/250] seed=1257 uniform    h0=4.69e-04 u_in=0.24 west->south conv=True  newton=  9 gmres=   67    0.3s  (wall     2.4s)
[7/250] seed=1258 uniform    h0=5.24e-04 u_in=0.55 north->west conv=True  newton= 12 gmres=   92    0.4s  (wall     2.7s)
[8/250] seed=1250 uturn      h0=2.79e-03 u_in=0.11 west->west conv=True  newton= 60 gmres= 2942    4.2s  (wall     4.5s)
[9/250] seed=1261 pins       h0=6.32e-04 u_in=1.15 east->west conv=True  newton= 15 gmres=  216    0.6s  (wall     5.1s)
[10/250] seed=1262 pins       h0=4.21e-04 u_in=0.15 south->east conv=True  newton=  9 gmres=   60    0.2s  (wall     5.3s)
[11/250] seed=1263 uturn      h0=8.95e-04 u_in=0.71 west->west conv=True  newton= 16 gmres=  627    0.9s  (wall     6.2s)
[12/250] seed=1264 blobs      h0=4.49e-04 u_in=0.95 south->west conv=True  newton= 14 gmres=  136    0.3s  (wall     6.5s)
[13/250] seed=1265 quad       h0=7.62e-04 u_in=0.35 east->north conv=True  newton= 13 gmres=  106    0.3s  (wall     6.9s)
[14/250] seed=1266 pins       h0=5.67e-04 u_in=1.66 north->north conv=True  newton= 14 gmres=  165    0.4s  (wall     7.2s)
[15/250] seed=1267 uturn      h0=1.78e-03 u_in=0.14 west->west conv=True  newton= 12 gmres=  428    0.7s  (wall     7.9s)
[16/250] seed=1268 pins       h0=1.35e-03 u_in=0.85 south->west conv=True  newton= 15 gmres=  269    0.5s  (wall     8.4s)
[17/250] seed=1259 serpentine h0=1.85e-03 u_in=0.30 west->east conv=True  newton=103 gmres= 4651    6.3s  (wall     8.6s)
[18/250] seed=1269 quad       h0=2.45e-03 u_in=0.20 east->south conv=True  newton= 18 gmres=  257    0.5s  (wall     8.9s)
[19/250] seed=1251 serpentine h0=1.38e-03 u_in=0.45 east->south conv=True  newton=126 gmres= 4702    8.6s  (wall     9.0s)
[20/250] seed=1271 quad       h0=1.09e-03 u_in=0.21 south->north conv=True  newton= 13 gmres=  154    0.4s  (wall     9.3s)
[21/250] seed=1270 sin2d      h0=2.04e-03 u_in=0.62 south->east conv=True  newton= 26 gmres=  526    0.9s  (wall     9.5s)
[22/250] seed=1273 blobs      h0=1.54e-03 u_in=0.21 north->west conv=True  newton= 11 gmres=  161    0.4s  (wall     9.6s)
[23/250] seed=1260 uturn      h0=1.77e-03 u_in=0.40 west->west conv=False newton=200 gmres= 3816    7.1s  (wall     9.7s)
[24/250] seed=1274 sin2d      h0=9.45e-04 u_in=0.50 east->west conv=True  newton= 17 gmres=  220    0.4s  (wall    10.0s)
[25/250] seed=1275 quad       h0=1.19e-03 u_in=0.26 west->east conv=True  newton= 14 gmres=  148    0.4s  (wall    10.0s)
[26/250] seed=1276 uturn      h0=4.25e-04 u_in=0.32 west->west conv=True  newton= 10 gmres=   82    0.3s  (wall    10.0s)
[27/250] seed=1278 serpentine h0=3.11e-04 u_in=0.27 north->north conv=True  newton= 10 gmres=  138    0.3s  (wall    10.3s)
[28/250] seed=1279 uniform    h0=2.23e-03 u_in=1.35 north->south conv=True  newton= 37 gmres=  860    1.8s  (wall    11.9s)
[29/250] seed=1272 pins       h0=2.85e-03 u_in=1.45 north->west conv=False newton=200 gmres= 1603    3.3s  (wall    12.3s)
[30/250] seed=1282 grf        h0=2.87e-03 u_in=0.81 north->east conv=True  newton= 32 gmres=  969    1.5s  (wall    13.8s)
[31/250] seed=1281 uniform    h0=2.40e-03 u_in=0.88 south->north conv=True  newton= 40 gmres=  877    2.0s  (wall    13.8s)
[32/250] seed=1283 pins       h0=1.62e-03 u_in=0.11 north->north conv=True  newton= 11 gmres=  142    0.4s  (wall    14.2s)
[33/250] seed=1284 sin2d      h0=5.62e-04 u_in=0.32 west->north conv=True  newton= 11 gmres=  108    0.4s  (wall    14.2s)
[34/250] seed=1286 grf        h0=3.53e-04 u_in=0.11 west->south conv=True  newton=  8 gmres=   57    0.2s  (wall    14.5s)
[35/250] seed=1285 uniform    h0=9.75e-04 u_in=0.13 east->east conv=True  newton= 10 gmres=   84    0.4s  (wall    14.6s)
[36/250] seed=1287 sin2d      h0=3.24e-04 u_in=0.78 north->south conv=True  newton=  8 gmres=   57    0.2s  (wall    14.7s)
[37/250] seed=1288 uniform    h0=3.98e-04 u_in=0.40 east->south conv=True  newton= 10 gmres=   73    0.4s  (wall    15.0s)
[38/250] seed=1289 grf        h0=2.30e-03 u_in=0.12 west->north conv=True  newton= 40 gmres=  573    1.0s  (wall    15.7s)
[39/250] seed=1291 quad       h0=1.09e-03 u_in=1.02 east->west conv=True  newton= 21 gmres=  354    0.6s  (wall    16.3s)
[40/250] seed=1290 uturn      h0=8.67e-04 u_in=1.02 west->west conv=True  newton= 21 gmres=  813    1.7s  (wall    16.7s)
[41/250] seed=1292 serpentine h0=4.57e-04 u_in=0.43 north->north conv=True  newton= 11 gmres=  284    0.4s  (wall    16.8s)
[42/250] seed=1294 sin2d      h0=1.19e-03 u_in=0.33 west->east conv=True  newton= 14 gmres=  185    0.4s  (wall    17.2s)
[43/250] seed=1295 uniform    h0=8.95e-04 u_in=0.20 east->south conv=True  newton= 10 gmres=   95    0.3s  (wall    17.5s)
[44/250] seed=1293 grf        h0=5.07e-04 u_in=1.11 south->east conv=True  newton= 42 gmres= 2073    3.4s  (wall    20.1s)
[45/250] seed=1297 quad       h0=1.25e-03 u_in=0.35 east->east conv=True  newton= 15 gmres=  183    0.4s  (wall    20.5s)
[46/250] seed=1298 serpentine h0=5.09e-04 u_in=0.48 east->west conv=True  newton= 10 gmres=  187    0.3s  (wall    20.9s)
[47/250] seed=1299 uniform    h0=2.78e-03 u_in=0.32 east->west conv=True  newton= 29 gmres=  591    1.0s  (wall    21.9s)
[48/250] seed=1296 serpentine h0=9.71e-04 u_in=0.25 west->east conv=False newton=200 gmres= 3105    4.6s  (wall    22.1s)
[49/250] seed=1301 uniform    h0=2.14e-03 u_in=0.18 west->north conv=True  newton= 17 gmres=  236    0.5s  (wall    22.6s)
[50/250] seed=1302 grf        h0=1.44e-03 u_in=0.20 north->east conv=True  newton= 17 gmres=  209    0.5s  (wall    23.1s)
[51/250] seed=1303 uturn      h0=4.11e-04 u_in=0.13 west->west conv=True  newton= 10 gmres=  178    0.3s  (wall    23.4s)
[52/250] seed=1300 uturn      h0=3.72e-04 u_in=1.52 west->west conv=True  newton=162 gmres= 2700    4.0s  (wall    25.8s)
[53/250] seed=1305 uturn      h0=2.21e-03 u_in=0.23 west->west conv=True  newton= 14 gmres=  592    0.9s  (wall    26.7s)
[54/250] seed=1306 blobs      h0=5.09e-04 u_in=0.52 west->east conv=True  newton= 11 gmres=  134    0.3s  (wall    27.1s)
[55/250] seed=1307 sin2d      h0=1.56e-03 u_in=0.37 north->west conv=True  newton= 15 gmres=  197    0.4s  (wall    27.5s)
[56/250] seed=1308 uturn      h0=3.09e-04 u_in=1.13 west->west conv=True  newton= 12 gmres=   93    0.3s  (wall    27.8s)
[57/250] seed=1309 serpentine h0=2.11e-03 u_in=0.20 west->west conv=True  newton= 12 gmres=  340    0.7s  (wall    28.4s)
[58/250] seed=1310 grf        h0=2.02e-03 u_in=0.19 west->east conv=True  newton= 21 gmres=  398    0.9s  (wall    29.3s)
[59/250] seed=1311 blobs      h0=1.22e-03 u_in=0.28 north->west conv=True  newton= 14 gmres=  167    0.4s  (wall    29.7s)
[60/250] seed=1312 uniform    h0=3.15e-04 u_in=1.43 west->south conv=True  newton= 11 gmres=   80    0.3s  (wall    30.0s)
[61/250] seed=1304 blobs      h0=2.52e-03 u_in=0.97 west->north conv=True  newton=137 gmres= 4932    7.1s  (wall    30.6s)
[62/250] seed=1314 uniform    h0=2.10e-03 u_in=1.31 east->south conv=True  newton= 48 gmres= 1230    2.2s  (wall    32.8s)
[63/250] seed=1315 quad       h0=1.35e-03 u_in=1.26 north->south conv=True  newton= 24 gmres=  421    0.8s  (wall    33.5s)
[64/250] seed=1316 pins       h0=1.28e-03 u_in=0.10 north->south conv=True  newton= 10 gmres=  106    0.3s  (wall    33.8s)
[65/250] seed=1317 uturn      h0=3.52e-04 u_in=1.31 west->west conv=True  newton= 12 gmres=  144    0.3s  (wall    34.2s)
[66/250] seed=1318 sin2d      h0=8.81e-04 u_in=0.44 south->south conv=True  newton= 14 gmres=  156    0.4s  (wall    34.6s)
[67/250] seed=1313 serpentine h0=3.08e-04 u_in=0.50 east->west conv=False newton=200 gmres= 3138    4.7s  (wall    34.7s)
[68/250] seed=1319 grf        h0=1.35e-03 u_in=0.79 west->north conv=True  newton= 18 gmres=  400    0.7s  (wall    35.3s)
[69/250] seed=1320 grf        h0=1.36e-03 u_in=1.10 east->south conv=True  newton= 27 gmres=  532    0.8s  (wall    35.5s)
[70/250] seed=1321 grf        h0=2.71e-03 u_in=0.33 south->east conv=True  newton= 15 gmres=  260    0.5s  (wall    35.8s)
[71/250] seed=1322 quad       h0=1.88e-03 u_in=1.73 east->south conv=True  newton= 36 gmres=  808    1.3s  (wall    36.8s)
[72/250] seed=1324 uniform    h0=4.35e-04 u_in=0.13 west->south conv=True  newton=  9 gmres=   61    0.2s  (wall    37.1s)
[73/250] seed=1325 pins       h0=6.48e-04 u_in=0.22 south->north conv=True  newton=  9 gmres=   74    0.2s  (wall    37.3s)
[74/250] seed=1323 uniform    h0=2.41e-03 u_in=1.76 north->west conv=True  newton= 65 gmres= 1809    3.0s  (wall    38.8s)
[75/250] seed=1326 sin2d      h0=2.45e-03 u_in=0.94 north->south conv=True  newton= 33 gmres=  824    1.5s  (wall    38.8s)
[76/250] seed=1328 pins       h0=1.02e-03 u_in=0.11 east->north conv=True  newton= 11 gmres=  102    0.3s  (wall    39.1s)
[77/250] seed=1329 grf        h0=1.24e-03 u_in=0.20 west->east conv=True  newton= 12 gmres=  139    0.4s  (wall    39.5s)
[78/250] seed=1330 uniform    h0=6.02e-04 u_in=0.16 north->east conv=True  newton=  8 gmres=   54    0.2s  (wall    39.7s)
[79/250] seed=1327 grf        h0=1.47e-03 u_in=0.54 west->south conv=True  newton= 32 gmres=  640    1.1s  (wall    39.8s)
[80/250] seed=1331 quad       h0=3.15e-04 u_in=0.64 north->south conv=True  newton=  9 gmres=   70    0.3s  (wall    40.0s)
[81/250] seed=1333 quad       h0=1.19e-03 u_in=0.10 east->north conv=True  newton= 10 gmres=  102    0.3s  (wall    40.3s)
[82/250] seed=1332 sin2d      h0=1.35e-03 u_in=0.88 south->east conv=True  newton= 19 gmres=  380    0.7s  (wall    40.5s)
[83/250] seed=1334 uniform    h0=3.49e-04 u_in=0.42 south->east conv=True  newton= 11 gmres=   71    0.3s  (wall    40.6s)
[84/250] seed=1336 quad       h0=8.43e-04 u_in=0.51 east->south conv=True  newton= 14 gmres=  149    0.4s  (wall    40.9s)
[85/250] seed=1335 uturn      h0=4.05e-04 u_in=1.07 west->west conv=True  newton= 12 gmres=  693    0.9s  (wall    41.4s)
[86/250] seed=1338 quad       h0=6.26e-04 u_in=0.25 north->south conv=True  newton=  9 gmres=   68    0.3s  (wall    41.7s)
[87/250] seed=1337 uturn      h0=4.60e-04 u_in=1.58 west->west conv=True  newton= 16 gmres=  464    0.9s  (wall    41.8s)
[88/250] seed=1339 pins       h0=5.76e-04 u_in=1.75 south->north conv=True  newton= 13 gmres=  166    0.4s  (wall    42.1s)
[89/250] seed=1340 uniform    h0=2.09e-03 u_in=0.23 east->north conv=True  newton= 18 gmres=  250    0.5s  (wall    42.4s)
[90/250] seed=1341 quad       h0=3.83e-04 u_in=0.69 west->east conv=True  newton= 11 gmres=   84    0.3s  (wall    42.4s)
[91/250] seed=1342 grf        h0=1.47e-03 u_in=0.55 south->north conv=True  newton= 32 gmres=  737    1.3s  (wall    43.6s)
[92/250] seed=1343 pins       h0=1.16e-03 u_in=1.29 west->south conv=True  newton= 58 gmres=  846    1.5s  (wall    43.9s)
[93/250] seed=1344 uniform    h0=3.20e-04 u_in=0.47 east->west conv=True  newton=  9 gmres=   62    0.3s  (wall    43.9s)
[94/250] seed=1346 quad       h0=9.35e-04 u_in=0.41 south->west conv=True  newton= 11 gmres=  119    0.3s  (wall    44.2s)
[95/250] seed=1347 sin2d      h0=1.05e-03 u_in=1.64 west->south conv=True  newton= 23 gmres=  527    1.0s  (wall    45.2s)
[96/250] seed=1348 pins       h0=7.07e-04 u_in=1.45 south->north conv=True  newton= 14 gmres=  266    0.7s  (wall    45.9s)
[97/250] seed=1345 serpentine h0=1.76e-03 u_in=0.40 south->north conv=False newton=200 gmres= 3465    5.4s  (wall    49.3s)
[98/250] seed=1350 quad       h0=3.28e-04 u_in=0.11 north->east conv=True  newton=  7 gmres=   45    0.3s  (wall    49.6s)
[99/250] seed=1351 quad       h0=1.56e-03 u_in=0.57 east->west conv=True  newton= 18 gmres=  293    0.6s  (wall    50.1s)
[100/250] seed=1277 serpentine h0=1.77e-03 u_in=1.67 west->south conv=False newton=200 gmres=40024   40.9s  (wall    50.9s)
[101/250] seed=1353 pins       h0=5.04e-04 u_in=0.12 east->west conv=True  newton=  9 gmres=   69    0.3s  (wall    51.2s)
[102/250] seed=1280 serpentine h0=1.64e-03 u_in=1.04 south->north conv=False newton=200 gmres=39988   42.3s  (wall    52.7s)
[103/250] seed=1355 grf        h0=5.05e-04 u_in=1.10 east->north conv=True  newton= 39 gmres=  897    1.3s  (wall    54.0s)
[104/250] seed=1356 uturn      h0=7.89e-04 u_in=0.27 west->west conv=True  newton= 10 gmres=  135    0.3s  (wall    54.3s)
[105/250] seed=1354 blobs      h0=1.79e-03 u_in=0.28 east->north conv=True  newton= 84 gmres= 1896    3.2s  (wall    54.3s)
[106/250] seed=1358 quad       h0=3.58e-04 u_in=1.93 north->west conv=True  newton= 13 gmres=  102    0.3s  (wall    54.6s)
[107/250] seed=1357 grf        h0=3.99e-04 u_in=0.29 east->west conv=True  newton= 12 gmres=  138    0.3s  (wall    54.7s)
[108/250] seed=1352 pins       h0=2.87e-03 u_in=1.75 north->west conv=False newton=200 gmres= 2876    4.7s  (wall    54.8s)
[109/250] seed=1360 quad       h0=1.43e-03 u_in=0.15 west->east conv=True  newton= 12 gmres=  113    0.4s  (wall    55.1s)
[110/250] seed=1362 quad       h0=3.56e-04 u_in=0.45 north->south conv=True  newton=  9 gmres=   72    0.3s  (wall    55.4s)
[111/250] seed=1363 pins       h0=4.16e-04 u_in=0.33 east->west conv=True  newton=  8 gmres=   65    0.2s  (wall    55.6s)
[112/250] seed=1361 blobs      h0=8.87e-04 u_in=0.58 east->east conv=True  newton= 14 gmres=  311    0.9s  (wall    55.7s)
[113/250] seed=1364 uniform    h0=1.21e-03 u_in=0.27 south->east conv=True  newton= 13 gmres=  144    0.4s  (wall    56.0s)
[114/250] seed=1365 uniform    h0=1.01e-03 u_in=0.31 west->east conv=True  newton= 11 gmres=  105    0.4s  (wall    56.1s)
[115/250] seed=1366 sin2d      h0=8.02e-04 u_in=0.30 south->east conv=True  newton= 12 gmres=  117    0.3s  (wall    56.3s)
[116/250] seed=1368 serpentine h0=4.84e-04 u_in=0.30 north->east conv=True  newton=  9 gmres=   99    0.3s  (wall    56.6s)
[117/250] seed=1369 uturn      h0=9.33e-04 u_in=1.26 west->west conv=True  newton= 17 gmres=  674    1.6s  (wall    58.2s)
[118/250] seed=1370 pins       h0=1.19e-03 u_in=0.29 west->south conv=True  newton= 11 gmres=  125    0.5s  (wall    58.7s)
[119/250] seed=1371 blobs      h0=6.01e-04 u_in=0.13 east->east conv=True  newton= 11 gmres=   87    0.4s  (wall    59.1s)
[120/250] seed=1359 serpentine h0=1.10e-03 u_in=1.26 west->east conv=False newton=200 gmres= 4990    7.5s  (wall    62.1s)
[121/250] seed=1373 sin2d      h0=1.97e-03 u_in=0.58 west->south conv=True  newton= 26 gmres=  497    0.8s  (wall    62.9s)
[122/250] seed=1374 sin2d      h0=1.38e-03 u_in=0.17 south->west conv=True  newton= 16 gmres=  221    0.5s  (wall    63.5s)
[123/250] seed=1375 uniform    h0=1.16e-03 u_in=1.37 west->east conv=True  newton= 20 gmres=  316    0.6s  (wall    64.1s)
[124/250] seed=1376 sin2d      h0=2.37e-03 u_in=0.31 east->north conv=True  newton= 21 gmres=  365    0.7s  (wall    64.8s)
[125/250] seed=1377 serpentine h0=1.03e-03 u_in=0.11 east->west conv=True  newton=  9 gmres=  115    0.3s  (wall    65.0s)
[126/250] seed=1378 grf        h0=1.74e-03 u_in=0.12 east->east conv=True  newton= 22 gmres=  354    0.6s  (wall    65.6s)
[127/250] seed=1379 grf        h0=1.64e-03 u_in=1.60 north->north conv=True  newton= 37 gmres=  967    1.6s  (wall    67.2s)
[128/250] seed=1372 blobs      h0=2.42e-03 u_in=0.93 west->east conv=False newton=200 gmres= 5246    8.3s  (wall    67.4s)
[129/250] seed=1380 grf        h0=5.64e-04 u_in=0.32 south->west conv=True  newton= 10 gmres=   94    0.3s  (wall    67.4s)
[130/250] seed=1382 blobs      h0=3.23e-04 u_in=1.57 south->west conv=True  newton= 10 gmres=  130    0.3s  (wall    67.7s)
[131/250] seed=1381 quad       h0=1.24e-03 u_in=1.19 south->east conv=True  newton= 20 gmres=  339    0.6s  (wall    68.0s)
[132/250] seed=1383 sin2d      h0=1.32e-03 u_in=0.77 north->north conv=True  newton= 18 gmres=  285    0.5s  (wall    68.3s)
[133/250] seed=1385 quad       h0=3.65e-04 u_in=0.25 east->south conv=True  newton=  8 gmres=   57    0.2s  (wall    68.5s)
[134/250] seed=1367 blobs      h0=2.42e-03 u_in=1.44 west->north conv=False newton=200 gmres= 9103   13.1s  (wall    69.2s)
[135/250] seed=1387 serpentine h0=4.69e-04 u_in=0.14 west->east conv=True  newton=  9 gmres=  124    0.3s  (wall    69.5s)
[136/250] seed=1386 uturn      h0=1.24e-03 u_in=1.40 west->west conv=True  newton= 30 gmres= 1546    2.0s  (wall    70.5s)
[137/250] seed=1384 blobs      h0=1.61e-03 u_in=0.19 east->south conv=True  newton= 69 gmres= 2319    3.4s  (wall    71.4s)
[138/250] seed=1389 sin2d      h0=1.40e-03 u_in=1.94 south->north conv=True  newton= 29 gmres=  721    1.1s  (wall    71.6s)
[139/250] seed=1391 uturn      h0=4.25e-04 u_in=0.30 west->west conv=True  newton= 10 gmres=   82    0.3s  (wall    71.9s)
[140/250] seed=1390 pins       h0=2.87e-03 u_in=0.15 south->north conv=True  newton= 21 gmres=  301    0.6s  (wall    71.9s)
[141/250] seed=1393 uniform    h0=1.66e-03 u_in=0.12 south->west conv=True  newton= 14 gmres=  153    0.4s  (wall    72.3s)
[142/250] seed=1392 grf        h0=3.91e-04 u_in=1.21 east->south conv=True  newton= 17 gmres=  256    0.5s  (wall    72.3s)
[143/250] seed=1394 uniform    h0=4.93e-04 u_in=1.00 north->west conv=True  newton= 10 gmres=   90    0.3s  (wall    72.6s)
[144/250] seed=1395 uniform    h0=1.40e-03 u_in=0.24 west->north conv=True  newton= 14 gmres=  154    0.4s  (wall    72.7s)
[145/250] seed=1397 pins       h0=1.15e-03 u_in=0.51 north->east conv=True  newton= 15 gmres=  228    0.5s  (wall    73.2s)
[146/250] seed=1398 quad       h0=3.64e-04 u_in=0.15 west->north conv=True  newton=  9 gmres=   62    0.2s  (wall    73.5s)
[147/250] seed=1396 pins       h0=2.49e-03 u_in=0.38 east->west conv=True  newton= 24 gmres=  580    1.0s  (wall    73.6s)
[148/250] seed=1400 uniform    h0=2.98e-03 u_in=0.10 east->west conv=True  newton= 16 gmres=  258    0.5s  (wall    74.1s)
[149/250] seed=1399 serpentine h0=3.09e-04 u_in=0.19 north->west conv=True  newton= 17 gmres=  503    0.7s  (wall    74.2s)
[150/250] seed=1401 pins       h0=6.09e-04 u_in=0.19 south->south conv=True  newton= 11 gmres=   90    0.3s  (wall    74.3s)
[151/250] seed=1402 sin2d      h0=8.09e-04 u_in=1.04 east->south conv=True  newton= 14 gmres=  214    0.5s  (wall    74.7s)
[152/250] seed=1388 serpentine h0=2.10e-03 u_in=0.58 west->east conv=False newton=200 gmres= 4187    5.4s  (wall    74.8s)
[153/250] seed=1403 sin2d      h0=1.76e-03 u_in=0.29 south->south conv=True  newton= 17 gmres=  262    0.5s  (wall    74.9s)
[154/250] seed=1404 pins       h0=1.00e-03 u_in=0.13 west->east conv=True  newton=  9 gmres=   74    0.2s  (wall    74.9s)
[155/250] seed=1405 uniform    h0=5.21e-04 u_in=1.96 east->south conv=True  newton= 13 gmres=  142    0.3s  (wall    75.2s)
[156/250] seed=1406 pins       h0=1.20e-03 u_in=0.18 west->east conv=True  newton= 10 gmres=  112    0.3s  (wall    75.2s)
[157/250] seed=1409 blobs      h0=1.94e-03 u_in=0.16 north->east conv=True  newton= 14 gmres=  184    0.4s  (wall    75.6s)
[158/250] seed=1408 uniform    h0=2.21e-03 u_in=0.33 east->north conv=True  newton= 20 gmres=  333    0.6s  (wall    75.8s)
[159/250] seed=1410 quad       h0=2.19e-03 u_in=1.04 west->south conv=True  newton= 32 gmres=  795    1.2s  (wall    76.8s)
[160/250] seed=1412 pins       h0=9.62e-04 u_in=0.11 west->east conv=True  newton= 11 gmres=   86    0.3s  (wall    77.1s)
[161/250] seed=1413 quad       h0=1.89e-03 u_in=0.68 south->east conv=True  newton= 20 gmres=  331    0.6s  (wall    77.8s)
[162/250] seed=1407 serpentine h0=2.79e-03 u_in=1.41 north->south conv=False newton=200 gmres= 2562    3.7s  (wall    78.6s)
[163/250] seed=1415 grf        h0=7.14e-04 u_in=0.23 east->south conv=True  newton= 13 gmres=  136    0.3s  (wall    78.9s)
[164/250] seed=1414 grf        h0=4.88e-04 u_in=1.12 south->south conv=True  newton= 44 gmres=  757    1.2s  (wall    79.0s)
[165/250] seed=1416 uniform    h0=5.86e-04 u_in=0.34 north->north conv=True  newton=  9 gmres=   74    0.3s  (wall    79.2s)
[166/250] seed=1418 uturn      h0=7.82e-04 u_in=0.10 west->west conv=True  newton= 11 gmres=   84    0.3s  (wall    79.5s)
[167/250] seed=1417 grf        h0=6.36e-04 u_in=0.25 west->east conv=True  newton= 28 gmres=  462    0.8s  (wall    79.8s)
[168/250] seed=1420 quad       h0=3.66e-04 u_in=0.40 west->west conv=True  newton= 10 gmres=   69    0.3s  (wall    80.1s)
[169/250] seed=1421 sin2d      h0=1.80e-03 u_in=0.19 south->north conv=True  newton= 15 gmres=  232    0.5s  (wall    80.6s)
[170/250] seed=1422 blobs      h0=1.79e-03 u_in=0.59 east->west conv=True  newton= 21 gmres=  359    0.7s  (wall    81.2s)
[171/250] seed=1419 serpentine h0=7.48e-04 u_in=1.46 south->south conv=True  newton= 41 gmres= 1640    2.0s  (wall    81.5s)
[172/250] seed=1423 quad       h0=7.65e-04 u_in=0.35 north->north conv=True  newton= 12 gmres=  106    0.3s  (wall    81.5s)
[173/250] seed=1424 serpentine h0=5.76e-04 u_in=0.83 west->east conv=True  newton= 10 gmres=  163    0.3s  (wall    81.8s)
[174/250] seed=1426 serpentine h0=3.80e-04 u_in=0.22 south->north conv=True  newton= 23 gmres= 2366    3.1s  (wall    84.9s)
[175/250] seed=1427 uturn      h0=4.99e-04 u_in=0.24 west->west conv=True  newton=  9 gmres=   84    0.2s  (wall    85.2s)
[176/250] seed=1425 sin2d      h0=2.22e-03 u_in=0.42 east->north conv=True  newton=182 gmres= 1816    3.8s  (wall    85.4s)
[177/250] seed=1428 uturn      h0=7.89e-04 u_in=0.13 west->west conv=True  newton=  9 gmres=  101    0.3s  (wall    85.4s)
[178/250] seed=1429 serpentine h0=1.01e-03 u_in=0.11 north->south conv=True  newton=  9 gmres=  154    0.3s  (wall    85.7s)
[179/250] seed=1430 sin2d      h0=5.15e-04 u_in=0.61 west->north conv=True  newton= 12 gmres=  143    0.5s  (wall    85.9s)
[180/250] seed=1432 uniform    h0=3.03e-04 u_in=0.60 south->west conv=True  newton=  9 gmres=   67    0.3s  (wall    86.2s)
[181/250] seed=1431 uniform    h0=1.71e-03 u_in=0.47 south->west conv=True  newton= 17 gmres=  254    0.5s  (wall    86.3s)
[182/250] seed=1349 serpentine h0=2.66e-03 u_in=1.49 east->west conv=False newton=200 gmres=38347   40.4s  (wall    86.3s)
[183/250] seed=1433 grf        h0=3.50e-04 u_in=0.84 west->west conv=True  newton=  9 gmres=   99    0.3s  (wall    86.5s)
[184/250] seed=1435 uniform    h0=1.17e-03 u_in=0.62 east->south conv=True  newton= 15 gmres=  211    0.5s  (wall    86.8s)
[185/250] seed=1436 uniform    h0=6.87e-04 u_in=0.18 west->south conv=True  newton= 10 gmres=   72    0.5s  (wall    87.0s)
[186/250] seed=1438 uniform    h0=7.36e-04 u_in=0.19 south->north conv=True  newton= 10 gmres=   84    0.3s  (wall    87.3s)
[187/250] seed=1437 sin2d      h0=2.84e-03 u_in=0.22 west->east conv=True  newton= 36 gmres=  592    1.0s  (wall    87.8s)
[188/250] seed=1439 uturn      h0=2.54e-03 u_in=0.88 west->west conv=True  newton= 16 gmres=  355    0.6s  (wall    87.8s)
[189/250] seed=1440 uniform    h0=6.06e-04 u_in=0.13 south->west conv=True  newton=  9 gmres=   58    0.3s  (wall    88.1s)
[190/250] seed=1442 quad       h0=4.59e-04 u_in=0.10 north->south conv=True  newton=  8 gmres=   55    0.2s  (wall    88.3s)
[191/250] seed=1441 uniform    h0=1.26e-03 u_in=0.89 north->south conv=True  newton= 17 gmres=  258    0.6s  (wall    88.4s)
[192/250] seed=1444 uturn      h0=3.46e-04 u_in=0.17 west->west conv=True  newton=  8 gmres=   60    0.2s  (wall    88.6s)
[193/250] seed=1443 grf        h0=5.78e-04 u_in=1.06 south->south conv=True  newton= 17 gmres=  283    0.5s  (wall    88.9s)
[194/250] seed=1446 serpentine h0=2.47e-03 u_in=0.11 south->west conv=True  newton= 20 gmres=  432    0.6s  (wall    89.5s)
[195/250] seed=1447 quad       h0=1.30e-03 u_in=0.15 west->south conv=True  newton= 12 gmres=  144    0.4s  (wall    89.8s)
[196/250] seed=1434 serpentine h0=2.91e-03 u_in=0.16 west->west conv=False newton=200 gmres= 2730    4.2s  (wall    90.4s)
[197/250] seed=1449 quad       h0=2.23e-03 u_in=0.17 west->south conv=True  newton= 16 gmres=  226    0.5s  (wall    90.9s)
[198/250] seed=1448 uniform    h0=2.44e-03 u_in=0.55 east->north conv=True  newton= 26 gmres=  627    1.1s  (wall    91.0s)
[199/250] seed=1450 uniform    h0=6.81e-04 u_in=0.16 east->north conv=True  newton= 10 gmres=   70    0.3s  (wall    91.2s)
[200/250] seed=1451 grf        h0=1.54e-03 u_in=0.35 south->east conv=True  newton= 20 gmres=  341    0.6s  (wall    91.6s)
[201/250] seed=1452 sin2d      h0=1.87e-03 u_in=0.24 east->south conv=True  newton= 15 gmres=  232    0.5s  (wall    91.6s)
[202/250] seed=1453 uturn      h0=8.63e-04 u_in=1.08 west->west conv=True  newton= 14 gmres=  158    0.3s  (wall    91.9s)
[203/250] seed=1454 serpentine h0=7.07e-04 u_in=0.22 west->east conv=True  newton= 10 gmres=  117    0.3s  (wall    92.0s)
[204/250] seed=1455 uturn      h0=9.26e-04 u_in=0.19 west->west conv=True  newton= 10 gmres=  134    0.3s  (wall    92.2s)
[205/250] seed=1456 quad       h0=2.59e-03 u_in=0.16 east->north conv=True  newton= 15 gmres=  221    0.4s  (wall    92.4s)
[206/250] seed=1457 quad       h0=1.02e-03 u_in=0.17 east->north conv=True  newton=  9 gmres=   67    0.2s  (wall    92.5s)
[207/250] seed=1459 quad       h0=3.04e-04 u_in=0.79 north->south conv=True  newton=  9 gmres=   66    0.3s  (wall    92.7s)
[208/250] seed=1458 blobs      h0=3.51e-04 u_in=0.62 west->south conv=True  newton= 12 gmres=  168    0.4s  (wall    92.7s)
[209/250] seed=1461 blobs      h0=4.51e-04 u_in=0.20 west->east conv=True  newton=  8 gmres=   55    0.2s  (wall    93.0s)
[210/250] seed=1460 pins       h0=5.48e-04 u_in=0.53 east->south conv=True  newton= 10 gmres=   89    0.3s  (wall    93.0s)
[211/250] seed=1462 quad       h0=7.00e-04 u_in=0.14 south->east conv=True  newton= 10 gmres=   82    0.3s  (wall    93.3s)
[212/250] seed=1464 quad       h0=4.28e-04 u_in=1.49 east->north conv=True  newton= 12 gmres=  119    0.3s  (wall    93.6s)
[213/250] seed=1445 grf        h0=3.00e-03 u_in=0.34 west->south conv=True  newton=108 gmres= 3628    5.2s  (wall    93.8s)
[214/250] seed=1466 sin2d      h0=8.70e-04 u_in=1.53 east->east conv=True  newton= 17 gmres=  216    0.4s  (wall    94.3s)
[215/250] seed=1463 sin2d      h0=2.13e-03 u_in=0.20 west->east conv=True  newton= 90 gmres= 1020    1.8s  (wall    94.8s)
[216/250] seed=1468 serpentine h0=9.14e-04 u_in=0.26 east->west conv=True  newton= 12 gmres=  225    0.5s  (wall    95.2s)
[217/250] seed=1465 sin2d      h0=1.81e-03 u_in=1.95 north->north conv=True  newton= 34 gmres= 1073    1.7s  (wall    95.3s)
[218/250] seed=1470 quad       h0=2.25e-03 u_in=0.21 north->east conv=True  newton= 25 gmres=  307    0.6s  (wall    95.9s)
[219/250] seed=1469 sin2d      h0=2.85e-03 u_in=0.13 west->north conv=True  newton= 22 gmres=  414    0.7s  (wall    96.0s)
[220/250] seed=1467 uturn      h0=2.46e-03 u_in=0.20 west->west conv=True  newton= 25 gmres= 1212    1.8s  (wall    96.0s)
[221/250] seed=1471 serpentine h0=4.03e-04 u_in=0.12 south->west conv=True  newton=  7 gmres=   71    0.2s  (wall    96.1s)
[222/250] seed=1473 uturn      h0=3.85e-04 u_in=0.91 west->west conv=True  newton= 12 gmres=  142    0.3s  (wall    96.3s)
[223/250] seed=1472 blobs      h0=7.31e-04 u_in=0.78 north->north conv=True  newton= 14 gmres=  185    0.4s  (wall    96.4s)
[224/250] seed=1474 blobs      h0=2.02e-03 u_in=0.18 west->north conv=True  newton= 16 gmres=  319    0.5s  (wall    96.7s)
[225/250] seed=1477 uturn      h0=7.06e-04 u_in=1.69 west->west conv=True  newton= 16 gmres=  484    0.8s  (wall    97.5s)
[226/250] seed=1475 uturn      h0=6.42e-04 u_in=1.34 west->west conv=True  newton= 14 gmres= 1057    1.4s  (wall    97.8s)
[227/250] seed=1478 quad       h0=1.01e-03 u_in=0.27 north->south conv=True  newton= 13 gmres=  128    0.4s  (wall    97.8s)
[228/250] seed=1479 blobs      h0=1.11e-03 u_in=0.22 north->south conv=True  newton= 13 gmres=  155    0.5s  (wall    98.2s)
[229/250] seed=1480 quad       h0=6.69e-04 u_in=1.84 south->south conv=True  newton= 17 gmres=  244    0.5s  (wall    98.4s)
[230/250] seed=1482 pins       h0=6.65e-04 u_in=0.15 north->north conv=True  newton= 10 gmres=   88    0.3s  (wall    98.6s)
[231/250] seed=1483 grf        h0=4.47e-04 u_in=0.29 east->west conv=True  newton= 10 gmres=   77    0.3s  (wall    98.9s)
[232/250] seed=1481 serpentine h0=1.94e-03 u_in=0.52 north->west conv=True  newton= 19 gmres=  568    0.8s  (wall    99.0s)
[233/250] seed=1484 uturn      h0=3.78e-04 u_in=0.50 west->west conv=True  newton= 11 gmres=  100    0.3s  (wall    99.2s)
[234/250] seed=1486 sin2d      h0=3.85e-04 u_in=0.18 east->west conv=True  newton=  8 gmres=   56    0.2s  (wall    99.4s)
[235/250] seed=1487 quad       h0=1.60e-03 u_in=0.12 south->west conv=True  newton= 12 gmres=  123    0.3s  (wall    99.7s)
[236/250] seed=1488 quad       h0=1.30e-03 u_in=0.20 east->west conv=True  newton= 13 gmres=  126    0.3s  (wall   100.0s)
[237/250] seed=1489 quad       h0=2.01e-03 u_in=0.56 west->north conv=True  newton= 23 gmres=  376    0.8s  (wall   100.8s)
[238/250] seed=1490 quad       h0=1.51e-03 u_in=1.50 west->north conv=True  newton= 26 gmres=  568    1.0s  (wall   101.8s)
[239/250] seed=1491 uturn      h0=2.00e-03 u_in=0.25 west->west conv=True  newton= 13 gmres=  435    0.9s  (wall   102.7s)
[240/250] seed=1492 pins       h0=9.86e-04 u_in=1.19 south->west conv=True  newton= 15 gmres=  229    0.7s  (wall   103.3s)
[241/250] seed=1485 uturn      h0=1.43e-03 u_in=0.63 west->west conv=False newton=200 gmres= 3194    4.9s  (wall   104.0s)
[242/250] seed=1494 grf        h0=4.56e-04 u_in=0.60 north->south conv=True  newton= 13 gmres=  139    0.4s  (wall   104.4s)
[243/250] seed=1493 uturn      h0=2.95e-03 u_in=0.16 west->west conv=True  newton= 14 gmres=  775    1.8s  (wall   105.2s)
[244/250] seed=1476 blobs      h0=1.56e-03 u_in=0.37 north->east conv=False newton=200 gmres= 5533    9.3s  (wall   105.7s)
[245/250] seed=1496 grf        h0=1.13e-03 u_in=0.40 north->west conv=True  newton= 14 gmres=  174    0.5s  (wall   105.7s)
[246/250] seed=1497 pins       h0=9.81e-04 u_in=0.15 north->south conv=True  newton= 10 gmres=  108    0.3s  (wall   106.0s)
[247/250] seed=1499 grf        h0=6.58e-04 u_in=0.21 south->south conv=True  newton= 12 gmres=  117    0.4s  (wall   106.4s)
[248/250] seed=1498 sin2d      h0=7.02e-04 u_in=1.01 west->north conv=True  newton= 16 gmres=  243    0.7s  (wall   106.4s)
[249/250] seed=1495 serpentine h0=2.33e-03 u_in=0.61 east->south conv=False newton=200 gmres= 5766    9.6s  (wall   113.9s)
[250/250] seed=1411 serpentine h0=8.09e-04 u_in=1.74 south->north conv=False newton=200 gmres=40042   46.5s  (wall   122.2s)
done: 1 shards -> experiments/nsbm/data
=== chunk seed0=1500 n=250 workers=4 (other load ~17 cores) 01:03:10
generate n=250 seed0=1500 workers=4 out=experiments/nsbm/data
[1/250] seed=1500 uniform    h0=3.65e-04 u_in=0.39 west->north conv=True  newton=  9 gmres=   61    0.4s  (wall     0.7s)
[2/250] seed=1503 sin2d      h0=1.32e-03 u_in=0.20 south->north conv=True  newton= 13 gmres=  144    0.5s  (wall     0.9s)
[3/250] seed=1502 uniform    h0=1.06e-03 u_in=1.34 north->north conv=True  newton= 18 gmres=  256    0.6s  (wall     0.9s)
[4/250] seed=1504 pins       h0=9.57e-04 u_in=0.41 north->east conv=True  newton= 14 gmres=  154    0.5s  (wall     1.2s)
[5/250] seed=1501 blobs      h0=2.88e-03 u_in=0.31 west->south conv=True  newton= 27 gmres=  621    1.1s  (wall     1.4s)
[6/250] seed=1507 uturn      h0=7.18e-04 u_in=0.73 west->west conv=True  newton= 13 gmres=  256    0.5s  (wall     1.6s)
[7/250] seed=1508 quad       h0=1.31e-03 u_in=0.12 west->north conv=True  newton= 13 gmres=  113    0.3s  (wall     1.8s)
[8/250] seed=1505 uturn      h0=1.05e-03 u_in=0.96 west->west conv=True  newton= 15 gmres=  594    0.9s  (wall     1.8s)
[9/250] seed=1506 quad       h0=2.55e-03 u_in=0.58 west->south conv=True  newton= 36 gmres=  703    1.1s  (wall     2.1s)
[10/250] seed=1511 sin2d      h0=3.69e-04 u_in=0.55 west->east conv=True  newton= 10 gmres=  101    0.3s  (wall     2.1s)
[11/250] seed=1509 uniform    h0=1.37e-03 u_in=0.81 west->east conv=True  newton= 19 gmres=  327    0.7s  (wall     2.3s)
[12/250] seed=1513 blobs      h0=4.57e-04 u_in=0.14 east->south conv=True  newton=  8 gmres=   59    0.2s  (wall     2.3s)
[13/250] seed=1515 uniform    h0=2.25e-03 u_in=0.27 north->south conv=True  newton= 21 gmres=  342    0.6s  (wall     2.9s)
[14/250] seed=1514 quad       h0=1.19e-03 u_in=1.57 north->east conv=True  newton= 21 gmres=  439    0.7s  (wall     3.0s)
[15/250] seed=1517 uturn      h0=1.35e-03 u_in=0.16 west->west conv=True  newton= 10 gmres=  176    0.4s  (wall     3.4s)
[16/250] seed=1516 grf        h0=9.52e-04 u_in=1.41 west->north conv=True  newton= 18 gmres=  403    0.7s  (wall     3.6s)
[17/250] seed=1518 quad       h0=1.13e-03 u_in=0.33 east->north conv=True  newton= 12 gmres=  129    0.4s  (wall     3.7s)
[18/250] seed=1519 quad       h0=4.45e-04 u_in=0.14 west->west conv=True  newton= 10 gmres=   81    0.3s  (wall     3.9s)
[19/250] seed=1510 blobs      h0=1.89e-03 u_in=0.86 north->east conv=True  newton= 45 gmres= 1504    2.2s  (wall     3.9s)
[20/250] seed=1520 uniform    h0=3.32e-04 u_in=0.55 north->west conv=True  newton= 10 gmres=   65    0.3s  (wall     4.0s)
[21/250] seed=1521 grf        h0=3.75e-04 u_in=1.55 east->north conv=True  newton= 18 gmres=  260    0.5s  (wall     4.4s)
[22/250] seed=1523 grf        h0=1.06e-03 u_in=0.30 north->east conv=True  newton= 13 gmres=  148    0.4s  (wall     4.4s)
[23/250] seed=1525 sin2d      h0=5.85e-04 u_in=1.77 north->west conv=True  newton= 13 gmres=  156    0.3s  (wall     4.8s)
[24/250] seed=1526 uniform    h0=1.96e-03 u_in=0.26 west->east conv=True  newton= 17 gmres=  247    0.5s  (wall     5.3s)
[25/250] seed=1522 serpentine h0=9.38e-04 u_in=0.85 north->north conv=True  newton= 25 gmres= 1262    1.5s  (wall     5.5s)
[26/250] seed=1527 sin2d      h0=9.39e-04 u_in=0.16 west->north conv=True  newton= 10 gmres=   90    0.3s  (wall     5.6s)
[27/250] seed=1529 serpentine h0=6.55e-04 u_in=0.27 west->south conv=True  newton= 10 gmres=  100    0.3s  (wall     5.9s)
[28/250] seed=1524 uturn      h0=1.41e-03 u_in=0.45 west->west conv=True  newton= 21 gmres= 1330    1.8s  (wall     6.2s)
[29/250] seed=1530 uniform    h0=1.35e-03 u_in=0.26 south->west conv=True  newton= 13 gmres=  155    0.4s  (wall     6.2s)
[30/250] seed=1532 uniform    h0=4.19e-04 u_in=1.37 south->west conv=True  newton= 11 gmres=   88    0.3s  (wall     6.5s)
[31/250] seed=1531 uniform    h0=6.48e-04 u_in=1.46 south->south conv=True  newton= 14 gmres=  162    0.4s  (wall     6.6s)
[32/250] seed=1533 uturn      h0=4.22e-04 u_in=0.14 west->west conv=True  newton=  9 gmres=   64    0.2s  (wall     6.8s)
[33/250] seed=1528 pins       h0=2.56e-03 u_in=0.47 west->south conv=True  newton= 27 gmres=  932    1.4s  (wall     6.9s)
[34/250] seed=1534 blobs      h0=2.32e-03 u_in=0.12 west->south conv=True  newton= 16 gmres=  307    0.5s  (wall     7.1s)
[35/250] seed=1512 blobs      h0=1.16e-03 u_in=1.37 south->east conv=False newton=200 gmres= 3671    5.1s  (wall     7.2s)
[36/250] seed=1536 quad       h0=1.12e-03 u_in=0.25 east->north conv=True  newton= 13 gmres=  138    0.4s  (wall     7.3s)
[37/250] seed=1539 pins       h0=8.19e-04 u_in=0.30 east->south conv=True  newton= 12 gmres=  116    0.3s  (wall     7.6s)
[38/250] seed=1540 quad       h0=6.80e-04 u_in=0.16 east->west conv=True  newton= 10 gmres=   92    0.3s  (wall     7.9s)
[39/250] seed=1541 blobs      h0=3.34e-04 u_in=0.36 south->east conv=True  newton= 10 gmres=   66    0.3s  (wall     8.2s)
[40/250] seed=1537 pins       h0=2.15e-03 u_in=0.75 west->south conv=True  newton= 27 gmres=  666    1.1s  (wall     8.2s)
[41/250] seed=1543 pins       h0=5.91e-04 u_in=0.73 north->west conv=True  newton= 13 gmres=  134    0.3s  (wall     8.6s)
[42/250] seed=1538 grf        h0=9.76e-04 u_in=0.22 west->north conv=True  newton= 56 gmres=  888    1.5s  (wall     8.7s)
[43/250] seed=1542 uniform    h0=2.21e-03 u_in=0.23 north->north conv=True  newton= 17 gmres=  294    0.6s  (wall     8.7s)
[44/250] seed=1544 grf        h0=6.76e-04 u_in=0.19 north->north conv=True  newton= 11 gmres=  144    0.4s  (wall     8.9s)
[45/250] seed=1546 uturn      h0=5.47e-04 u_in=0.23 west->west conv=True  newton= 11 gmres=  149    0.3s  (wall     9.1s)
[46/250] seed=1545 sin2d      h0=5.25e-04 u_in=1.97 west->east conv=True  newton= 16 gmres=  254    0.5s  (wall     9.2s)
[47/250] seed=1548 blobs      h0=4.65e-04 u_in=0.56 west->east conv=True  newton=  9 gmres=   97    0.3s  (wall     9.4s)
[48/250] seed=1550 blobs      h0=3.20e-04 u_in=0.34 south->east conv=True  newton=  9 gmres=   92    0.3s  (wall     9.7s)
[49/250] seed=1551 uniform    h0=9.56e-04 u_in=0.34 west->south conv=True  newton= 12 gmres=  122    0.3s  (wall    10.0s)
[50/250] seed=1552 uniform    h0=1.94e-03 u_in=0.14 south->west conv=True  newton= 15 gmres=  196    0.4s  (wall    10.4s)
[51/250] seed=1553 uniform    h0=1.63e-03 u_in=0.45 north->south conv=True  newton= 18 gmres=  238    0.5s  (wall    10.9s)
[52/250] seed=1554 serpentine h0=1.15e-03 u_in=0.17 south->west conv=True  newton= 10 gmres=  187    0.4s  (wall    11.3s)
[53/250] seed=1549 serpentine h0=4.51e-04 u_in=1.22 north->south conv=True  newton= 68 gmres= 1618    2.2s  (wall    11.4s)
[54/250] seed=1555 blobs      h0=9.44e-04 u_in=0.11 north->south conv=True  newton=  9 gmres=  114    0.2s  (wall    11.6s)
[55/250] seed=1547 serpentine h0=2.78e-03 u_in=0.87 west->south conv=False newton=200 gmres= 2758    4.2s  (wall    13.2s)
[56/250] seed=1535 serpentine h0=2.59e-03 u_in=0.58 south->east conv=False newton=200 gmres= 5129    6.7s  (wall    13.4s)
[57/250] seed=1558 grf        h0=3.74e-04 u_in=1.59 east->east conv=True  newton= 12 gmres=  228    0.7s  (wall    13.8s)
[58/250] seed=1559 quad       h0=2.95e-03 u_in=0.12 north->east conv=True  newton= 22 gmres=  305    0.7s  (wall    14.1s)
[59/250] seed=1560 pins       h0=8.99e-04 u_in=0.18 east->west conv=True  newton= 11 gmres=   89    0.4s  (wall    14.2s)
[60/250] seed=1561 sin2d      h0=4.98e-04 u_in=0.75 east->east conv=True  newton= 14 gmres=  161    0.4s  (wall    14.5s)
[61/250] seed=1557 grf        h0=2.18e-03 u_in=0.82 south->east conv=True  newton=128 gmres= 1765    3.0s  (wall    14.6s)
[62/250] seed=1562 uniform    h0=1.12e-03 u_in=0.21 west->west conv=True  newton= 13 gmres=  124    0.5s  (wall    14.7s)
[63/250] seed=1564 sin2d      h0=4.23e-04 u_in=0.28 east->east conv=True  newton= 13 gmres=  109    0.3s  (wall    14.9s)
[64/250] seed=1566 grf        h0=9.83e-04 u_in=0.27 south->east conv=True  newton=  9 gmres=   65    0.3s  (wall    15.1s)
[65/250] seed=1563 blobs      h0=2.79e-03 u_in=0.22 east->west conv=True  newton= 21 gmres=  422    0.7s  (wall    15.2s)
[66/250] seed=1568 quad       h0=5.26e-04 u_in=0.35 east->north conv=True  newton= 11 gmres=   92    0.3s  (wall    15.5s)
[67/250] seed=1567 sin2d      h0=8.64e-04 u_in=0.37 north->south conv=True  newton= 12 gmres=  136    0.3s  (wall    15.5s)
[68/250] seed=1570 pins       h0=3.51e-04 u_in=0.38 east->south conv=True  newton=  8 gmres=   54    0.2s  (wall    15.7s)
[69/250] seed=1571 grf        h0=3.05e-04 u_in=0.81 east->north conv=True  newton= 17 gmres=  258    0.5s  (wall    16.2s)
[70/250] seed=1565 sin2d      h0=2.92e-03 u_in=0.42 east->west conv=True  newton= 32 gmres=  654    1.6s  (wall    16.3s)
[71/250] seed=1573 pins       h0=5.15e-04 u_in=0.14 south->east conv=True  newton=  9 gmres=   78    0.3s  (wall    16.6s)
[72/250] seed=1574 uturn      h0=4.22e-04 u_in=1.03 west->west conv=True  newton= 13 gmres=  237    0.4s  (wall    17.0s)
[73/250] seed=1572 sin2d      h0=1.47e-03 u_in=1.52 east->east conv=True  newton= 22 gmres=  535    0.9s  (wall    17.1s)
[74/250] seed=1576 pins       h0=8.64e-04 u_in=0.22 south->south conv=True  newton= 13 gmres=  138    0.4s  (wall    17.4s)
[75/250] seed=1575 grf        h0=4.87e-04 u_in=0.91 west->north conv=True  newton= 12 gmres=  173    0.4s  (wall    17.4s)
[76/250] seed=1577 sin2d      h0=1.14e-03 u_in=0.88 west->south conv=True  newton= 19 gmres=  287    0.5s  (wall    18.0s)
[77/250] seed=1578 blobs      h0=1.95e-03 u_in=0.31 east->east conv=True  newton= 17 gmres=  479    0.7s  (wall    18.2s)
[78/250] seed=1579 quad       h0=5.22e-04 u_in=0.44 west->south conv=True  newton= 12 gmres=   87    0.3s  (wall    18.3s)
[79/250] seed=1581 grf        h0=3.28e-04 u_in=0.24 east->south conv=True  newton= 13 gmres=  138    0.3s  (wall    18.6s)
[80/250] seed=1580 sin2d      h0=2.53e-03 u_in=0.11 north->east conv=True  newton= 17 gmres=  253    0.5s  (wall    18.6s)
[81/250] seed=1569 serpentine h0=4.90e-04 u_in=0.48 east->east conv=True  newton=149 gmres= 2012    3.3s  (wall    18.8s)
[82/250] seed=1584 pins       h0=5.43e-04 u_in=0.22 south->east conv=True  newton= 10 gmres=   76    0.3s  (wall    19.1s)
[83/250] seed=1585 grf        h0=5.14e-04 u_in=1.18 north->north conv=True  newton= 13 gmres=  169    0.4s  (wall    19.4s)
[84/250] seed=1586 blobs      h0=3.84e-04 u_in=0.37 north->west conv=True  newton=  9 gmres=   87    0.3s  (wall    19.7s)
[85/250] seed=1582 pins       h0=1.16e-03 u_in=1.59 west->east conv=True  newton= 34 gmres=  973    1.5s  (wall    20.1s)
[86/250] seed=1583 pins       h0=1.01e-03 u_in=1.82 west->east conv=True  newton= 25 gmres=  980    1.5s  (wall    20.1s)
[87/250] seed=1587 pins       h0=1.06e-03 u_in=1.11 north->west conv=True  newton= 17 gmres=  359    0.7s  (wall    20.4s)
[88/250] seed=1589 grf        h0=5.32e-04 u_in=0.95 north->west conv=True  newton= 15 gmres=  188    0.4s  (wall    20.6s)
[89/250] seed=1590 grf        h0=4.09e-04 u_in=0.73 north->west conv=True  newton= 10 gmres=  106    0.3s  (wall    20.7s)
[90/250] seed=1592 uniform    h0=1.09e-03 u_in=0.22 east->south conv=True  newton= 12 gmres=  115    0.3s  (wall    21.0s)
[91/250] seed=1593 pins       h0=9.70e-04 u_in=0.10 west->east conv=True  newton= 11 gmres=   86    0.3s  (wall    21.3s)
[92/250] seed=1591 blobs      h0=2.00e-03 u_in=1.12 west->south conv=True  newton= 16 gmres=  698    1.0s  (wall    21.5s)
[93/250] seed=1594 pins       h0=1.36e-03 u_in=1.09 south->north conv=True  newton= 18 gmres=  318    0.7s  (wall    22.0s)
[94/250] seed=1595 pins       h0=1.98e-03 u_in=0.25 east->south conv=True  newton= 17 gmres=  260    0.5s  (wall    22.1s)
[95/250] seed=1588 grf        h0=2.14e-03 u_in=0.70 south->south conv=True  newton= 33 gmres= 1211    2.0s  (wall    22.1s)
[96/250] seed=1598 blobs      h0=6.41e-04 u_in=0.39 south->west conv=True  newton= 11 gmres=   95    0.3s  (wall    22.4s)
[97/250] seed=1597 quad       h0=4.99e-04 u_in=0.87 east->west conv=True  newton= 13 gmres=  156    0.4s  (wall    22.5s)
[98/250] seed=1599 grf        h0=6.08e-04 u_in=1.16 south->west conv=True  newton= 19 gmres=  286    0.5s  (wall    23.0s)
[99/250] seed=1556 serpentine h0=1.70e-03 u_in=0.19 west->west conv=False newton=200 gmres= 8734   11.8s  (wall    23.3s)
[100/250] seed=1600 grf        h0=3.00e-03 u_in=0.23 east->west conv=True  newton= 21 gmres=  479    0.8s  (wall    23.3s)
[101/250] seed=1603 pins       h0=3.74e-04 u_in=1.18 west->east conv=True  newton= 11 gmres=  151    0.4s  (wall    23.6s)
[102/250] seed=1602 grf        h0=4.17e-04 u_in=1.13 south->east conv=True  newton= 11 gmres=  154    0.4s  (wall    23.7s)
[103/250] seed=1601 quad       h0=1.62e-03 u_in=0.94 west->east conv=True  newton= 22 gmres=  484    0.8s  (wall    23.8s)
[104/250] seed=1605 uturn      h0=1.81e-03 u_in=0.12 west->west conv=True  newton= 11 gmres=  290    0.5s  (wall    24.2s)
[105/250] seed=1606 uturn      h0=1.30e-03 u_in=0.22 west->west conv=True  newton= 11 gmres=  211    0.4s  (wall    24.2s)
[106/250] seed=1607 uniform    h0=7.31e-04 u_in=0.22 north->south conv=True  newton= 11 gmres=   81    0.3s  (wall    24.5s)
[107/250] seed=1608 quad       h0=7.28e-04 u_in=0.22 east->north conv=True  newton=  9 gmres=   74    0.3s  (wall    24.5s)
[108/250] seed=1610 uniform    h0=1.20e-03 u_in=0.13 west->south conv=True  newton= 11 gmres=   89    0.3s  (wall    24.8s)
[109/250] seed=1604 pins       h0=1.65e-03 u_in=0.38 south->north conv=True  newton= 21 gmres=  869    1.7s  (wall    25.3s)
[110/250] seed=1609 grf        h0=2.09e-03 u_in=0.36 east->north conv=True  newton= 53 gmres=  892    1.4s  (wall    25.9s)
[111/250] seed=1613 uturn      h0=2.41e-03 u_in=0.17 west->west conv=True  newton= 14 gmres=  199    0.4s  (wall    26.3s)
[112/250] seed=1596 sin2d      h0=2.83e-03 u_in=1.16 south->west conv=True  newton= 48 gmres= 2737    4.4s  (wall    26.4s)
[113/250] seed=1612 sin2d      h0=2.24e-03 u_in=0.58 west->south conv=True  newton= 28 gmres=  548    1.3s  (wall    26.6s)
[114/250] seed=1614 pins       h0=5.25e-04 u_in=0.20 east->south conv=True  newton=  9 gmres=   80    0.3s  (wall    26.6s)
[115/250] seed=1615 grf        h0=5.80e-04 u_in=0.12 west->east conv=True  newton= 13 gmres=  105    0.3s  (wall    26.7s)
[116/250] seed=1616 quad       h0=7.88e-04 u_in=0.48 north->west conv=True  newton= 12 gmres=  111    0.4s  (wall    27.0s)
[117/250] seed=1619 uniform    h0=4.49e-04 u_in=0.18 south->north conv=True  newton=  8 gmres=   62    0.3s  (wall    27.3s)
[118/250] seed=1620 pins       h0=1.04e-03 u_in=0.28 west->north conv=True  newton= 13 gmres=  158    0.5s  (wall    27.8s)
[119/250] seed=1617 uniform    h0=2.29e-03 u_in=0.85 east->south conv=True  newton= 38 gmres=  855    1.4s  (wall    28.0s)
[120/250] seed=1622 blobs      h0=1.94e-03 u_in=0.45 west->north conv=True  newton= 19 gmres=  351    0.6s  (wall    28.6s)
[121/250] seed=1623 serpentine h0=3.04e-04 u_in=0.13 north->south conv=True  newton=  8 gmres=   86    0.2s  (wall    28.8s)
[122/250] seed=1621 sin2d      h0=1.92e-03 u_in=0.31 west->north conv=True  newton= 22 gmres=  326    1.1s  (wall    28.9s)
[123/250] seed=1624 quad       h0=1.08e-03 u_in=0.13 east->north conv=True  newton= 10 gmres=  109    0.3s  (wall    29.1s)
[124/250] seed=1626 quad       h0=5.71e-04 u_in=0.76 east->west conv=True  newton= 11 gmres=  109    0.3s  (wall    29.4s)
[125/250] seed=1625 quad       h0=1.34e-03 u_in=0.40 south->north conv=True  newton= 14 gmres=  172    0.6s  (wall    29.5s)
[126/250] seed=1611 serpentine h0=1.97e-03 u_in=1.69 west->west conv=False newton=200 gmres= 4257    5.8s  (wall    30.7s)
[127/250] seed=1618 uturn      h0=1.61e-03 u_in=1.01 west->west conv=False newton=200 gmres= 2632    4.0s  (wall    30.8s)
[128/250] seed=1629 pins       h0=6.29e-04 u_in=0.13 west->east conv=True  newton=  9 gmres=   79    0.3s  (wall    30.9s)
[129/250] seed=1628 uniform    h0=2.21e-03 u_in=0.98 north->north conv=True  newton= 36 gmres=  748    1.7s  (wall    31.2s)
[130/250] seed=1631 uniform    h0=5.29e-04 u_in=0.45 east->west conv=True  newton= 11 gmres=   82    0.3s  (wall    31.2s)
[131/250] seed=1632 quad       h0=4.59e-04 u_in=0.91 north->east conv=True  newton= 10 gmres=   86    0.3s  (wall    31.5s)
[132/250] seed=1634 sin2d      h0=1.35e-03 u_in=0.12 east->west conv=True  newton= 14 gmres=  179    0.4s  (wall    31.9s)
[133/250] seed=1633 uniform    h0=2.33e-03 u_in=0.19 west->north conv=True  newton= 17 gmres=  237    0.7s  (wall    31.9s)
[134/250] seed=1635 pins       h0=4.76e-04 u_in=0.11 east->west conv=True  newton=  8 gmres=   65    0.2s  (wall    32.1s)
[135/250] seed=1636 sin2d      h0=8.20e-04 u_in=0.32 east->north conv=True  newton= 13 gmres=  142    0.4s  (wall    32.3s)
[136/250] seed=1637 uturn      h0=3.94e-04 u_in=0.23 west->west conv=True  newton= 10 gmres=   96    0.3s  (wall    32.4s)
[137/250] seed=1639 sin2d      h0=5.26e-04 u_in=0.72 west->east conv=True  newton= 14 gmres=  177    0.4s  (wall    32.8s)
[138/250] seed=1638 quad       h0=9.62e-04 u_in=1.71 south->west conv=True  newton= 17 gmres=  263    0.5s  (wall    32.8s)
[139/250] seed=1640 grf        h0=3.27e-04 u_in=0.15 south->south conv=True  newton=  7 gmres=   50    0.2s  (wall    33.0s)
[140/250] seed=1641 uniform    h0=6.13e-04 u_in=1.13 south->west conv=True  newton= 12 gmres=  120    0.3s  (wall    33.2s)
[141/250] seed=1642 quad       h0=1.42e-03 u_in=0.71 north->west conv=True  newton= 18 gmres=  280    0.5s  (wall    33.5s)
[142/250] seed=1643 blobs      h0=1.72e-03 u_in=0.50 east->south conv=True  newton= 18 gmres=  308    0.5s  (wall    33.7s)
[143/250] seed=1645 uturn      h0=7.32e-04 u_in=0.21 west->west conv=True  newton= 11 gmres=  181    0.4s  (wall    34.1s)
[144/250] seed=1644 uniform    h0=1.91e-03 u_in=1.43 east->west conv=True  newton= 31 gmres=  781    1.2s  (wall    34.7s)
[145/250] seed=1627 uturn      h0=1.78e-03 u_in=1.00 west->west conv=False newton=200 gmres= 3498    5.4s  (wall    34.8s)
[146/250] seed=1647 grf        h0=8.77e-04 u_in=0.21 south->east conv=True  newton= 16 gmres=  306    0.6s  (wall    35.3s)
[147/250] seed=1646 grf        h0=1.80e-03 u_in=1.80 south->north conv=True  newton= 31 gmres=  913    1.5s  (wall    35.6s)
[148/250] seed=1630 pins       h0=2.76e-03 u_in=0.90 west->east conv=False newton=200 gmres= 3071    4.9s  (wall    35.7s)
[149/250] seed=1650 quad       h0=3.70e-04 u_in=0.71 north->east conv=True  newton= 11 gmres=   82    0.3s  (wall    35.9s)
[150/250] seed=1652 serpentine h0=7.88e-04 u_in=0.32 west->west conv=True  newton= 14 gmres=  246    0.4s  (wall    36.3s)
[151/250] seed=1651 sin2d      h0=4.20e-04 u_in=1.68 west->north conv=True  newton= 25 gmres=  323    0.7s  (wall    36.5s)
[152/250] seed=1648 quad       h0=2.91e-03 u_in=0.23 west->north conv=True  newton= 41 gmres= 1043    1.7s  (wall    36.5s)
[153/250] seed=1653 grf        h0=9.24e-04 u_in=0.10 east->south conv=True  newton= 11 gmres=  179    0.4s  (wall    36.7s)
[154/250] seed=1655 quad       h0=3.04e-04 u_in=0.33 south->east conv=True  newton= 10 gmres=   69    0.2s  (wall    36.7s)
[155/250] seed=1654 pins       h0=6.54e-04 u_in=1.00 west->west conv=True  newton= 13 gmres=  142    0.3s  (wall    36.8s)
[156/250] seed=1657 blobs      h0=4.08e-04 u_in=0.11 west->south conv=True  newton=  8 gmres=   52    0.2s  (wall    36.9s)
[157/250] seed=1658 blobs      h0=5.28e-04 u_in=0.93 east->north conv=True  newton= 11 gmres=  140    0.3s  (wall    37.1s)
[158/250] seed=1656 pins       h0=2.32e-03 u_in=0.92 north->north conv=True  newton= 25 gmres= 1363    1.9s  (wall    38.6s)
[159/250] seed=1661 quad       h0=1.35e-03 u_in=0.15 east->north conv=True  newton= 12 gmres=  131    0.4s  (wall    38.9s)
[160/250] seed=1662 uturn      h0=6.75e-04 u_in=0.41 west->west conv=True  newton= 12 gmres=  196    0.5s  (wall    39.5s)
[161/250] seed=1663 pins       h0=9.24e-04 u_in=0.35 north->east conv=True  newton= 12 gmres=  146    0.4s  (wall    39.8s)
[162/250] seed=1664 sin2d      h0=3.02e-04 u_in=0.72 south->north conv=True  newton= 10 gmres=   84    0.3s  (wall    40.1s)
[163/250] seed=1660 grf        h0=2.79e-03 u_in=0.31 north->east conv=True  newton= 59 gmres= 2254    3.3s  (wall    40.4s)
[164/250] seed=1665 sin2d      h0=8.60e-04 u_in=0.23 west->north conv=True  newton= 13 gmres=  114    0.3s  (wall    40.4s)
[165/250] seed=1659 uturn      h0=1.79e-03 u_in=1.11 west->west conv=False newton=200 gmres= 2443    3.7s  (wall    40.6s)
[166/250] seed=1667 pins       h0=2.09e-03 u_in=0.11 east->south conv=True  newton= 13 gmres=  253    0.5s  (wall    40.9s)
[167/250] seed=1668 blobs      h0=4.11e-04 u_in=0.83 north->west conv=True  newton= 13 gmres=  195    0.4s  (wall    41.0s)
[168/250] seed=1666 sin2d      h0=4.92e-04 u_in=1.98 west->east conv=True  newton= 36 gmres=  781    1.3s  (wall    41.7s)
[169/250] seed=1670 blobs      h0=1.50e-03 u_in=0.58 north->west conv=True  newton= 18 gmres=  606    0.8s  (wall    41.8s)
[170/250] seed=1671 uturn      h0=5.25e-04 u_in=0.15 west->west conv=True  newton= 11 gmres=   71    0.2s  (wall    41.9s)
[171/250] seed=1673 serpentine h0=1.36e-03 u_in=0.68 east->west conv=True  newton= 16 gmres=  461    0.7s  (wall    42.6s)
[172/250] seed=1672 uturn      h0=1.46e-03 u_in=0.23 west->west conv=True  newton= 21 gmres=  605    0.8s  (wall    42.7s)
[173/250] seed=1675 uniform    h0=3.20e-04 u_in=0.12 east->south conv=True  newton=  7 gmres=   50    0.2s  (wall    42.9s)
[174/250] seed=1676 uniform    h0=3.81e-04 u_in=1.05 east->north conv=True  newton= 12 gmres=   85    0.3s  (wall    43.2s)
[175/250] seed=1669 uturn      h0=2.23e-03 u_in=0.10 west->west conv=True  newton= 35 gmres= 2151    2.8s  (wall    43.7s)
[176/250] seed=1677 quad       h0=1.94e-03 u_in=0.42 south->west conv=True  newton= 23 gmres=  456    0.7s  (wall    43.9s)
[177/250] seed=1678 uniform    h0=7.67e-04 u_in=0.14 north->north conv=True  newton= 10 gmres=   89    0.3s  (wall    44.0s)
[178/250] seed=1679 pins       h0=1.10e-03 u_in=0.16 east->west conv=True  newton= 11 gmres=  103    0.3s  (wall    44.2s)
[179/250] seed=1681 quad       h0=1.03e-03 u_in=0.27 north->south conv=True  newton= 12 gmres=  122    0.3s  (wall    44.6s)
[180/250] seed=1682 serpentine h0=5.07e-04 u_in=0.25 south->east conv=True  newton=  9 gmres=   93    0.2s  (wall    44.8s)
[181/250] seed=1683 quad       h0=5.45e-04 u_in=1.62 south->east conv=True  newton= 12 gmres=  106    0.3s  (wall    45.1s)
[182/250] seed=1684 uniform    h0=2.61e-03 u_in=0.34 south->west conv=True  newton= 31 gmres=  468    0.9s  (wall    46.0s)
[183/250] seed=1685 blobs      h0=8.44e-04 u_in=0.25 east->north conv=True  newton= 12 gmres=  156    0.4s  (wall    46.3s)
[184/250] seed=1686 blobs      h0=7.37e-04 u_in=1.60 east->west conv=True  newton= 15 gmres=  258    0.5s  (wall    46.9s)
[185/250] seed=1687 blobs      h0=1.02e-03 u_in=0.75 north->west conv=True  newton= 15 gmres=  200    0.4s  (wall    47.3s)
[186/250] seed=1688 blobs      h0=3.86e-04 u_in=0.26 east->north conv=True  newton=  9 gmres=   89    0.3s  (wall    47.6s)
[187/250] seed=1689 uturn      h0=2.59e-03 u_in=0.56 west->west conv=True  newton= 43 gmres= 1873    3.1s  (wall    50.7s)
[188/250] seed=1674 serpentine h0=2.86e-03 u_in=1.20 west->south conv=False newton=200 gmres= 6994    9.3s  (wall    52.0s)
[189/250] seed=1690 pins       h0=2.45e-03 u_in=0.74 west->south conv=True  newton=111 gmres= 2447    4.4s  (wall    55.1s)
[190/250] seed=1692 uturn      h0=8.13e-04 u_in=0.29 west->west conv=True  newton= 10 gmres=  151    0.3s  (wall    55.4s)
[191/250] seed=1693 uniform    h0=7.06e-04 u_in=1.39 east->east conv=True  newton= 15 gmres=  162    0.6s  (wall    56.0s)
[192/250] seed=1691 uturn      h0=1.64e-03 u_in=0.39 west->west conv=True  newton= 94 gmres= 3011    4.4s  (wall    56.4s)
[193/250] seed=1694 sin2d      h0=4.70e-04 u_in=1.10 north->north conv=True  newton= 11 gmres=   92    0.5s  (wall    56.5s)
[194/250] seed=1695 quad       h0=1.72e-03 u_in=0.80 west->east conv=True  newton= 23 gmres=  407    0.7s  (wall    57.0s)
[195/250] seed=1696 sin2d      h0=2.26e-03 u_in=0.73 north->east conv=True  newton= 31 gmres=  724    1.4s  (wall    57.9s)
[196/250] seed=1697 pins       h0=1.36e-03 u_in=0.89 south->east conv=True  newton= 19 gmres=  349    0.9s  (wall    57.9s)
[197/250] seed=1698 quad       h0=3.52e-04 u_in=0.96 north->north conv=True  newton= 12 gmres=  125    0.4s  (wall    58.3s)
[198/250] seed=1699 uturn      h0=2.12e-03 u_in=0.24 west->west conv=True  newton= 12 gmres=  418    0.7s  (wall    58.6s)
[199/250] seed=1700 uniform    h0=1.62e-03 u_in=0.50 west->east conv=True  newton= 17 gmres=  274    0.6s  (wall    58.8s)
[200/250] seed=1680 uturn      h0=5.27e-04 u_in=1.52 west->west conv=False newton=200 gmres= 8751   15.0s  (wall    59.0s)
[201/250] seed=1701 pins       h0=4.96e-04 u_in=1.46 south->north conv=True  newton= 13 gmres=  162    0.4s  (wall    59.0s)
[202/250] seed=1702 quad       h0=3.30e-04 u_in=0.14 north->east conv=True  newton=  7 gmres=   48    0.3s  (wall    59.2s)
[203/250] seed=1703 pins       h0=7.32e-04 u_in=1.36 south->east conv=True  newton= 15 gmres=  234    0.5s  (wall    59.5s)
[204/250] seed=1706 quad       h0=2.06e-03 u_in=0.29 west->west conv=True  newton= 19 gmres=  293    0.7s  (wall    60.2s)
[205/250] seed=1704 uniform    h0=2.19e-03 u_in=2.00 north->west conv=True  newton= 83 gmres= 1411    2.5s  (wall    61.5s)
[206/250] seed=1705 uturn      h0=2.91e-03 u_in=0.17 west->west conv=True  newton= 24 gmres= 1511    2.3s  (wall    61.5s)
[207/250] seed=1709 serpentine h0=3.33e-04 u_in=1.47 west->west conv=True  newton= 12 gmres=  148    0.4s  (wall    61.9s)
[208/250] seed=1708 uniform    h0=1.59e-03 u_in=0.16 east->east conv=True  newton= 13 gmres=  130    0.4s  (wall    61.9s)
[209/250] seed=1710 pins       h0=5.48e-04 u_in=0.60 north->west conv=True  newton= 10 gmres=  106    0.3s  (wall    62.2s)
[210/250] seed=1711 grf        h0=3.22e-04 u_in=0.89 west->north conv=True  newton= 13 gmres=  168    0.5s  (wall    62.4s)
[211/250] seed=1713 sin2d      h0=9.89e-04 u_in=0.99 east->south conv=True  newton= 18 gmres=  274    0.5s  (wall    62.9s)
[212/250] seed=1714 blobs      h0=3.43e-04 u_in=0.73 east->west conv=True  newton=  9 gmres=   97    0.3s  (wall    63.2s)
[213/250] seed=1712 grf        h0=2.09e-03 u_in=1.75 east->west conv=True  newton= 33 gmres=  853    1.6s  (wall    63.8s)
[214/250] seed=1715 uniform    h0=1.68e-03 u_in=0.69 east->west conv=True  newton= 20 gmres=  347    0.7s  (wall    63.9s)
[215/250] seed=1717 sin2d      h0=3.23e-04 u_in=0.30 west->south conv=True  newton=  9 gmres=   61    0.3s  (wall    64.2s)
[216/250] seed=1716 pins       h0=8.38e-04 u_in=1.60 east->south conv=True  newton= 31 gmres= 1523    2.8s  (wall    66.6s)
[217/250] seed=1707 serpentine h0=8.58e-04 u_in=0.29 south->west conv=False newton=200 gmres= 4020    6.5s  (wall    66.7s)
[218/250] seed=1720 uturn      h0=3.64e-04 u_in=0.11 west->west conv=True  newton=  8 gmres=   75    0.3s  (wall    67.0s)
[219/250] seed=1721 blobs      h0=2.46e-03 u_in=0.20 east->east conv=True  newton= 18 gmres=  535    1.3s  (wall    68.3s)
[220/250] seed=1722 blobs      h0=5.75e-04 u_in=1.31 east->north conv=True  newton= 12 gmres=  129    0.7s  (wall    69.0s)
[221/250] seed=1723 pins       h0=6.25e-04 u_in=0.34 west->west conv=True  newton= 11 gmres=   93    0.3s  (wall    69.4s)
[222/250] seed=1724 pins       h0=1.58e-03 u_in=0.50 south->north conv=True  newton= 17 gmres=  267    0.7s  (wall    70.0s)
[223/250] seed=1719 blobs      h0=2.88e-03 u_in=0.24 north->east conv=True  newton= 31 gmres= 1650    3.5s  (wall    70.2s)
[224/250] seed=1725 quad       h0=4.30e-04 u_in=0.12 west->east conv=True  newton=  9 gmres=   61    0.3s  (wall    70.3s)
[225/250] seed=1727 uturn      h0=3.14e-04 u_in=0.12 west->west conv=True  newton=  8 gmres=   61    0.2s  (wall    70.5s)
[226/250] seed=1726 quad       h0=3.76e-04 u_in=0.37 east->south conv=True  newton= 10 gmres=   73    0.4s  (wall    70.5s)
[227/250] seed=1649 serpentine h0=1.75e-03 u_in=0.71 east->east conv=False newton=200 gmres=31382   35.3s  (wall    70.6s)
[228/250] seed=1729 pins       h0=4.42e-04 u_in=0.24 west->east conv=True  newton=  9 gmres=   70    0.3s  (wall    70.8s)
[229/250] seed=1730 grf        h0=3.09e-04 u_in=0.79 north->south conv=True  newton= 12 gmres=  103    0.3s  (wall    70.9s)
[230/250] seed=1732 grf        h0=7.83e-04 u_in=0.90 north->north conv=True  newton= 13 gmres=  145    0.4s  (wall    71.3s)
[231/250] seed=1733 sin2d      h0=5.32e-04 u_in=0.35 west->north conv=True  newton= 12 gmres=  125    0.4s  (wall    71.6s)
[232/250] seed=1734 sin2d      h0=4.02e-04 u_in=0.41 east->south conv=True  newton=  9 gmres=   77    0.3s  (wall    71.9s)
[233/250] seed=1718 serpentine h0=2.80e-03 u_in=0.16 north->west conv=True  newton=117 gmres= 6030    8.2s  (wall    72.3s)
[234/250] seed=1728 sin2d      h0=1.51e-03 u_in=1.49 south->south conv=True  newton= 44 gmres=  776    1.9s  (wall    72.4s)
[235/250] seed=1737 serpentine h0=4.61e-04 u_in=0.29 north->south conv=True  newton= 10 gmres=  118    0.3s  (wall    72.7s)
[236/250] seed=1736 grf        h0=6.08e-04 u_in=0.51 west->east conv=True  newton= 15 gmres=  189    0.5s  (wall    72.8s)
[237/250] seed=1738 blobs      h0=3.36e-04 u_in=1.03 south->west conv=True  newton= 12 gmres=  100    0.3s  (wall    73.0s)
[238/250] seed=1739 uniform    h0=1.07e-03 u_in=0.36 east->north conv=True  newton= 12 gmres=  120    0.4s  (wall    73.2s)
[239/250] seed=1741 quad       h0=3.19e-04 u_in=0.80 south->north conv=True  newton= 12 gmres=   92    0.3s  (wall    73.5s)
[240/250] seed=1740 grf        h0=1.85e-03 u_in=1.08 east->west conv=True  newton= 21 gmres=  512    1.3s  (wall    74.3s)
[241/250] seed=1743 pins       h0=7.81e-04 u_in=0.28 east->north conv=True  newton= 11 gmres=  107    0.3s  (wall    74.6s)
[242/250] seed=1744 sin2d      h0=7.84e-04 u_in=1.31 east->east conv=True  newton= 15 gmres=  186    0.5s  (wall    75.1s)
[243/250] seed=1731 uturn      h0=2.72e-03 u_in=1.47 west->west conv=False newton=200 gmres= 3778    6.8s  (wall    77.6s)
[244/250] seed=1746 quad       h0=3.12e-04 u_in=0.15 south->south conv=True  newton= 10 gmres=   74    0.3s  (wall    77.9s)
[245/250] seed=1745 uniform    h0=2.24e-03 u_in=1.66 north->west conv=True  newton= 78 gmres= 1958    4.4s  (wall    79.5s)
[246/250] seed=1735 serpentine h0=1.65e-03 u_in=0.35 north->south conv=False newton=200 gmres= 4548    7.8s  (wall    79.7s)
[247/250] seed=1748 quad       h0=5.81e-04 u_in=0.12 north->south conv=True  newton=  9 gmres=   68    0.3s  (wall    79.8s)
[248/250] seed=1749 quad       h0=4.78e-04 u_in=0.25 south->east conv=True  newton= 10 gmres=   76    0.3s  (wall    79.9s)
[249/250] seed=1742 blobs      h0=2.85e-03 u_in=0.56 south->east conv=False newton=200 gmres= 5433    9.0s  (wall    82.5s)
[250/250] seed=1747 serpentine h0=2.13e-03 u_in=0.58 west->south conv=False newton=200 gmres= 8451   12.0s  (wall    90.0s)
done: 1 shards -> experiments/nsbm/data
=== chunk seed0=1750 n=250 workers=4 (other load ~16 cores) 01:04:41
generate n=250 seed0=1750 workers=4 out=experiments/nsbm/data
[1/250] seed=1751 pins       h0=1.05e-03 u_in=0.37 north->south conv=True  newton= 13 gmres=  148    0.6s  (wall     0.9s)
[2/250] seed=1753 pins       h0=5.98e-04 u_in=0.68 west->north conv=True  newton= 13 gmres=  138    0.6s  (wall     1.0s)
[3/250] seed=1750 quad       h0=2.18e-03 u_in=1.03 north->east conv=True  newton= 32 gmres=  878    1.6s  (wall     1.9s)
[4/250] seed=1755 grf        h0=2.20e-03 u_in=0.32 west->north conv=True  newton= 31 gmres=  584    0.9s  (wall     1.9s)
[5/250] seed=1754 sin2d      h0=2.00e-03 u_in=0.23 south->west conv=True  newton= 21 gmres=  357    1.0s  (wall     1.9s)
[6/250] seed=1752 grf        h0=1.63e-03 u_in=0.67 north->east conv=True  newton= 52 gmres= 1178    2.4s  (wall     2.8s)
[7/250] seed=1757 grf        h0=2.79e-03 u_in=0.44 west->east conv=True  newton= 30 gmres=  900    1.5s  (wall     3.3s)
[8/250] seed=1758 sin2d      h0=2.82e-03 u_in=0.76 west->west conv=True  newton= 31 gmres=  875    1.6s  (wall     3.5s)
[9/250] seed=1759 uturn      h0=8.32e-04 u_in=1.86 west->west conv=True  newton= 16 gmres=  486    0.8s  (wall     3.6s)
[10/250] seed=1760 grf        h0=7.47e-04 u_in=0.15 east->east conv=True  newton= 10 gmres=  114    0.4s  (wall     3.8s)
[11/250] seed=1762 uniform    h0=6.33e-04 u_in=0.35 north->north conv=True  newton= 12 gmres=  102    0.3s  (wall     3.9s)
[12/250] seed=1763 pins       h0=1.26e-03 u_in=0.14 north->south conv=True  newton= 12 gmres=  146    0.4s  (wall     4.1s)
[13/250] seed=1764 pins       h0=3.73e-04 u_in=0.44 east->west conv=True  newton=  9 gmres=   61    0.3s  (wall     4.2s)
[14/250] seed=1765 uniform    h0=5.51e-04 u_in=0.51 south->north conv=True  newton= 10 gmres=   90    0.3s  (wall     4.4s)
[15/250] seed=1766 quad       h0=5.68e-04 u_in=0.79 west->south conv=True  newton= 13 gmres=  131    0.4s  (wall     4.6s)
[16/250] seed=1761 sin2d      h0=1.28e-03 u_in=1.38 west->east conv=True  newton= 25 gmres=  627    1.1s  (wall     4.7s)
[17/250] seed=1768 pins       h0=5.64e-04 u_in=0.66 west->south conv=True  newton= 11 gmres=  106    0.3s  (wall     4.9s)
[18/250] seed=1769 uturn      h0=1.31e-03 u_in=0.24 west->west conv=True  newton= 14 gmres=  133    0.3s  (wall     5.0s)
[19/250] seed=1771 grf        h0=3.23e-04 u_in=1.19 south->west conv=True  newton= 13 gmres=  118    0.3s  (wall     5.3s)
[20/250] seed=1756 serpentine h0=1.14e-03 u_in=0.59 south->north conv=False newton=200 gmres= 2366    3.7s  (wall     5.5s)
[21/250] seed=1772 grf        h0=1.07e-03 u_in=0.52 west->south conv=True  newton= 16 gmres=  275    0.5s  (wall     5.8s)
[22/250] seed=1773 sin2d      h0=4.79e-04 u_in=0.86 east->north conv=True  newton= 11 gmres=  112    0.3s  (wall     5.8s)
[23/250] seed=1775 uturn      h0=5.70e-04 u_in=0.11 west->west conv=True  newton=  8 gmres=   71    0.2s  (wall     6.1s)
[24/250] seed=1776 sin2d      h0=1.35e-03 u_in=1.59 west->east conv=True  newton= 26 gmres=  570    0.9s  (wall     7.0s)
[25/250] seed=1774 uturn      h0=9.09e-04 u_in=1.47 west->west conv=True  newton= 24 gmres= 1129    1.7s  (wall     7.5s)
[26/250] seed=1767 serpentine h0=5.52e-04 u_in=0.66 north->west conv=False newton=200 gmres= 2465    3.5s  (wall     7.9s)
[27/250] seed=1777 uturn      h0=2.05e-03 u_in=0.36 west->west conv=True  newton= 16 gmres=  717    0.9s  (wall     8.0s)
[28/250] seed=1780 uturn      h0=5.56e-04 u_in=0.15 west->west conv=True  newton= 10 gmres=   63    0.3s  (wall     8.2s)
[29/250] seed=1781 pins       h0=5.75e-04 u_in=1.38 east->north conv=True  newton= 17 gmres=  235    0.7s  (wall     9.0s)
[30/250] seed=1779 serpentine h0=1.25e-03 u_in=0.67 south->west conv=True  newton= 15 gmres=  779    1.1s  (wall     9.0s)
[31/250] seed=1778 pins       h0=2.32e-03 u_in=0.92 east->west conv=True  newton= 29 gmres= 1442    2.5s  (wall    10.0s)
[32/250] seed=1770 serpentine h0=2.34e-03 u_in=0.46 north->south conv=False newton=200 gmres= 3978    6.6s  (wall    11.5s)
[33/250] seed=1785 uniform    h0=3.32e-04 u_in=0.14 east->west conv=True  newton=  7 gmres=   51    0.2s  (wall    11.7s)
[34/250] seed=1786 pins       h0=1.83e-03 u_in=1.61 east->north conv=True  newton= 38 gmres=  774    1.4s  (wall    13.1s)
[35/250] seed=1787 grf        h0=4.84e-04 u_in=0.50 north->west conv=True  newton= 13 gmres=  161    0.4s  (wall    13.6s)
[36/250] seed=1788 quad       h0=3.47e-04 u_in=0.27 north->west conv=True  newton=  9 gmres=   62    0.3s  (wall    13.8s)
[37/250] seed=1782 serpentine h0=2.09e-03 u_in=1.03 north->south conv=False newton=200 gmres= 3274    6.0s  (wall    14.9s)
[38/250] seed=1783 uturn      h0=2.75e-03 u_in=0.56 west->west conv=False newton=200 gmres= 4514    7.2s  (wall    16.2s)
[39/250] seed=1791 grf        h0=3.31e-04 u_in=1.27 west->east conv=True  newton= 13 gmres=  201    0.4s  (wall    16.6s)
[40/250] seed=1792 serpentine h0=6.25e-04 u_in=0.10 west->north conv=True  newton= 10 gmres=  109    0.3s  (wall    16.9s)
[41/250] seed=1793 uturn      h0=1.33e-03 u_in=0.24 west->west conv=True  newton= 12 gmres=  330    0.7s  (wall    17.6s)
[42/250] seed=1794 uniform    h0=5.24e-04 u_in=0.23 north->west conv=True  newton= 10 gmres=   73    0.3s  (wall    17.9s)
[43/250] seed=1790 serpentine h0=7.29e-04 u_in=0.92 east->west conv=True  newton= 46 gmres= 2128    3.2s  (wall    18.1s)
[44/250] seed=1796 pins       h0=6.95e-04 u_in=0.77 north->south conv=True  newton= 11 gmres=  107    0.4s  (wall    18.5s)
[45/250] seed=1789 serpentine h0=2.97e-03 u_in=0.36 west->north conv=False newton=200 gmres= 3237    4.9s  (wall    18.7s)
[46/250] seed=1798 uturn      h0=8.86e-04 u_in=0.92 west->west conv=True  newton= 14 gmres=  354    0.6s  (wall    19.3s)
[47/250] seed=1797 grf        h0=2.20e-03 u_in=1.14 south->south conv=True  newton= 31 gmres=  665    1.2s  (wall    19.7s)
[48/250] seed=1784 blobs      h0=1.67e-03 u_in=0.79 east->west conv=True  newton=194 gmres= 6513   10.1s  (wall    20.0s)
[49/250] seed=1800 blobs      h0=9.32e-04 u_in=0.48 north->east conv=True  newton= 14 gmres=  136    0.5s  (wall    20.2s)
[50/250] seed=1801 pins       h0=3.47e-04 u_in=0.15 north->north conv=True  newton=  8 gmres=   53    0.2s  (wall    20.2s)
[51/250] seed=1803 blobs      h0=1.72e-03 u_in=0.13 east->west conv=True  newton= 11 gmres=  172    0.4s  (wall    20.6s)
[52/250] seed=1802 sin2d      h0=8.83e-04 u_in=0.52 south->north conv=True  newton= 14 gmres=  182    0.5s  (wall    20.7s)
[53/250] seed=1804 blobs      h0=5.24e-04 u_in=0.37 west->east conv=True  newton= 10 gmres=   85    0.3s  (wall    20.9s)
[54/250] seed=1805 blobs      h0=1.01e-03 u_in=0.11 east->south conv=True  newton= 12 gmres=   92    0.3s  (wall    20.9s)
[55/250] seed=1795 serpentine h0=6.45e-04 u_in=1.22 west->south conv=True  newton= 31 gmres= 2253    3.1s  (wall    21.0s)
[56/250] seed=1807 uniform    h0=9.39e-04 u_in=0.28 east->north conv=True  newton= 11 gmres=   96    0.3s  (wall    21.3s)
[57/250] seed=1806 uniform    h0=7.30e-04 u_in=1.45 west->north conv=True  newton= 15 gmres=  173    0.4s  (wall    21.3s)
[58/250] seed=1808 pins       h0=5.06e-04 u_in=0.71 south->west conv=True  newton= 12 gmres=  140    0.3s  (wall    21.4s)
[59/250] seed=1809 quad       h0=9.59e-04 u_in=0.37 north->north conv=True  newton= 13 gmres=  138    0.4s  (wall    21.7s)
[60/250] seed=1810 grf        h0=7.71e-04 u_in=1.41 south->east conv=True  newton= 17 gmres=  319    0.6s  (wall    21.9s)
[61/250] seed=1812 uturn      h0=6.87e-04 u_in=0.52 west->west conv=True  newton= 14 gmres=  115    0.3s  (wall    21.9s)
[62/250] seed=1814 pins       h0=6.46e-04 u_in=0.82 north->north conv=True  newton= 13 gmres=  138    0.4s  (wall    22.3s)
[63/250] seed=1813 grf        h0=6.79e-04 u_in=0.92 west->north conv=True  newton= 21 gmres=  359    0.7s  (wall    22.6s)
[64/250] seed=1816 pins       h0=4.29e-04 u_in=1.07 west->north conv=True  newton= 11 gmres=  128    0.3s  (wall    23.0s)
[65/250] seed=1815 uniform    h0=1.20e-03 u_in=1.54 west->north conv=True  newton= 23 gmres=  602    1.1s  (wall    23.4s)
[66/250] seed=1799 serpentine h0=8.68e-04 u_in=0.82 north->east conv=False newton=200 gmres= 2527    4.2s  (wall    23.5s)
[67/250] seed=1819 sin2d      h0=9.47e-04 u_in=1.51 west->south conv=True  newton= 18 gmres=  260    0.6s  (wall    24.1s)
[68/250] seed=1811 blobs      h0=2.20e-03 u_in=0.86 east->south conv=True  newton= 57 gmres= 3306    4.8s  (wall    26.2s)
[69/250] seed=1821 quad       h0=7.00e-04 u_in=0.31 south->west conv=True  newton= 10 gmres=   87    0.3s  (wall    26.5s)
[70/250] seed=1822 quad       h0=1.29e-03 u_in=0.24 north->west conv=True  newton= 14 gmres=  136    0.4s  (wall    26.8s)
[71/250] seed=1818 serpentine h0=3.34e-04 u_in=1.09 south->north conv=True  newton= 94 gmres= 3655    5.0s  (wall    28.4s)
[72/250] seed=1824 uturn      h0=1.32e-03 u_in=1.67 west->west conv=True  newton= 16 gmres=  315    0.6s  (wall    29.0s)
[73/250] seed=1823 grf        h0=3.88e-04 u_in=1.71 west->east conv=True  newton= 37 gmres= 1529    2.8s  (wall    29.7s)
[74/250] seed=1817 serpentine h0=2.81e-03 u_in=0.35 south->south conv=False newton=200 gmres= 4590    7.1s  (wall    30.1s)
[75/250] seed=1827 uniform    h0=3.26e-04 u_in=1.45 west->east conv=True  newton= 12 gmres=   95    0.4s  (wall    30.5s)
[76/250] seed=1820 serpentine h0=8.36e-04 u_in=1.89 west->south conv=False newton=200 gmres= 4860    7.7s  (wall    31.8s)
[77/250] seed=1829 pins       h0=4.75e-04 u_in=0.55 north->south conv=True  newton=  9 gmres=   76    0.3s  (wall    32.1s)
[78/250] seed=1830 uniform    h0=4.80e-04 u_in=0.75 north->east conv=True  newton= 11 gmres=   93    0.3s  (wall    32.4s)
[79/250] seed=1825 pins       h0=2.60e-03 u_in=1.39 north->south conv=False newton=200 gmres= 2806    4.6s  (wall    33.6s)
[80/250] seed=1832 pins       h0=9.57e-04 u_in=0.20 west->east conv=True  newton= 11 gmres=   95    0.3s  (wall    33.9s)
[81/250] seed=1833 serpentine h0=3.96e-04 u_in=0.40 east->south conv=True  newton= 10 gmres=  100    0.2s  (wall    34.2s)
[82/250] seed=1828 uturn      h0=1.42e-03 u_in=0.48 west->west conv=True  newton= 61 gmres= 2389    4.1s  (wall    34.5s)
[83/250] seed=1835 sin2d      h0=7.91e-04 u_in=0.17 east->south conv=True  newton= 12 gmres=  114    0.4s  (wall    34.9s)
[84/250] seed=1834 quad       h0=2.32e-03 u_in=0.72 north->east conv=True  newton= 37 gmres=  812    1.7s  (wall    35.8s)
[85/250] seed=1826 serpentine h0=3.19e-04 u_in=1.34 south->east conv=False newton=200 gmres= 5037    6.5s  (wall    36.1s)
[86/250] seed=1838 sin2d      h0=2.47e-03 u_in=0.25 west->north conv=True  newton= 17 gmres=  320    0.6s  (wall    36.7s)
[87/250] seed=1839 grf        h0=6.99e-04 u_in=0.20 south->east conv=True  newton= 13 gmres=  180    0.4s  (wall    37.1s)
[88/250] seed=1831 serpentine h0=1.62e-03 u_in=0.43 south->east conv=False newton=200 gmres= 3553    5.0s  (wall    37.4s)
[89/250] seed=1840 quad       h0=7.59e-04 u_in=0.42 east->east conv=True  newton= 15 gmres=  157    0.4s  (wall    37.5s)
[90/250] seed=1841 uturn      h0=3.45e-04 u_in=0.26 west->west conv=True  newton= 10 gmres=   92    0.3s  (wall    37.8s)
[91/250] seed=1842 serpentine h0=8.89e-04 u_in=0.24 south->north conv=True  newton= 15 gmres=  400    0.6s  (wall    38.0s)
[92/250] seed=1843 pins       h0=7.85e-04 u_in=0.22 north->east conv=True  newton= 11 gmres=   85    0.4s  (wall    38.2s)
[93/250] seed=1845 uniform    h0=4.85e-04 u_in=1.52 north->north conv=True  newton= 11 gmres=  107    0.4s  (wall    38.6s)
[94/250] seed=1837 blobs      h0=2.38e-03 u_in=1.11 south->east conv=True  newton= 98 gmres= 2767    4.2s  (wall    40.1s)
[95/250] seed=1836 uturn      h0=2.14e-03 u_in=1.94 west->west conv=False newton=200 gmres= 3885    6.6s  (wall    41.5s)
[96/250] seed=1844 uturn      h0=8.94e-04 u_in=1.80 west->west conv=False newton=200 gmres= 3386    5.6s  (wall    43.6s)
[97/250] seed=1847 blobs      h0=2.87e-03 u_in=1.40 north->east conv=False newton=200 gmres= 3375    4.9s  (wall    45.0s)
[98/250] seed=1846 blobs      h0=2.98e-03 u_in=0.50 north->east conv=True  newton=178 gmres= 4461    6.6s  (wall    45.2s)
[99/250] seed=1850 sin2d      h0=8.83e-04 u_in=1.08 south->east conv=True  newton= 16 gmres=  238    0.5s  (wall    45.5s)
[100/250] seed=1849 sin2d      h0=2.76e-03 u_in=1.16 south->west conv=True  newton= 42 gmres= 1229    1.9s  (wall    45.6s)
[101/250] seed=1851 blobs      h0=1.15e-03 u_in=0.11 west->south conv=True  newton=  9 gmres=  120    0.4s  (wall    45.6s)
[102/250] seed=1852 quad       h0=2.13e-03 u_in=0.11 east->west conv=True  newton= 13 gmres=  164    0.4s  (wall    45.9s)
[103/250] seed=1855 blobs      h0=1.96e-03 u_in=0.16 north->north conv=True  newton= 15 gmres=  190    0.4s  (wall    46.3s)
[104/250] seed=1853 grf        h0=5.38e-04 u_in=1.09 west->east conv=True  newton= 28 gmres=  511    0.8s  (wall    46.4s)
[105/250] seed=1857 quad       h0=1.01e-03 u_in=0.70 north->west conv=True  newton= 16 gmres=  206    0.6s  (wall    47.0s)
[106/250] seed=1856 uturn      h0=3.88e-04 u_in=1.36 west->west conv=True  newton= 45 gmres= 1366    2.2s  (wall    48.5s)
[107/250] seed=1858 grf        h0=2.15e-03 u_in=1.37 east->west conv=True  newton= 30 gmres= 1228    2.0s  (wall    49.0s)
[108/250] seed=1859 sin2d      h0=8.77e-04 u_in=0.45 south->north conv=True  newton= 16 gmres=  208    0.5s  (wall    49.0s)
[109/250] seed=1861 quad       h0=4.27e-04 u_in=0.73 north->south conv=True  newton= 11 gmres=   96    0.3s  (wall    49.4s)
[110/250] seed=1860 pins       h0=5.18e-04 u_in=1.98 south->south conv=True  newton= 14 gmres=  136    0.4s  (wall    49.4s)
[111/250] seed=1862 uturn      h0=5.73e-04 u_in=0.11 west->west conv=True  newton=  8 gmres=   70    0.2s  (wall    49.6s)
[112/250] seed=1854 grf        h0=2.88e-03 u_in=0.53 south->north conv=False newton=200 gmres= 2317    4.0s  (wall    49.6s)
[113/250] seed=1863 blobs      h0=7.57e-04 u_in=1.22 east->north conv=True  newton= 31 gmres=  577    1.0s  (wall    50.4s)
[114/250] seed=1866 pins       h0=1.72e-03 u_in=0.29 north->east conv=True  newton= 16 gmres=  235    0.5s  (wall    50.9s)
[115/250] seed=1867 uniform    h0=1.31e-03 u_in=1.33 north->north conv=True  newton= 19 gmres=  324    0.6s  (wall    51.5s)
[116/250] seed=1848 blobs      h0=2.39e-03 u_in=0.97 west->west conv=False newton=200 gmres= 7682   10.2s  (wall    51.7s)
[117/250] seed=1864 uniform    h0=2.26e-03 u_in=1.36 north->north conv=True  newton= 45 gmres= 1235    2.3s  (wall    51.9s)
[118/250] seed=1870 uturn      h0=5.41e-04 u_in=0.12 west->west conv=True  newton=  9 gmres=   65    0.2s  (wall    52.1s)
[119/250] seed=1871 uturn      h0=5.38e-04 u_in=0.14 west->west conv=True  newton= 10 gmres=   71    0.3s  (wall    52.4s)
[120/250] seed=1872 pins       h0=1.18e-03 u_in=0.39 south->west conv=True  newton= 15 gmres=  197    0.6s  (wall    53.0s)
[121/250] seed=1873 blobs      h0=1.25e-03 u_in=0.41 west->north conv=True  newton= 14 gmres=  198    0.4s  (wall    53.4s)
[122/250] seed=1869 uniform    h0=2.67e-03 u_in=0.60 south->south conv=True  newton= 46 gmres= 1237    2.1s  (wall    53.8s)
[123/250] seed=1874 serpentine h0=7.59e-04 u_in=1.23 north->south conv=True  newton= 18 gmres=  397    0.7s  (wall    54.1s)
[124/250] seed=1875 pins       h0=1.01e-03 u_in=0.11 west->south conv=True  newton= 11 gmres=  108    0.3s  (wall    54.1s)
[125/250] seed=1865 blobs      h0=2.90e-03 u_in=1.06 south->east conv=False newton=200 gmres= 2830    4.6s  (wall    54.2s)
[126/250] seed=1878 quad       h0=3.65e-04 u_in=0.49 east->south conv=True  newton=  9 gmres=   77    0.3s  (wall    54.5s)
[127/250] seed=1868 uturn      h0=1.61e-03 u_in=1.60 west->west conv=True  newton= 20 gmres= 2130    3.0s  (wall    54.5s)
[128/250] seed=1877 grf        h0=4.28e-04 u_in=1.75 east->south conv=True  newton= 12 gmres=  164    0.5s  (wall    54.6s)
[129/250] seed=1879 grf        h0=5.56e-04 u_in=0.10 east->north conv=True  newton=  9 gmres=   74    0.3s  (wall    54.7s)
[130/250] seed=1876 sin2d      h0=1.23e-03 u_in=0.58 south->east conv=True  newton= 17 gmres=  215    0.7s  (wall    54.8s)
[131/250] seed=1880 sin2d      h0=6.56e-04 u_in=0.13 north->east conv=True  newton= 11 gmres=   94    0.3s  (wall    54.8s)
[132/250] seed=1884 uniform    h0=6.01e-04 u_in=0.15 west->south conv=True  newton=  8 gmres=   53    0.2s  (wall    55.1s)
[133/250] seed=1883 pins       h0=4.76e-04 u_in=0.49 south->north conv=True  newton= 10 gmres=   98    0.3s  (wall    55.1s)
[134/250] seed=1882 uturn      h0=5.09e-04 u_in=0.71 west->west conv=True  newton= 13 gmres=  197    0.4s  (wall    55.2s)
[135/250] seed=1881 uniform    h0=1.53e-03 u_in=1.12 south->south conv=True  newton= 24 gmres=  427    0.7s  (wall    55.3s)
[136/250] seed=1886 quad       h0=3.34e-04 u_in=0.39 west->north conv=True  newton=  9 gmres=   66    0.2s  (wall    55.3s)
[137/250] seed=1888 quad       h0=1.44e-03 u_in=0.16 north->south conv=True  newton= 11 gmres=  101    0.3s  (wall    55.6s)
[138/250] seed=1889 quad       h0=1.39e-03 u_in=0.33 south->south conv=True  newton= 16 gmres=  206    0.5s  (wall    55.8s)
[139/250] seed=1885 pins       h0=8.86e-04 u_in=1.60 west->east conv=True  newton= 19 gmres=  338    0.7s  (wall    55.8s)
[140/250] seed=1891 serpentine h0=3.60e-04 u_in=1.51 east->west conv=True  newton= 12 gmres=  219    0.4s  (wall    56.2s)
[141/250] seed=1890 blobs      h0=3.12e-04 u_in=1.32 west->north conv=True  newton= 12 gmres=  404    0.6s  (wall    56.3s)
[142/250] seed=1892 uturn      h0=3.00e-03 u_in=0.20 west->west conv=True  newton= 15 gmres=  246    0.5s  (wall    56.3s)
[143/250] seed=1893 uniform    h0=8.15e-04 u_in=0.53 north->west conv=True  newton= 13 gmres=  136    0.3s  (wall    56.5s)
[144/250] seed=1894 serpentine h0=3.77e-04 u_in=0.43 north->south conv=True  newton= 12 gmres=  207    0.4s  (wall    56.7s)
[145/250] seed=1896 uturn      h0=2.09e-03 u_in=0.32 west->west conv=True  newton= 15 gmres=  212    0.4s  (wall    57.0s)
[146/250] seed=1895 pins       h0=2.59e-03 u_in=0.23 east->west conv=True  newton= 21 gmres=  436    0.8s  (wall    57.1s)
[147/250] seed=1887 serpentine h0=1.35e-03 u_in=0.19 east->west conv=True  newton= 20 gmres= 1108    2.3s  (wall    57.5s)
[148/250] seed=1898 quad       h0=1.72e-03 u_in=1.46 north->south conv=True  newton= 27 gmres=  584    0.9s  (wall    57.9s)
[149/250] seed=1899 grf        h0=2.84e-03 u_in=0.39 south->south conv=True  newton= 21 gmres=  536    1.0s  (wall    58.1s)
[150/250] seed=1900 pins       h0=1.35e-03 u_in=0.66 west->east conv=True  newton= 17 gmres=  290    0.9s  (wall    58.3s)
[151/250] seed=1902 pins       h0=6.16e-04 u_in=0.26 east->south conv=True  newton= 10 gmres=   74    0.3s  (wall    58.4s)
[152/250] seed=1901 uniform    h0=9.54e-04 u_in=1.65 north->east conv=True  newton= 18 gmres=  298    0.6s  (wall    58.5s)
[153/250] seed=1904 uniform    h0=5.26e-04 u_in=0.10 north->west conv=True  newton=  8 gmres=   58    0.2s  (wall    58.6s)
[154/250] seed=1905 pins       h0=3.53e-04 u_in=0.14 east->west conv=True  newton=  8 gmres=   64    0.2s  (wall    58.7s)
[155/250] seed=1906 grf        h0=6.15e-04 u_in=0.15 west->west conv=True  newton=  7 gmres=   50    0.2s  (wall    58.8s)
[156/250] seed=1903 sin2d      h0=4.23e-04 u_in=0.87 north->east conv=True  newton= 13 gmres=  125    0.5s  (wall    58.8s)
[157/250] seed=1908 uniform    h0=1.51e-03 u_in=0.46 east->east conv=True  newton= 15 gmres=  233    0.5s  (wall    59.3s)
[158/250] seed=1910 pins       h0=6.79e-04 u_in=0.20 east->west conv=True  newton= 10 gmres=   91    0.3s  (wall    59.6s)
[159/250] seed=1911 sin2d      h0=9.58e-04 u_in=0.28 west->east conv=True  newton= 14 gmres=  207    0.5s  (wall    60.0s)
[160/250] seed=1897 serpentine h0=2.23e-03 u_in=0.34 west->south conv=True  newton= 58 gmres= 2797    3.8s  (wall    60.5s)
[161/250] seed=1909 grf        h0=2.86e-03 u_in=0.88 east->south conv=True  newton= 33 gmres=  900    1.7s  (wall    60.6s)
[162/250] seed=1912 blobs      h0=5.27e-04 u_in=1.12 north->west conv=True  newton= 11 gmres=  135    0.7s  (wall    60.7s)
[163/250] seed=1913 uturn      h0=4.72e-04 u_in=1.22 west->west conv=True  newton= 13 gmres=  198    0.4s  (wall    60.9s)
[164/250] seed=1914 pins       h0=1.62e-03 u_in=0.13 south->north conv=True  newton= 11 gmres=  119    0.4s  (wall    61.0s)
[165/250] seed=1915 blobs      h0=1.13e-03 u_in=0.13 south->west conv=True  newton= 10 gmres=   84    0.4s  (wall    61.1s)
[166/250] seed=1916 uturn      h0=9.42e-04 u_in=0.34 west->west conv=True  newton= 11 gmres=  171    0.4s  (wall    61.3s)
[167/250] seed=1918 sin2d      h0=4.03e-04 u_in=0.60 west->west conv=True  newton= 11 gmres=   83    0.4s  (wall    61.5s)
[168/250] seed=1917 serpentine h0=3.33e-04 u_in=0.50 north->east conv=True  newton= 11 gmres=  245    0.7s  (wall    61.7s)
[169/250] seed=1919 grf        h0=2.37e-03 u_in=1.02 east->west conv=True  newton= 21 gmres=  557    1.0s  (wall    62.3s)
[170/250] seed=1921 grf        h0=2.89e-03 u_in=0.19 south->east conv=True  newton= 30 gmres=  559    0.9s  (wall    62.6s)
[171/250] seed=1907 serpentine h0=1.91e-03 u_in=0.13 south->north conv=False newton=200 gmres= 4104    5.8s  (wall    64.5s)
[172/250] seed=1924 blobs      h0=9.91e-04 u_in=0.65 east->south conv=True  newton= 15 gmres=  236    0.4s  (wall    64.9s)
[173/250] seed=1925 sin2d      h0=1.42e-03 u_in=0.15 east->south conv=True  newton= 13 gmres=  137    0.4s  (wall    65.3s)
[174/250] seed=1926 uturn      h0=3.18e-04 u_in=0.37 west->west conv=True  newton= 10 gmres=   87    0.3s  (wall    65.6s)
[175/250] seed=1922 serpentine h0=1.12e-03 u_in=0.71 west->north conv=False newton=200 gmres= 2358    3.4s  (wall    65.7s)
[176/250] seed=1920 serpentine h0=6.44e-04 u_in=0.98 south->west conv=False newton=200 gmres= 3088    4.6s  (wall    66.1s)
[177/250] seed=1929 uniform    h0=5.46e-04 u_in=1.60 west->north conv=True  newton= 13 gmres=  122    0.3s  (wall    66.5s)
[178/250] seed=1930 quad       h0=3.43e-04 u_in=0.20 south->south conv=True  newton=  8 gmres=   54    0.2s  (wall    66.7s)
[179/250] seed=1931 blobs      h0=7.17e-04 u_in=1.73 north->north conv=True  newton= 14 gmres=  160    0.4s  (wall    67.0s)
[180/250] seed=1923 grf        h0=1.78e-03 u_in=1.06 south->north conv=False newton=200 gmres= 2140    4.6s  (wall    67.2s)
[181/250] seed=1932 quad       h0=4.89e-04 u_in=0.93 east->south conv=True  newton= 12 gmres=  141    0.4s  (wall    67.4s)
[182/250] seed=1927 sin2d      h0=2.60e-03 u_in=1.45 north->east conv=True  newton= 46 gmres= 1381    2.1s  (wall    67.7s)
[183/250] seed=1933 blobs      h0=7.76e-04 u_in=0.15 west->north conv=True  newton= 12 gmres=  108    0.6s  (wall    67.8s)
[184/250] seed=1934 uniform    h0=1.96e-03 u_in=0.16 west->east conv=True  newton= 15 gmres=  188    0.4s  (wall    67.9s)
[185/250] seed=1936 sin2d      h0=3.85e-04 u_in=0.49 east->south conv=True  newton= 12 gmres=  112    0.5s  (wall    68.3s)
[186/250] seed=1937 sin2d      h0=1.47e-03 u_in=0.51 east->north conv=True  newton= 18 gmres=  236    0.5s  (wall    68.4s)
[187/250] seed=1938 pins       h0=1.18e-03 u_in=0.10 south->west conv=True  newton=  9 gmres=   85    0.4s  (wall    68.7s)
[188/250] seed=1939 pins       h0=1.27e-03 u_in=0.15 south->east conv=True  newton= 12 gmres=  145    0.4s  (wall    68.8s)
[189/250] seed=1940 uturn      h0=1.97e-03 u_in=0.18 west->west conv=True  newton= 11 gmres=  331    0.6s  (wall    69.3s)
[190/250] seed=1941 pins       h0=9.22e-04 u_in=1.70 north->west conv=True  newton= 17 gmres=  314    0.6s  (wall    69.4s)
[191/250] seed=1942 grf        h0=3.30e-04 u_in=1.56 east->west conv=True  newton= 15 gmres=  152    0.4s  (wall    69.7s)
[192/250] seed=1943 uniform    h0=1.56e-03 u_in=0.27 west->west conv=True  newton= 14 gmres=  168    0.4s  (wall    69.8s)
[193/250] seed=1928 serpentine h0=1.14e-03 u_in=0.17 south->west conv=False newton=200 gmres= 2860    4.3s  (wall    69.9s)
[194/250] seed=1944 serpentine h0=3.35e-04 u_in=0.65 east->south conv=True  newton= 11 gmres=  147    0.3s  (wall    70.0s)
[195/250] seed=1947 quad       h0=1.39e-03 u_in=0.41 east->north conv=True  newton= 15 gmres=  195    0.4s  (wall    70.5s)
[196/250] seed=1946 quad       h0=1.41e-03 u_in=0.74 south->east conv=True  newton= 21 gmres=  387    0.7s  (wall    70.6s)
[197/250] seed=1935 serpentine h0=1.93e-03 u_in=1.09 east->north conv=False newton=200 gmres= 1951    3.3s  (wall    71.0s)
[198/250] seed=1950 quad       h0=2.75e-03 u_in=0.33 north->south conv=True  newton= 30 gmres=  464    0.8s  (wall    71.9s)
[199/250] seed=1945 uturn      h0=5.37e-04 u_in=1.11 west->west conv=True  newton= 15 gmres= 1579    2.4s  (wall    72.2s)
[200/250] seed=1951 pins       h0=2.27e-03 u_in=0.50 south->east conv=True  newton= 19 gmres=  385    0.6s  (wall    72.5s)
[201/250] seed=1952 pins       h0=2.40e-03 u_in=0.13 south->south conv=True  newton= 15 gmres=  204    0.5s  (wall    72.7s)
[202/250] seed=1954 blobs      h0=3.97e-04 u_in=1.20 south->east conv=True  newton= 11 gmres=  105    0.4s  (wall    73.1s)
[203/250] seed=1953 pins       h0=1.97e-03 u_in=0.67 west->north conv=True  newton= 24 gmres=  501    0.9s  (wall    73.4s)
[204/250] seed=1956 blobs      h0=7.39e-04 u_in=0.19 west->east conv=True  newton= 11 gmres=   87    0.3s  (wall    73.7s)
[205/250] seed=1948 blobs      h0=1.38e-03 u_in=1.47 west->east conv=True  newton=125 gmres= 2749    4.1s  (wall    74.6s)
[206/250] seed=1949 blobs      h0=2.08e-03 u_in=0.75 north->west conv=False newton=200 gmres= 3036    4.3s  (wall    74.9s)
[207/250] seed=1958 pins       h0=2.97e-03 u_in=0.11 west->west conv=True  newton= 17 gmres=  292    0.5s  (wall    75.1s)
[208/250] seed=1959 uturn      h0=5.69e-04 u_in=0.35 west->west conv=True  newton= 11 gmres=  123    0.3s  (wall    75.2s)
[209/250] seed=1961 grf        h0=3.13e-04 u_in=0.14 north->west conv=True  newton= 11 gmres=   75    0.2s  (wall    75.4s)
[210/250] seed=1960 quad       h0=4.96e-04 u_in=1.66 south->east conv=True  newton= 14 gmres=  200    0.4s  (wall    75.6s)
[211/250] seed=1962 uturn      h0=4.04e-04 u_in=0.40 west->west conv=True  newton= 10 gmres=   91    0.2s  (wall    75.7s)
[212/250] seed=1964 uniform    h0=3.26e-04 u_in=1.55 north->north conv=True  newton= 11 gmres=   88    0.3s  (wall    76.0s)
[213/250] seed=1963 sin2d      h0=1.57e-03 u_in=0.53 south->west conv=True  newton= 20 gmres=  332    0.5s  (wall    76.1s)
[214/250] seed=1965 uturn      h0=7.58e-04 u_in=1.21 west->west conv=True  newton= 67 gmres= 2543    3.6s  (wall    79.5s)
[215/250] seed=1957 serpentine h0=2.65e-03 u_in=0.13 south->east conv=False newton=200 gmres= 4729    6.1s  (wall    79.8s)
[216/250] seed=1968 pins       h0=6.36e-04 u_in=0.14 south->south conv=True  newton=  9 gmres=   78    0.3s  (wall    80.1s)
[217/250] seed=1967 serpentine h0=1.67e-03 u_in=0.21 south->north conv=True  newton= 14 gmres=  410    0.7s  (wall    80.2s)
[218/250] seed=1969 uniform    h0=2.00e-03 u_in=0.11 east->east conv=True  newton= 14 gmres=  145    0.3s  (wall    80.4s)
[219/250] seed=1966 uturn      h0=2.45e-03 u_in=0.13 west->west conv=True  newton= 81 gmres= 2875    4.6s  (wall    80.7s)
[220/250] seed=1970 sin2d      h0=5.60e-04 u_in=0.42 north->west conv=True  newton= 12 gmres=  140    0.4s  (wall    80.7s)
[221/250] seed=1971 blobs      h0=4.85e-04 u_in=1.24 north->west conv=True  newton= 12 gmres=  171    0.4s  (wall    80.8s)
[222/250] seed=1973 sin2d      h0=9.97e-04 u_in=0.38 east->east conv=True  newton= 13 gmres=  128    0.5s  (wall    81.2s)
[223/250] seed=1955 uturn      h0=1.80e-03 u_in=1.17 west->west conv=True  newton= 53 gmres= 5193    8.9s  (wall    82.0s)
[224/250] seed=1975 serpentine h0=1.25e-03 u_in=1.31 north->north conv=True  newton= 17 gmres=  393    1.1s  (wall    82.4s)
[225/250] seed=1976 uturn      h0=1.47e-03 u_in=0.46 west->west conv=True  newton= 15 gmres=  201    0.6s  (wall    82.6s)
[226/250] seed=1977 serpentine h0=3.83e-04 u_in=0.45 west->east conv=True  newton= 10 gmres=  120    0.3s  (wall    82.7s)
[227/250] seed=1972 blobs      h0=2.02e-03 u_in=1.85 south->north conv=True  newton= 47 gmres=  979    2.2s  (wall    82.9s)
[228/250] seed=1980 blobs      h0=3.87e-04 u_in=0.23 east->south conv=True  newton=  9 gmres=   66    0.3s  (wall    83.2s)
[229/250] seed=1978 pins       h0=2.92e-03 u_in=0.26 south->east conv=True  newton= 22 gmres=  467    0.8s  (wall    83.4s)
[230/250] seed=1979 blobs      h0=1.73e-03 u_in=0.60 west->north conv=True  newton= 21 gmres=  484    0.8s  (wall    83.5s)
[231/250] seed=1981 uniform    h0=4.10e-04 u_in=0.71 east->south conv=True  newton= 12 gmres=   86    0.4s  (wall    83.6s)
[232/250] seed=1983 quad       h0=4.92e-04 u_in=0.12 west->east conv=True  newton=  7 gmres=   51    0.2s  (wall    83.7s)
[233/250] seed=1984 sin2d      h0=3.06e-04 u_in=1.05 west->south conv=True  newton=  9 gmres=   68    0.4s  (wall    83.9s)
[234/250] seed=1982 grf        h0=1.57e-03 u_in=0.15 south->south conv=True  newton= 19 gmres=  333    0.6s  (wall    84.0s)
[235/250] seed=1985 grf        h0=9.02e-04 u_in=0.57 west->west conv=True  newton= 12 gmres=  128    0.4s  (wall    84.0s)
[236/250] seed=1974 blobs      h0=2.28e-03 u_in=0.99 north->east conv=False newton=200 gmres= 2089    3.4s  (wall    84.2s)
[237/250] seed=1986 pins       h0=1.09e-03 u_in=0.13 west->north conv=True  newton= 11 gmres=  106    0.3s  (wall    84.3s)
[238/250] seed=1987 quad       h0=1.32e-03 u_in=0.27 east->north conv=True  newton= 13 gmres=  138    0.3s  (wall    84.3s)
[239/250] seed=1990 uturn      h0=1.10e-03 u_in=0.10 west->west conv=True  newton= 12 gmres=  101    0.3s  (wall    84.5s)
[240/250] seed=1992 uniform    h0=9.98e-04 u_in=0.13 west->south conv=True  newton= 10 gmres=   82    0.3s  (wall    84.8s)
[241/250] seed=1993 quad       h0=4.53e-04 u_in=0.22 north->south conv=True  newton= 10 gmres=   78    0.3s  (wall    85.1s)
[242/250] seed=1994 serpentine h0=3.04e-04 u_in=0.58 north->north conv=True  newton= 10 gmres=  141    0.3s  (wall    85.4s)
[243/250] seed=1995 uturn      h0=4.76e-04 u_in=0.40 west->west conv=True  newton= 12 gmres=   97    0.3s  (wall    85.6s)
[244/250] seed=1991 grf        h0=1.28e-03 u_in=0.16 south->south conv=True  newton= 55 gmres=  878    1.4s  (wall    85.7s)
[245/250] seed=1997 pins       h0=7.39e-04 u_in=0.22 north->east conv=True  newton=  9 gmres=   80    0.3s  (wall    86.1s)
[246/250] seed=1998 uturn      h0=4.20e-04 u_in=1.22 west->west conv=True  newton= 13 gmres=  118    0.3s  (wall    86.4s)
[247/250] seed=1988 serpentine h0=7.87e-04 u_in=1.17 north->north conv=True  newton= 51 gmres= 2217    2.7s  (wall    86.7s)
[248/250] seed=1999 uturn      h0=8.85e-04 u_in=0.36 west->west conv=True  newton= 14 gmres=  151    0.3s  (wall    86.7s)
[249/250] seed=1996 pins       h0=2.83e-03 u_in=1.40 north->north conv=False newton=200 gmres= 1661    3.0s  (wall    88.7s)
[250/250] seed=1989 serpentine h0=2.02e-03 u_in=0.14 west->north conv=False newton=200 gmres= 3953    6.7s  (wall    90.9s)
done: 1 shards -> experiments/nsbm/data
=== chunk seed0=2000 n=250 workers=4 (other load ~20 cores) 01:06:13
generate n=250 seed0=2000 workers=4 out=experiments/nsbm/data
[1/250] seed=2001 uniform    h0=4.80e-04 u_in=0.42 east->west conv=True  newton= 11 gmres=   83    0.4s  (wall     0.6s)
[2/250] seed=2000 sin2d      h0=1.36e-03 u_in=0.11 north->north conv=True  newton= 11 gmres=  111    0.4s  (wall     0.6s)
[3/250] seed=2005 quad       h0=9.14e-04 u_in=1.12 north->west conv=True  newton= 15 gmres=  172    0.4s  (wall     1.0s)
[4/250] seed=2004 serpentine h0=5.86e-04 u_in=1.56 north->west conv=True  newton= 13 gmres=  260    0.4s  (wall     1.1s)
[5/250] seed=2007 grf        h0=9.11e-04 u_in=0.19 south->east conv=True  newton= 11 gmres=  101    0.3s  (wall     1.4s)
[6/250] seed=2006 sin2d      h0=1.09e-03 u_in=0.25 south->north conv=True  newton= 13 gmres=  150    0.3s  (wall     1.4s)
[7/250] seed=2002 pins       h0=2.74e-03 u_in=0.72 south->west conv=True  newton= 54 gmres= 1019    1.8s  (wall     2.1s)
[8/250] seed=2010 pins       h0=1.15e-03 u_in=0.26 west->east conv=True  newton= 11 gmres=  126    0.6s  (wall     2.7s)
[9/250] seed=2011 serpentine h0=5.36e-04 u_in=0.77 north->north conv=True  newton= 14 gmres=  201    0.5s  (wall     3.2s)
[10/250] seed=2012 pins       h0=3.55e-04 u_in=0.29 west->south conv=True  newton=  8 gmres=   63    0.2s  (wall     3.4s)
[11/250] seed=2013 grf        h0=5.48e-04 u_in=0.18 east->south conv=True  newton=  9 gmres=   63    0.2s  (wall     3.7s)
[12/250] seed=2014 grf        h0=1.55e-03 u_in=0.22 south->north conv=True  newton= 15 gmres=  180    0.5s  (wall     4.1s)
[13/250] seed=2015 pins       h0=5.01e-04 u_in=1.01 north->west conv=True  newton= 13 gmres=  159    0.5s  (wall     4.7s)
[14/250] seed=2016 sin2d      h0=6.56e-04 u_in=0.22 south->south conv=True  newton= 11 gmres=   96    0.3s  (wall     5.0s)
[15/250] seed=2017 grf        h0=1.03e-03 u_in=1.15 south->north conv=True  newton= 23 gmres=  564    0.9s  (wall     5.9s)
[16/250] seed=2018 quad       h0=4.53e-04 u_in=1.53 east->north conv=True  newton= 22 gmres=  309    0.6s  (wall     6.4s)
[17/250] seed=2019 quad       h0=8.30e-04 u_in=0.28 west->west conv=True  newton= 14 gmres=  127    0.4s  (wall     6.9s)
[18/250] seed=2020 uniform    h0=9.81e-04 u_in=1.33 east->south conv=True  newton= 17 gmres=  323    0.6s  (wall     7.5s)
[19/250] seed=2008 serpentine h0=1.46e-03 u_in=1.26 south->east conv=False newton=200 gmres= 5087    6.9s  (wall     8.3s)
[20/250] seed=2022 serpentine h0=3.72e-04 u_in=0.63 west->south conv=True  newton=  9 gmres=  109    0.4s  (wall     8.6s)
[21/250] seed=2003 pins       h0=2.28e-03 u_in=0.70 east->south conv=True  newton= 71 gmres= 4951    8.3s  (wall     8.7s)
[22/250] seed=2023 grf        h0=4.98e-04 u_in=0.14 west->north conv=True  newton=  7 gmres=   65    0.2s  (wall     8.9s)
[23/250] seed=2024 sin2d      h0=4.91e-04 u_in=0.25 north->west conv=True  newton= 12 gmres=  100    0.4s  (wall     9.1s)
[24/250] seed=2025 grf        h0=7.23e-04 u_in=1.19 south->east conv=True  newton= 18 gmres=  251    0.5s  (wall     9.4s)
[25/250] seed=2026 pins       h0=1.31e-03 u_in=0.41 west->south conv=True  newton= 14 gmres=  195    0.5s  (wall     9.6s)
[26/250] seed=2028 uturn      h0=1.17e-03 u_in=0.91 west->west conv=True  newton= 22 gmres=  962    1.6s  (wall    11.1s)
[27/250] seed=2029 quad       h0=3.28e-04 u_in=0.35 south->north conv=True  newton=  9 gmres=   60    0.2s  (wall    11.3s)
[28/250] seed=2021 pins       h0=2.62e-03 u_in=0.59 south->north conv=True  newton= 71 gmres= 2484    3.9s  (wall    11.4s)
[29/250] seed=2031 uturn      h0=1.02e-03 u_in=1.61 west->west conv=True  newton= 17 gmres=  211    0.4s  (wall    11.8s)
[30/250] seed=2032 grf        h0=1.23e-03 u_in=0.35 north->north conv=True  newton= 17 gmres=  271    0.6s  (wall    12.4s)
[31/250] seed=2027 serpentine h0=7.29e-04 u_in=0.13 west->north conv=True  newton= 58 gmres= 3022    3.9s  (wall    13.3s)
[32/250] seed=2030 uniform    h0=1.92e-03 u_in=1.23 east->south conv=True  newton=129 gmres= 1334    2.6s  (wall    13.9s)
[33/250] seed=2035 quad       h0=1.95e-03 u_in=0.80 west->north conv=True  newton= 19 gmres=  279    0.5s  (wall    14.5s)
[34/250] seed=2034 grf        h0=1.85e-03 u_in=1.03 west->south conv=True  newton= 15 gmres=  318    1.2s  (wall    14.6s)
[35/250] seed=2036 sin2d      h0=7.59e-04 u_in=0.46 south->east conv=True  newton= 13 gmres=  154    0.3s  (wall    14.8s)
[36/250] seed=2037 pins       h0=6.14e-04 u_in=1.56 south->north conv=True  newton= 13 gmres=  153    0.4s  (wall    15.0s)
[37/250] seed=2033 uturn      h0=1.86e-03 u_in=0.30 west->west conv=True  newton= 43 gmres= 1172    2.6s  (wall    15.1s)
[38/250] seed=2038 blobs      h0=2.90e-03 u_in=0.20 north->west conv=True  newton= 31 gmres= 1338    2.4s  (wall    17.3s)
[39/250] seed=2040 uturn      h0=1.39e-03 u_in=0.11 west->west conv=True  newton= 68 gmres= 1746    2.2s  (wall    17.3s)
[40/250] seed=2009 blobs      h0=1.20e-03 u_in=1.92 west->south conv=False newton=200 gmres= 8697   16.2s  (wall    17.6s)
[41/250] seed=2041 uturn      h0=2.10e-03 u_in=0.14 west->west conv=True  newton= 13 gmres=  584    0.9s  (wall    18.2s)
[42/250] seed=2043 grf        h0=7.51e-04 u_in=0.26 south->north conv=True  newton= 15 gmres=  203    0.7s  (wall    18.2s)
[43/250] seed=2045 uniform    h0=9.15e-04 u_in=0.60 south->west conv=True  newton= 14 gmres=  154    0.6s  (wall    18.8s)
[44/250] seed=2046 quad       h0=3.26e-04 u_in=0.46 east->north conv=True  newton= 10 gmres=   70    0.4s  (wall    19.2s)
[45/250] seed=2047 quad       h0=1.02e-03 u_in=1.32 east->south conv=True  newton= 18 gmres=  253    0.7s  (wall    19.9s)
[46/250] seed=2039 blobs      h0=2.46e-03 u_in=1.22 north->west conv=False newton=200 gmres= 4341    7.2s  (wall    22.2s)
[47/250] seed=2049 uniform    h0=8.23e-04 u_in=0.32 east->north conv=True  newton= 10 gmres=   91    0.4s  (wall    22.6s)
[48/250] seed=2050 quad       h0=2.57e-03 u_in=0.12 south->west conv=True  newton= 30 gmres=  403    0.8s  (wall    23.4s)
[49/250] seed=2051 uturn      h0=5.82e-04 u_in=0.26 west->west conv=True  newton= 11 gmres=   92    0.2s  (wall    23.6s)
[50/250] seed=2044 grf        h0=2.26e-03 u_in=0.17 east->east conv=False newton=200 gmres= 2374    6.1s  (wall    24.3s)
[51/250] seed=2052 sin2d      h0=1.48e-03 u_in=0.40 east->south conv=True  newton= 15 gmres=  226    0.7s  (wall    24.3s)
[52/250] seed=2048 blobs      h0=2.30e-03 u_in=0.98 south->east conv=False newton=200 gmres= 2485    4.4s  (wall    24.4s)
[53/250] seed=2042 serpentine h0=5.89e-04 u_in=1.07 north->east conv=False newton=200 gmres= 4114    7.3s  (wall    24.6s)
[54/250] seed=2056 uturn      h0=9.44e-04 u_in=0.10 west->west conv=True  newton= 11 gmres=   75    0.2s  (wall    24.8s)
[55/250] seed=2055 sin2d      h0=2.97e-03 u_in=0.11 north->west conv=True  newton= 24 gmres=  363    0.7s  (wall    25.0s)
[56/250] seed=2057 serpentine h0=6.34e-04 u_in=0.20 south->south conv=True  newton= 10 gmres=  164    0.3s  (wall    25.1s)
[57/250] seed=2053 uniform    h0=1.49e-03 u_in=0.69 south->east conv=True  newton= 20 gmres=  354    0.9s  (wall    25.2s)
[58/250] seed=2058 uturn      h0=5.71e-04 u_in=0.40 west->west conv=True  newton= 11 gmres=  238    0.4s  (wall    25.4s)
[59/250] seed=2059 grf        h0=2.30e-03 u_in=0.10 east->south conv=True  newton= 13 gmres=  172    0.4s  (wall    25.5s)
[60/250] seed=2061 sin2d      h0=1.51e-03 u_in=0.53 west->south conv=True  newton= 17 gmres=  272    0.6s  (wall    26.0s)
[61/250] seed=2060 sin2d      h0=1.86e-03 u_in=0.46 south->west conv=True  newton= 23 gmres=  366    0.8s  (wall    26.0s)
[62/250] seed=2063 uniform    h0=3.47e-04 u_in=1.02 east->south conv=True  newton= 10 gmres=   71    0.3s  (wall    26.3s)
[63/250] seed=2065 sin2d      h0=5.58e-04 u_in=0.42 south->north conv=True  newton= 11 gmres=  107    0.3s  (wall    26.6s)
[64/250] seed=2064 grf        h0=2.26e-03 u_in=0.33 north->east conv=True  newton= 26 gmres=  453    0.8s  (wall    26.8s)
[65/250] seed=2062 grf        h0=2.68e-03 u_in=0.20 west->west conv=True  newton= 31 gmres= 1053    1.5s  (wall    26.9s)
[66/250] seed=2067 uturn      h0=1.26e-03 u_in=1.20 west->west conv=True  newton= 15 gmres=  231    0.5s  (wall    27.3s)
[67/250] seed=2068 serpentine h0=9.60e-04 u_in=0.37 south->north conv=True  newton= 11 gmres=  210    0.4s  (wall    27.3s)
[68/250] seed=2069 quad       h0=1.97e-03 u_in=0.44 east->south conv=True  newton= 29 gmres=  466    0.8s  (wall    28.1s)
[69/250] seed=2071 quad       h0=1.07e-03 u_in=0.32 south->north conv=True  newton= 13 gmres=  135    0.4s  (wall    28.4s)
[70/250] seed=2070 uturn      h0=1.51e-03 u_in=0.49 west->west conv=True  newton= 56 gmres= 1939    3.9s  (wall    31.2s)
[71/250] seed=2054 serpentine h0=9.08e-04 u_in=0.24 north->south conv=True  newton=182 gmres= 3222    7.1s  (wall    31.4s)
[72/250] seed=2074 sin2d      h0=1.88e-03 u_in=0.28 west->north conv=True  newton= 16 gmres=  229    0.5s  (wall    31.9s)
[73/250] seed=2073 quad       h0=2.11e-03 u_in=0.36 south->east conv=True  newton= 27 gmres=  384    0.8s  (wall    32.0s)
[74/250] seed=2072 serpentine h0=1.37e-03 u_in=0.61 east->south conv=True  newton= 82 gmres= 2794    3.6s  (wall    32.1s)
[75/250] seed=2066 blobs      h0=2.54e-03 u_in=1.01 west->north conv=False newton=200 gmres= 3378    5.6s  (wall    32.2s)
[76/250] seed=2077 uniform    h0=2.20e-03 u_in=0.12 north->east conv=True  newton= 14 gmres=  178    0.4s  (wall    32.5s)
[77/250] seed=2079 uniform    h0=1.99e-03 u_in=1.24 north->south conv=True  newton= 31 gmres=  763    1.9s  (wall    34.4s)
[78/250] seed=2078 serpentine h0=1.07e-03 u_in=1.91 east->north conv=False newton=200 gmres= 2211    3.9s  (wall    36.1s)
[79/250] seed=2081 uturn      h0=5.21e-04 u_in=0.49 west->west conv=True  newton= 12 gmres=  164    0.3s  (wall    36.4s)
[80/250] seed=2075 uturn      h0=5.44e-04 u_in=0.29 west->west conv=True  newton=191 gmres= 3326    4.7s  (wall    36.6s)
[81/250] seed=2082 uniform    h0=4.92e-04 u_in=0.35 east->north conv=True  newton=  9 gmres=   70    0.3s  (wall    36.7s)
[82/250] seed=2084 uturn      h0=1.38e-03 u_in=0.18 west->west conv=True  newton= 10 gmres=  214    0.4s  (wall    37.1s)
[83/250] seed=2083 grf        h0=7.49e-04 u_in=0.40 south->west conv=True  newton= 22 gmres=  328    0.7s  (wall    37.3s)
[84/250] seed=2086 grf        h0=3.76e-04 u_in=0.84 west->west conv=True  newton= 11 gmres=   80    0.4s  (wall    37.6s)
[85/250] seed=2087 serpentine h0=1.15e-03 u_in=0.10 east->north conv=True  newton= 10 gmres=  156    0.5s  (wall    38.1s)
[86/250] seed=2085 uturn      h0=4.91e-04 u_in=1.41 west->west conv=True  newton= 16 gmres=  868    1.1s  (wall    38.2s)
[87/250] seed=2089 blobs      h0=5.04e-04 u_in=0.13 west->north conv=True  newton=  9 gmres=   69    0.2s  (wall    38.5s)
[88/250] seed=2090 uturn      h0=4.68e-04 u_in=0.59 west->west conv=True  newton= 12 gmres=  147    0.4s  (wall    38.8s)
[89/250] seed=2091 uniform    h0=1.04e-03 u_in=0.14 west->north conv=True  newton= 10 gmres=  103    0.3s  (wall    39.1s)
[90/250] seed=2092 blobs      h0=2.23e-03 u_in=0.33 north->east conv=True  newton= 14 gmres=  227    0.4s  (wall    39.5s)
[91/250] seed=2088 sin2d      h0=1.72e-03 u_in=1.89 east->west conv=True  newton= 31 gmres=  785    1.5s  (wall    39.5s)
[92/250] seed=2093 quad       h0=3.29e-04 u_in=1.55 south->south conv=True  newton= 11 gmres=   72    0.3s  (wall    39.8s)
[93/250] seed=2094 pins       h0=3.78e-04 u_in=0.32 west->east conv=True  newton=  9 gmres=   87    0.3s  (wall    39.8s)
[94/250] seed=2076 serpentine h0=9.44e-04 u_in=1.40 west->east conv=False newton=200 gmres= 4632    8.3s  (wall    40.3s)
[95/250] seed=2095 sin2d      h0=1.48e-03 u_in=0.50 south->south conv=True  newton= 19 gmres=  330    0.6s  (wall    40.4s)
[96/250] seed=2096 blobs      h0=2.64e-03 u_in=0.32 west->east conv=True  newton= 19 gmres=  478    0.7s  (wall    40.5s)
[97/250] seed=2098 quad       h0=2.70e-03 u_in=0.11 east->north conv=True  newton= 14 gmres=  180    0.4s  (wall    40.8s)
[98/250] seed=2097 sin2d      h0=1.30e-03 u_in=0.20 west->north conv=True  newton= 17 gmres=  220    0.5s  (wall    40.8s)
[99/250] seed=2099 grf        h0=1.84e-03 u_in=0.55 north->south conv=True  newton= 13 gmres=  172    0.4s  (wall    40.9s)
[100/250] seed=2102 uniform    h0=3.20e-04 u_in=1.25 west->south conv=True  newton= 12 gmres=   84    0.3s  (wall    41.2s)
[101/250] seed=2101 grf        h0=8.56e-04 u_in=1.83 west->south conv=True  newton= 14 gmres=  198    0.5s  (wall    41.3s)
[102/250] seed=2080 blobs      h0=9.89e-04 u_in=1.01 west->east conv=True  newton=191 gmres= 3808    7.0s  (wall    41.4s)
[103/250] seed=2100 blobs      h0=2.67e-03 u_in=0.22 east->north conv=True  newton= 22 gmres=  476    0.8s  (wall    41.6s)
[104/250] seed=2103 grf        h0=1.29e-03 u_in=0.11 south->east conv=True  newton= 14 gmres=  128    0.4s  (wall    41.6s)
[105/250] seed=2105 uturn      h0=4.12e-04 u_in=0.16 west->west conv=True  newton=  9 gmres=   73    0.2s  (wall    41.6s)
[106/250] seed=2107 uturn      h0=4.52e-04 u_in=0.44 west->west conv=True  newton= 11 gmres=   88    0.2s  (wall    41.8s)
[107/250] seed=2106 quad       h0=6.71e-04 u_in=0.54 east->north conv=True  newton= 13 gmres=  157    0.4s  (wall    41.9s)
[108/250] seed=2109 quad       h0=4.83e-04 u_in=1.66 west->east conv=True  newton= 13 gmres=  129    0.4s  (wall    42.2s)
[109/250] seed=2111 blobs      h0=1.01e-03 u_in=0.29 north->south conv=True  newton= 11 gmres=  125    0.3s  (wall    42.5s)
[110/250] seed=2108 blobs      h0=1.81e-03 u_in=0.48 east->north conv=True  newton= 32 gmres= 1696    2.6s  (wall    44.2s)
[111/250] seed=2113 blobs      h0=7.22e-04 u_in=0.36 east->south conv=True  newton= 13 gmres=  111    0.3s  (wall    44.5s)
[112/250] seed=2114 quad       h0=4.66e-04 u_in=0.24 south->west conv=True  newton=  8 gmres=   61    0.2s  (wall    44.7s)
[113/250] seed=2115 grf        h0=9.16e-04 u_in=1.93 east->south conv=True  newton= 25 gmres=  523    0.8s  (wall    45.5s)
[114/250] seed=2116 uniform    h0=3.58e-04 u_in=0.38 south->north conv=True  newton= 10 gmres=   63    0.3s  (wall    45.8s)
[115/250] seed=2112 grf        h0=2.04e-03 u_in=0.13 west->east conv=True  newton=154 gmres= 2128    3.4s  (wall    45.9s)
[116/250] seed=2104 serpentine h0=3.92e-04 u_in=1.82 north->east conv=False newton=200 gmres= 3179    4.7s  (wall    46.0s)
[117/250] seed=2119 blobs      h0=6.43e-04 u_in=0.17 west->west conv=True  newton=  9 gmres=   70    0.3s  (wall    46.3s)
[118/250] seed=2117 sin2d      h0=1.13e-03 u_in=0.50 east->west conv=True  newton= 15 gmres=  206    0.5s  (wall    46.3s)
[119/250] seed=2121 sin2d      h0=4.82e-04 u_in=0.29 east->west conv=True  newton=  9 gmres=   72    0.2s  (wall    46.5s)
[120/250] seed=2120 blobs      h0=9.25e-04 u_in=0.23 west->east conv=True  newton= 10 gmres=  119    0.3s  (wall    46.6s)
[121/250] seed=2118 sin2d      h0=1.40e-03 u_in=1.16 east->north conv=True  newton= 23 gmres=  387    0.7s  (wall    46.6s)
[122/250] seed=2122 sin2d      h0=9.03e-04 u_in=0.16 north->east conv=True  newton=  9 gmres=  102    0.3s  (wall    46.8s)
[123/250] seed=2124 quad       h0=3.17e-04 u_in=1.30 east->south conv=True  newton= 11 gmres=   87    0.3s  (wall    46.8s)
[124/250] seed=2126 pins       h0=5.58e-04 u_in=0.26 east->west conv=True  newton=  9 gmres=   75    0.3s  (wall    47.1s)
[125/250] seed=2125 pins       h0=2.21e-03 u_in=0.34 east->north conv=True  newton= 20 gmres=  405    0.7s  (wall    47.5s)
[126/250] seed=2123 blobs      h0=1.83e-03 u_in=1.41 west->north conv=True  newton= 32 gmres=  789    1.2s  (wall    47.7s)
[127/250] seed=2129 uturn      h0=5.30e-04 u_in=0.11 west->west conv=True  newton=  8 gmres=   59    0.2s  (wall    48.0s)
[128/250] seed=2127 uturn      h0=2.12e-03 u_in=0.51 west->west conv=True  newton= 15 gmres=  816    1.0s  (wall    48.1s)
[129/250] seed=2130 uniform    h0=4.44e-04 u_in=0.11 south->north conv=True  newton=  8 gmres=   51    0.2s  (wall    48.2s)
[130/250] seed=2132 blobs      h0=4.78e-04 u_in=0.29 south->east conv=True  newton= 11 gmres=   85    0.3s  (wall    48.5s)
[131/250] seed=2133 pins       h0=5.19e-04 u_in=1.53 east->west conv=True  newton= 12 gmres=  125    0.3s  (wall    48.8s)
[132/250] seed=2134 quad       h0=3.94e-04 u_in=0.16 north->west conv=True  newton=  8 gmres=   59    0.2s  (wall    49.0s)
[133/250] seed=2131 grf        h0=8.42e-04 u_in=1.35 west->north conv=True  newton= 29 gmres=  607    1.0s  (wall    49.1s)
[134/250] seed=2136 blobs      h0=4.46e-04 u_in=0.11 north->south conv=True  newton=  8 gmres=   76    0.3s  (wall    49.4s)
[135/250] seed=2110 pins       h0=2.45e-03 u_in=1.41 east->north conv=True  newton=193 gmres= 5467    7.9s  (wall    49.9s)
[136/250] seed=2128 serpentine h0=8.04e-04 u_in=1.20 south->south conv=True  newton= 27 gmres= 2390    2.8s  (wall    50.4s)
[137/250] seed=2138 pins       h0=2.01e-03 u_in=0.41 east->north conv=True  newton= 18 gmres=  317    0.6s  (wall    50.5s)
[138/250] seed=2139 quad       h0=6.22e-04 u_in=0.19 south->east conv=True  newton=  9 gmres=   68    0.3s  (wall    50.6s)
[139/250] seed=2140 uturn      h0=1.18e-03 u_in=0.54 west->west conv=True  newton= 12 gmres=  278    0.5s  (wall    51.0s)
[140/250] seed=2141 blobs      h0=1.55e-03 u_in=0.29 west->west conv=True  newton= 15 gmres=  195    0.5s  (wall    51.1s)
[141/250] seed=2137 grf        h0=2.58e-03 u_in=0.56 east->north conv=True  newton= 39 gmres=  977    1.7s  (wall    51.1s)
[142/250] seed=2143 serpentine h0=6.25e-04 u_in=0.20 north->west conv=True  newton= 10 gmres=  120    0.3s  (wall    51.4s)
[143/250] seed=2144 uturn      h0=1.49e-03 u_in=0.12 west->west conv=True  newton= 11 gmres=  403    0.7s  (wall    51.8s)
[144/250] seed=2145 quad       h0=1.75e-03 u_in=0.39 south->south conv=True  newton= 16 gmres=  221    0.5s  (wall    51.9s)
[145/250] seed=2146 pins       h0=8.19e-04 u_in=0.13 west->south conv=True  newton= 11 gmres=   83    0.3s  (wall    52.1s)
[146/250] seed=2147 grf        h0=1.05e-03 u_in=1.69 east->south conv=True  newton= 17 gmres=  322    0.6s  (wall    52.5s)
[147/250] seed=2148 grf        h0=9.95e-04 u_in=0.51 east->south conv=True  newton= 14 gmres=  199    0.5s  (wall    52.6s)
[148/250] seed=2135 pins       h0=2.53e-03 u_in=1.57 east->south conv=False newton=200 gmres= 2187    3.9s  (wall    53.0s)
[149/250] seed=2149 sin2d      h0=2.40e-03 u_in=0.42 west->south conv=True  newton= 20 gmres=  435    0.8s  (wall    53.2s)
[150/250] seed=2151 uturn      h0=7.46e-04 u_in=0.26 west->west conv=True  newton= 10 gmres=  131    0.3s  (wall    53.3s)
[151/250] seed=2150 sin2d      h0=1.32e-03 u_in=0.61 south->south conv=True  newton= 25 gmres=  414    0.8s  (wall    53.4s)
[152/250] seed=2154 sin2d      h0=7.36e-04 u_in=0.51 east->south conv=True  newton= 12 gmres=  134    0.4s  (wall    53.7s)
[153/250] seed=2153 uniform    h0=7.49e-04 u_in=0.81 north->west conv=True  newton= 20 gmres=  263    0.7s  (wall    54.0s)
[154/250] seed=2155 pins       h0=4.64e-04 u_in=0.18 west->east conv=True  newton= 10 gmres=   77    0.3s  (wall    54.0s)
[155/250] seed=2152 uturn      h0=6.53e-04 u_in=0.76 west->west conv=True  newton= 17 gmres=  495    0.8s  (wall    54.0s)
[156/250] seed=2158 quad       h0=5.69e-04 u_in=0.71 south->east conv=True  newton= 13 gmres=  125    0.4s  (wall    54.4s)
[157/250] seed=2156 quad       h0=1.30e-03 u_in=0.45 south->north conv=True  newton= 18 gmres=  287    0.6s  (wall    54.5s)
[158/250] seed=2159 quad       h0=7.65e-04 u_in=0.26 east->south conv=True  newton= 11 gmres=   94    0.3s  (wall    54.7s)
[159/250] seed=2160 grf        h0=1.30e-03 u_in=0.72 north->south conv=True  newton= 22 gmres=  386    0.7s  (wall    55.2s)
[160/250] seed=2162 blobs      h0=5.65e-04 u_in=0.55 east->south conv=True  newton= 11 gmres=  123    0.3s  (wall    55.5s)
[161/250] seed=2163 quad       h0=3.97e-04 u_in=0.37 south->west conv=True  newton= 10 gmres=   72    0.2s  (wall    55.8s)
[162/250] seed=2142 serpentine h0=1.71e-03 u_in=1.47 west->south conv=False newton=200 gmres= 4759    6.8s  (wall    57.8s)
[163/250] seed=2165 grf        h0=7.11e-04 u_in=1.62 south->east conv=True  newton= 11 gmres=  114    0.3s  (wall    58.1s)
[164/250] seed=2157 blobs      h0=2.07e-03 u_in=1.06 north->west conv=False newton=200 gmres= 2456    4.2s  (wall    58.2s)
[165/250] seed=2166 uniform    h0=3.65e-04 u_in=0.14 east->south conv=True  newton=  7 gmres=   50    0.2s  (wall    58.3s)
[166/250] seed=2167 serpentine h0=7.09e-04 u_in=0.11 south->west conv=True  newton=  9 gmres=  188    0.4s  (wall    58.6s)
[167/250] seed=2168 quad       h0=3.21e-04 u_in=0.16 north->west conv=True  newton=  8 gmres=   56    0.3s  (wall    58.6s)
[168/250] seed=2161 serpentine h0=1.09e-03 u_in=1.48 south->west conv=True  newton= 44 gmres= 2855    3.9s  (wall    58.6s)
[169/250] seed=2170 sin2d      h0=3.29e-04 u_in=0.22 east->east conv=True  newton= 11 gmres=   89    0.3s  (wall    58.8s)
[170/250] seed=2169 uniform    h0=5.03e-04 u_in=0.72 south->north conv=True  newton= 12 gmres=  106    0.3s  (wall    58.9s)
[171/250] seed=2172 sin2d      h0=8.41e-04 u_in=0.59 east->south conv=True  newton= 13 gmres=  176    0.4s  (wall    59.3s)
[172/250] seed=2171 grf        h0=2.05e-03 u_in=0.89 north->south conv=False newton=200 gmres= 1555    3.1s  (wall    61.8s)
[173/250] seed=2175 quad       h0=1.70e-03 u_in=0.15 east->east conv=True  newton= 13 gmres=  155    0.3s  (wall    62.1s)
[174/250] seed=2176 uniform    h0=1.92e-03 u_in=0.76 east->north conv=True  newton= 22 gmres=  446    0.8s  (wall    62.9s)
[175/250] seed=2174 serpentine h0=1.16e-03 u_in=0.59 south->south conv=False newton=200 gmres= 3731    5.1s  (wall    64.3s)
[176/250] seed=2177 quad       h0=2.21e-03 u_in=0.94 west->south conv=True  newton= 31 gmres=  959    1.6s  (wall    64.5s)
[177/250] seed=2178 uturn      h0=3.91e-04 u_in=0.41 west->west conv=True  newton= 10 gmres=   79    0.2s  (wall    64.6s)
[178/250] seed=2179 uniform    h0=1.27e-03 u_in=0.12 west->south conv=True  newton= 11 gmres=  108    0.3s  (wall    64.8s)
[179/250] seed=2180 pins       h0=8.81e-04 u_in=1.35 west->south conv=True  newton= 16 gmres=  321    0.6s  (wall    65.1s)
[180/250] seed=2181 sin2d      h0=1.95e-03 u_in=0.17 east->west conv=True  newton= 14 gmres=  209    0.5s  (wall    65.3s)
[181/250] seed=2183 grf        h0=1.07e-03 u_in=0.19 west->south conv=True  newton= 14 gmres=  220    0.5s  (wall    65.7s)
[182/250] seed=2173 pins       h0=2.78e-03 u_in=1.45 north->east conv=False newton=200 gmres= 4680    6.9s  (wall    65.8s)
[183/250] seed=2185 blobs      h0=3.41e-04 u_in=0.93 south->west conv=True  newton= 11 gmres=   88    0.3s  (wall    66.1s)
[184/250] seed=2186 uturn      h0=7.15e-04 u_in=0.25 west->west conv=True  newton=  9 gmres=  104    0.3s  (wall    66.4s)
[185/250] seed=2187 blobs      h0=4.07e-04 u_in=0.45 west->west conv=True  newton= 10 gmres=   68    0.3s  (wall    66.7s)
[186/250] seed=2188 sin2d      h0=7.39e-04 u_in=0.79 west->north conv=True  newton= 12 gmres=  133    0.3s  (wall    67.0s)
[187/250] seed=2182 grf        h0=1.70e-03 u_in=0.78 south->east conv=True  newton= 53 gmres= 1287    1.9s  (wall    67.1s)
[188/250] seed=2189 uniform    h0=5.31e-04 u_in=0.28 east->west conv=True  newton= 10 gmres=   78    0.3s  (wall    67.3s)
[189/250] seed=2190 sin2d      h0=7.15e-04 u_in=0.14 north->south conv=True  newton= 10 gmres=   77    0.3s  (wall    67.3s)
[190/250] seed=2191 quad       h0=5.80e-04 u_in=0.22 east->north conv=True  newton=  9 gmres=   63    0.2s  (wall    67.5s)
[191/250] seed=2192 uniform    h0=5.24e-04 u_in=0.65 west->north conv=True  newton= 11 gmres=  111    0.3s  (wall    67.7s)
[192/250] seed=2184 blobs      h0=2.54e-03 u_in=0.20 east->south conv=True  newton= 63 gmres= 1444    2.2s  (wall    68.0s)
[193/250] seed=2194 uniform    h0=2.23e-03 u_in=0.33 east->south conv=True  newton= 21 gmres=  344    0.6s  (wall    68.3s)
[194/250] seed=2196 uniform    h0=1.61e-03 u_in=0.49 south->west conv=True  newton= 16 gmres=  210    0.5s  (wall    68.7s)
[195/250] seed=2197 grf        h0=1.59e-03 u_in=0.20 north->south conv=True  newton= 14 gmres=  238    0.5s  (wall    69.2s)
[196/250] seed=2195 uniform    h0=2.34e-03 u_in=1.02 north->west conv=True  newton= 41 gmres=  885    1.5s  (wall    69.4s)
[197/250] seed=2198 uniform    h0=5.70e-04 u_in=1.36 south->east conv=True  newton= 13 gmres=  151    0.4s  (wall    69.5s)
[198/250] seed=2199 pins       h0=5.68e-04 u_in=0.51 south->south conv=True  newton= 10 gmres=   90    0.3s  (wall    69.7s)
[199/250] seed=2200 uniform    h0=4.87e-04 u_in=0.23 north->north conv=True  newton= 10 gmres=   68    0.3s  (wall    69.8s)
[200/250] seed=2201 pins       h0=4.16e-04 u_in=0.87 north->south conv=True  newton= 12 gmres=   95    0.3s  (wall    70.1s)
[201/250] seed=2203 sin2d      h0=9.09e-04 u_in=0.27 east->south conv=True  newton= 11 gmres=  114    0.3s  (wall    70.4s)
[202/250] seed=2202 grf        h0=1.66e-03 u_in=0.23 north->south conv=True  newton= 51 gmres=  835    1.3s  (wall    71.1s)
[203/250] seed=2205 blobs      h0=1.52e-03 u_in=0.43 east->west conv=True  newton= 17 gmres=  333    0.6s  (wall    71.7s)
[204/250] seed=2204 uturn      h0=2.48e-03 u_in=0.20 west->west conv=True  newton= 46 gmres= 2021    2.9s  (wall    73.3s)
[205/250] seed=2207 serpentine h0=1.32e-03 u_in=0.43 north->west conv=True  newton= 13 gmres=  268    0.5s  (wall    73.7s)
[206/250] seed=2193 grf        h0=2.93e-03 u_in=0.43 north->east conv=True  newton=155 gmres= 4063    6.3s  (wall    73.8s)
[207/250] seed=2209 serpentine h0=3.62e-04 u_in=0.12 east->west conv=True  newton=  9 gmres=   95    0.2s  (wall    74.0s)
[208/250] seed=2208 sin2d      h0=9.13e-04 u_in=0.20 south->east conv=True  newton= 13 gmres=  144    0.3s  (wall    74.1s)
[209/250] seed=2210 pins       h0=4.95e-04 u_in=0.31 south->north conv=True  newton=  9 gmres=   67    0.3s  (wall    74.3s)
[210/250] seed=2211 uniform    h0=3.46e-04 u_in=0.51 south->west conv=True  newton= 11 gmres=   69    0.3s  (wall    74.4s)
[211/250] seed=2212 uniform    h0=3.14e-04 u_in=0.40 south->east conv=True  newton=  8 gmres=   57    0.2s  (wall    74.5s)
[212/250] seed=2213 blobs      h0=3.12e-04 u_in=0.70 south->east conv=True  newton=  9 gmres=  120    0.3s  (wall    74.6s)
[213/250] seed=2214 quad       h0=3.74e-04 u_in=0.16 east->north conv=True  newton=  9 gmres=   61    0.3s  (wall    74.8s)
[214/250] seed=2215 quad       h0=2.25e-03 u_in=0.13 south->north conv=True  newton= 14 gmres=  192    0.4s  (wall    75.0s)
[215/250] seed=2217 quad       h0=1.14e-03 u_in=2.00 east->south conv=True  newton= 21 gmres=  348    0.7s  (wall    75.7s)
[216/250] seed=2218 pins       h0=3.17e-04 u_in=0.29 west->south conv=True  newton=  8 gmres=   55    0.2s  (wall    76.0s)
[217/250] seed=2206 pins       h0=2.19e-03 u_in=0.98 north->north conv=True  newton= 96 gmres= 2824    4.6s  (wall    76.2s)
[218/250] seed=2219 serpentine h0=9.37e-04 u_in=0.36 north->east conv=True  newton= 10 gmres=  200    0.4s  (wall    76.4s)
[219/250] seed=2220 uturn      h0=3.47e-04 u_in=0.75 west->west conv=True  newton= 11 gmres=   85    0.3s  (wall    76.5s)
[220/250] seed=2222 pins       h0=5.65e-04 u_in=0.16 east->east conv=True  newton= 10 gmres=   94    0.2s  (wall    76.7s)
[221/250] seed=2221 pins       h0=3.00e-04 u_in=1.93 north->west conv=True  newton= 12 gmres=   99    0.4s  (wall    76.8s)
[222/250] seed=2224 sin2d      h0=1.93e-03 u_in=0.45 north->east conv=True  newton= 16 gmres=  255    0.7s  (wall    77.5s)
[223/250] seed=2225 uturn      h0=3.51e-04 u_in=0.12 west->west conv=True  newton=  9 gmres=   77    0.3s  (wall    77.8s)
[224/250] seed=2226 pins       h0=1.86e-03 u_in=0.69 north->east conv=True  newton= 25 gmres=  604    0.9s  (wall    78.8s)
[225/250] seed=2227 serpentine h0=1.02e-03 u_in=0.10 south->west conv=True  newton=  9 gmres=  122    0.3s  (wall    79.0s)
[226/250] seed=2164 serpentine h0=2.05e-03 u_in=1.94 east->south conv=False newton=200 gmres=21108   24.1s  (wall    79.9s)
[227/250] seed=2223 serpentine h0=2.29e-03 u_in=0.96 west->north conv=False newton=200 gmres= 2404    3.6s  (wall    80.3s)
[228/250] seed=2230 quad       h0=1.91e-03 u_in=1.33 south->west conv=True  newton= 30 gmres=  728    1.3s  (wall    81.6s)
[229/250] seed=2216 blobs      h0=2.01e-03 u_in=0.85 east->north conv=False newton=200 gmres= 4538    7.0s  (wall    81.8s)
[230/250] seed=2232 pins       h0=1.71e-03 u_in=0.16 west->west conv=True  newton= 15 gmres=  205    0.4s  (wall    82.2s)
[231/250] seed=2228 grf        h0=2.36e-03 u_in=0.37 north->south conv=False newton=200 gmres= 2012    3.4s  (wall    82.5s)
[232/250] seed=2234 quad       h0=1.36e-03 u_in=0.12 east->south conv=True  newton= 10 gmres=   80    0.3s  (wall    82.8s)
[233/250] seed=2233 grf        h0=8.45e-04 u_in=1.50 east->south conv=True  newton= 23 gmres=  419    0.8s  (wall    83.0s)
[234/250] seed=2235 quad       h0=1.46e-03 u_in=0.13 east->south conv=True  newton= 11 gmres=  117    0.3s  (wall    83.1s)
[235/250] seed=2236 uturn      h0=3.73e-04 u_in=0.69 west->west conv=True  newton= 12 gmres=  147    0.3s  (wall    83.3s)
[236/250] seed=2229 uturn      h0=3.60e-04 u_in=0.29 west->west conv=True  newton= 26 gmres= 2439    4.1s  (wall    83.9s)
[237/250] seed=2239 pins       h0=1.56e-03 u_in=0.19 north->west conv=True  newton= 14 gmres=  192    0.4s  (wall    84.3s)
[238/250] seed=2231 grf        h0=2.39e-03 u_in=0.52 south->south conv=True  newton= 49 gmres= 1151    3.0s  (wall    84.6s)
[239/250] seed=2241 serpentine h0=4.32e-04 u_in=0.46 south->north conv=True  newton=  9 gmres=   98    0.2s  (wall    84.9s)
[240/250] seed=2237 uturn      h0=1.48e-03 u_in=1.16 west->west conv=True  newton= 79 gmres= 1432    2.0s  (wall    85.1s)
[241/250] seed=2242 pins       h0=3.73e-04 u_in=1.37 south->east conv=True  newton= 11 gmres=  105    0.3s  (wall    85.1s)
[242/250] seed=2243 serpentine h0=6.97e-04 u_in=0.34 east->north conv=True  newton=  9 gmres=  134    0.3s  (wall    85.3s)
[243/250] seed=2244 quad       h0=5.85e-04 u_in=0.21 north->south conv=True  newton=  9 gmres=   68    0.2s  (wall    85.4s)
[244/250] seed=2246 uniform    h0=2.62e-03 u_in=0.33 east->north conv=True  newton= 26 gmres=  444    0.9s  (wall    86.3s)
[245/250] seed=2247 pins       h0=4.79e-04 u_in=0.25 west->north conv=True  newton=  9 gmres=   71    0.3s  (wall    86.5s)
[246/250] seed=2248 uturn      h0=6.92e-04 u_in=0.40 west->west conv=True  newton= 13 gmres=   97    0.4s  (wall    86.9s)
[247/250] seed=2238 uturn      h0=5.01e-04 u_in=0.29 west->west conv=True  newton=117 gmres= 2890    4.0s  (wall    87.3s)
[248/250] seed=2249 uturn      h0=1.40e-03 u_in=0.20 west->west conv=True  newton= 11 gmres=  271    0.5s  (wall    87.4s)
[249/250] seed=2245 grf        h0=1.35e-03 u_in=1.82 north->south conv=True  newton= 62 gmres= 1311    2.1s  (wall    87.5s)
[250/250] seed=2240 grf        h0=2.60e-03 u_in=0.87 south->east conv=True  newton= 94 gmres= 2115    3.9s  (wall    88.3s)
done: 1 shards -> experiments/nsbm/data
=== chunk seed0=2250 n=250 workers=5 (other load ~15 cores) 01:07:42
generate n=250 seed0=2250 workers=5 out=experiments/nsbm/data
[1/250] seed=2250 uturn      h0=8.29e-04 u_in=0.26 west->west conv=True  newton= 10 gmres=  132    0.4s  (wall     0.6s)
[2/250] seed=2252 uturn      h0=3.74e-04 u_in=0.65 west->west conv=True  newton= 12 gmres=  138    0.4s  (wall     0.7s)
[3/250] seed=2253 pins       h0=8.88e-04 u_in=0.17 west->north conv=True  newton=  9 gmres=   74    0.4s  (wall     0.7s)
[4/250] seed=2251 serpentine h0=1.22e-03 u_in=0.29 south->north conv=True  newton= 12 gmres=  251    0.5s  (wall     0.8s)
[5/250] seed=2254 blobs      h0=3.31e-04 u_in=0.66 east->west conv=True  newton=  9 gmres=   64    0.4s  (wall     0.8s)
[6/250] seed=2257 pins       h0=7.78e-04 u_in=1.85 north->east conv=True  newton= 18 gmres=  325    0.8s  (wall     1.5s)
[7/250] seed=2256 grf        h0=1.97e-03 u_in=1.51 north->west conv=True  newton= 23 gmres=  507    0.9s  (wall     1.5s)
[8/250] seed=2260 grf        h0=1.77e-03 u_in=1.09 west->south conv=True  newton= 25 gmres=  629    0.9s  (wall     2.4s)
[9/250] seed=2262 pins       h0=9.11e-04 u_in=0.32 north->south conv=True  newton= 13 gmres=  117    0.3s  (wall     2.7s)
[10/250] seed=2258 serpentine h0=5.25e-04 u_in=1.82 west->north conv=True  newton= 30 gmres= 1706    2.1s  (wall     2.9s)
[11/250] seed=2264 quad       h0=6.84e-04 u_in=1.94 south->east conv=True  newton= 14 gmres=  188    0.4s  (wall     3.3s)
[12/250] seed=2265 blobs      h0=1.09e-03 u_in=0.13 east->south conv=True  newton= 12 gmres=  169    0.4s  (wall     3.7s)
[13/250] seed=2266 grf        h0=5.33e-04 u_in=0.99 south->east conv=True  newton= 14 gmres=  206    0.4s  (wall     4.1s)
[14/250] seed=2267 quad       h0=4.02e-04 u_in=0.33 north->east conv=True  newton= 10 gmres=   72    0.3s  (wall     4.4s)
[15/250] seed=2263 blobs      h0=2.00e-03 u_in=0.92 east->west conv=True  newton= 44 gmres= 1308    1.9s  (wall     4.6s)
[16/250] seed=2268 uturn      h0=1.32e-03 u_in=0.26 west->west conv=True  newton= 11 gmres=  238    0.5s  (wall     4.9s)
[17/250] seed=2261 serpentine h0=6.36e-04 u_in=0.71 north->east conv=False newton=200 gmres= 2455    3.5s  (wall     5.1s)
[18/250] seed=2270 pins       h0=9.41e-04 u_in=0.73 west->west conv=True  newton= 15 gmres=  178    0.4s  (wall     5.3s)
[19/250] seed=2271 serpentine h0=4.34e-04 u_in=0.13 north->north conv=True  newton=  8 gmres=   81    0.2s  (wall     5.3s)
[20/250] seed=2255 uturn      h0=1.55e-03 u_in=1.41 west->west conv=False newton=200 gmres= 3512    4.8s  (wall     5.5s)
[21/250] seed=2274 serpentine h0=5.68e-04 u_in=0.18 north->east conv=True  newton=  9 gmres=   81    0.2s  (wall     5.7s)
[22/250] seed=2259 serpentine h0=3.78e-04 u_in=0.89 north->south conv=False newton=200 gmres= 3409    4.9s  (wall     5.7s)
[23/250] seed=2273 sin2d      h0=2.38e-03 u_in=0.14 east->east conv=True  newton= 15 gmres=  193    0.4s  (wall     5.7s)
[24/250] seed=2275 pins       h0=3.19e-04 u_in=0.10 south->west conv=True  newton=  7 gmres=   45    0.2s  (wall     5.9s)
[25/250] seed=2269 grf        h0=1.31e-03 u_in=0.65 west->east conv=True  newton= 30 gmres=  839    1.3s  (wall     5.9s)
[26/250] seed=2277 sin2d      h0=3.74e-04 u_in=0.31 south->east conv=True  newton= 10 gmres=   78    0.2s  (wall     6.0s)
[27/250] seed=2278 pins       h0=5.03e-04 u_in=0.16 north->east conv=True  newton=  9 gmres=   79    0.3s  (wall     6.2s)
[28/250] seed=2279 pins       h0=8.60e-04 u_in=1.23 north->north conv=True  newton= 15 gmres=  235    0.5s  (wall     6.4s)
[29/250] seed=2281 quad       h0=4.58e-04 u_in=0.47 west->north conv=True  newton= 10 gmres=   74    0.3s  (wall     6.4s)
[30/250] seed=2282 pins       h0=1.30e-03 u_in=0.64 east->west conv=True  newton= 15 gmres=  271    0.5s  (wall     6.9s)
[31/250] seed=2283 pins       h0=2.01e-03 u_in=0.46 north->west conv=True  newton= 24 gmres=  750    1.2s  (wall     7.6s)
[32/250] seed=2285 uniform    h0=5.55e-04 u_in=0.61 west->west conv=True  newton= 11 gmres=   93    0.3s  (wall     7.9s)
[33/250] seed=2272 serpentine h0=2.58e-03 u_in=0.82 north->north conv=False newton=200 gmres= 1793    2.9s  (wall     8.1s)
[34/250] seed=2284 pins       h0=2.78e-03 u_in=0.38 south->west conv=True  newton= 37 gmres=  886    1.4s  (wall     8.3s)
[35/250] seed=2286 uniform    h0=1.08e-03 u_in=0.35 west->south conv=True  newton= 13 gmres=  160    0.4s  (wall     8.3s)
[36/250] seed=2287 serpentine h0=1.02e-03 u_in=1.77 west->west conv=True  newton= 16 gmres=  252    0.5s  (wall     8.6s)
[37/250] seed=2288 pins       h0=4.86e-04 u_in=0.32 east->west conv=True  newton=  9 gmres=   88    0.3s  (wall     8.6s)
[38/250] seed=2291 pins       h0=3.78e-04 u_in=0.15 west->south conv=True  newton=  8 gmres=   55    0.2s  (wall     8.8s)
[39/250] seed=2289 uniform    h0=1.47e-03 u_in=0.83 north->south conv=True  newton= 19 gmres=  290    0.6s  (wall     8.9s)
[40/250] seed=2290 sin2d      h0=1.01e-03 u_in=0.11 west->west conv=True  newton= 12 gmres=  110    0.3s  (wall     8.9s)
[41/250] seed=2276 uturn      h0=7.51e-04 u_in=1.74 west->west conv=True  newton= 90 gmres= 2454    3.4s  (wall     9.1s)
[42/250] seed=2294 uniform    h0=4.38e-04 u_in=0.93 south->north conv=True  newton= 10 gmres=   89    0.3s  (wall     9.2s)
[43/250] seed=2293 quad       h0=5.51e-04 u_in=0.61 west->south conv=True  newton= 12 gmres=  125    0.3s  (wall     9.2s)
[44/250] seed=2295 uturn      h0=4.83e-04 u_in=0.31 west->west conv=True  newton= 10 gmres=  107    0.3s  (wall     9.4s)
[45/250] seed=2280 serpentine h0=1.95e-03 u_in=1.07 east->south conv=True  newton=130 gmres= 2589    3.4s  (wall     9.4s)
[46/250] seed=2297 quad       h0=7.42e-04 u_in=0.15 north->east conv=True  newton= 11 gmres=  107    0.3s  (wall     9.5s)
[47/250] seed=2296 sin2d      h0=1.84e-03 u_in=0.10 east->west conv=True  newton= 12 gmres=  146    0.4s  (wall     9.6s)
[48/250] seed=2298 serpentine h0=5.34e-04 u_in=0.14 north->west conv=True  newton=  8 gmres=  132    0.3s  (wall     9.7s)
[49/250] seed=2302 uniform    h0=6.42e-04 u_in=0.33 south->north conv=True  newton=  9 gmres=   70    0.3s  (wall     9.9s)
[50/250] seed=2299 pins       h0=8.70e-04 u_in=1.17 west->east conv=True  newton= 16 gmres=  270    0.6s  (wall    10.0s)
[51/250] seed=2303 quad       h0=4.40e-04 u_in=0.40 east->north conv=True  newton= 11 gmres=   81    0.3s  (wall    10.2s)
[52/250] seed=2301 quad       h0=2.09e-03 u_in=0.37 north->east conv=True  newton= 23 gmres=  403    0.7s  (wall    10.3s)
[53/250] seed=2304 uniform    h0=5.81e-04 u_in=0.42 south->west conv=True  newton=  9 gmres=   69    0.3s  (wall    10.3s)
[54/250] seed=2300 grf        h0=1.19e-03 u_in=0.56 south->west conv=True  newton= 24 gmres=  509    0.8s  (wall    10.4s)
[55/250] seed=2292 uturn      h0=8.66e-04 u_in=0.72 west->west conv=True  newton= 25 gmres= 1306    1.6s  (wall    10.4s)
[56/250] seed=2308 quad       h0=1.50e-03 u_in=0.33 south->north conv=True  newton= 15 gmres=  222    0.5s  (wall    10.8s)
[57/250] seed=2309 grf        h0=1.49e-03 u_in=0.11 south->west conv=True  newton= 14 gmres=  190    0.4s  (wall    10.9s)
[58/250] seed=2305 sin2d      h0=1.73e-03 u_in=0.24 west->east conv=True  newton= 28 gmres=  541    0.9s  (wall    11.1s)
[59/250] seed=2310 blobs      h0=3.30e-04 u_in=0.67 south->south conv=True  newton= 11 gmres=  178    0.4s  (wall    11.2s)
[60/250] seed=2311 grf        h0=1.06e-03 u_in=0.14 west->north conv=True  newton= 11 gmres=  127    0.3s  (wall    11.2s)
[61/250] seed=2313 uniform    h0=9.44e-04 u_in=0.28 east->north conv=True  newton= 12 gmres=  108    0.4s  (wall    11.6s)
[62/250] seed=2312 uniform    h0=2.24e-03 u_in=0.22 east->south conv=True  newton= 20 gmres=  302    0.6s  (wall    11.7s)
[63/250] seed=2316 pins       h0=1.01e-03 u_in=0.16 south->north conv=True  newton= 11 gmres=   91    0.3s  (wall    12.0s)
[64/250] seed=2315 pins       h0=1.76e-03 u_in=0.58 west->north conv=True  newton= 18 gmres=  543    0.9s  (wall    12.5s)
[65/250] seed=2317 uturn      h0=4.80e-04 u_in=1.50 west->west conv=True  newton= 19 gmres=  935    1.5s  (wall    13.4s)
[66/250] seed=2307 pins       h0=2.81e-03 u_in=0.26 east->south conv=False newton=200 gmres= 2614    4.4s  (wall    14.7s)
[67/250] seed=2319 uniform    h0=2.19e-03 u_in=1.10 south->west conv=True  newton= 37 gmres=  917    1.5s  (wall    14.9s)
[68/250] seed=2314 uturn      h0=2.29e-03 u_in=1.17 west->west conv=True  newton= 51 gmres= 2723    3.9s  (wall    15.1s)
[69/250] seed=2321 uturn      h0=3.04e-04 u_in=0.30 west->west conv=True  newton= 10 gmres=   94    0.3s  (wall    15.1s)
[70/250] seed=2320 uturn      h0=1.22e-03 u_in=1.82 west->west conv=True  newton= 15 gmres=  241    0.5s  (wall    15.2s)
[71/250] seed=2323 quad       h0=4.85e-04 u_in=0.13 west->south conv=True  newton=  9 gmres=   68    0.3s  (wall    15.4s)
[72/250] seed=2322 serpentine h0=6.69e-04 u_in=0.83 east->south conv=True  newton= 14 gmres=  226    0.4s  (wall    15.5s)
[73/250] seed=2324 uniform    h0=3.89e-04 u_in=0.88 south->west conv=True  newton= 12 gmres=   91    0.4s  (wall    15.6s)
[74/250] seed=2325 grf        h0=2.28e-03 u_in=0.10 south->north conv=True  newton= 15 gmres=  197    0.5s  (wall    15.9s)
[75/250] seed=2328 uniform    h0=1.11e-03 u_in=1.18 north->south conv=True  newton= 18 gmres=  249    0.5s  (wall    16.3s)
[76/250] seed=2306 serpentine h0=4.75e-04 u_in=1.87 south->west conv=True  newton=131 gmres= 4887    6.4s  (wall    16.7s)
[77/250] seed=2329 sin2d      h0=6.38e-04 u_in=0.14 north->north conv=True  newton= 11 gmres=  135    0.4s  (wall    16.7s)
[78/250] seed=2318 uturn      h0=6.99e-04 u_in=0.95 west->west conv=True  newton= 36 gmres= 3325    4.6s  (wall    17.1s)
[79/250] seed=2332 blobs      h0=5.79e-04 u_in=0.13 west->north conv=True  newton=  9 gmres=   90    0.3s  (wall    17.4s)
[80/250] seed=2333 quad       h0=2.59e-03 u_in=0.11 north->west conv=True  newton= 35 gmres=  486    0.9s  (wall    18.3s)
[81/250] seed=2334 serpentine h0=1.82e-03 u_in=0.18 south->west conv=True  newton= 12 gmres=  451    0.7s  (wall    19.0s)
[82/250] seed=2335 uniform    h0=3.49e-04 u_in=1.33 south->north conv=True  newton= 12 gmres=  104    0.3s  (wall    19.3s)
[83/250] seed=2336 pins       h0=2.55e-03 u_in=0.45 east->east conv=True  newton= 27 gmres=  590    1.0s  (wall    20.3s)
[84/250] seed=2337 sin2d      h0=1.51e-03 u_in=1.99 north->east conv=True  newton= 31 gmres=  721    1.2s  (wall    21.6s)
[85/250] seed=2338 quad       h0=3.50e-04 u_in=0.23 west->south conv=True  newton=  9 gmres=   74    0.3s  (wall    21.9s)
[86/250] seed=2327 blobs      h0=2.75e-03 u_in=0.33 north->south conv=False newton=200 gmres= 4745    6.5s  (wall    22.1s)
[87/250] seed=2326 pins       h0=2.04e-03 u_in=1.32 south->east conv=True  newton=200 gmres= 4373    6.6s  (wall    22.1s)
[88/250] seed=2331 serpentine h0=1.66e-03 u_in=1.01 south->south conv=True  newton=125 gmres= 3740    5.5s  (wall    22.2s)
[89/250] seed=2330 serpentine h0=1.60e-03 u_in=0.73 north->north conv=False newton=200 gmres= 3993    5.5s  (wall    22.2s)
[90/250] seed=2339 quad       h0=4.79e-04 u_in=0.20 north->east conv=True  newton= 11 gmres=   81    0.4s  (wall    22.3s)
[91/250] seed=2340 quad       h0=3.57e-04 u_in=0.21 west->north conv=True  newton=  9 gmres=   61    0.2s  (wall    22.3s)
[92/250] seed=2341 quad       h0=3.14e-04 u_in=1.00 north->west conv=True  newton= 11 gmres=   95    0.3s  (wall    22.4s)
[93/250] seed=2342 uniform    h0=9.80e-04 u_in=0.18 south->south conv=True  newton= 11 gmres=   82    0.3s  (wall    22.5s)
[94/250] seed=2343 sin2d      h0=1.13e-03 u_in=1.29 east->north conv=True  newton= 16 gmres=  237    0.5s  (wall    22.6s)
[95/250] seed=2345 uniform    h0=8.84e-04 u_in=0.67 north->west conv=True  newton= 14 gmres=  163    0.4s  (wall    22.8s)
[96/250] seed=2348 pins       h0=6.76e-04 u_in=0.54 east->south conv=True  newton= 12 gmres=  153    0.4s  (wall    23.0s)
[97/250] seed=2349 serpentine h0=5.53e-04 u_in=0.70 west->south conv=True  newton= 13 gmres=  179    0.4s  (wall    23.1s)
[98/250] seed=2347 sin2d      h0=1.67e-03 u_in=1.28 east->east conv=True  newton= 20 gmres=  430    0.7s  (wall    23.2s)
[99/250] seed=2351 uniform    h0=1.08e-03 u_in=0.74 east->south conv=True  newton= 15 gmres=  187    0.5s  (wall    23.6s)
[100/250] seed=2352 blobs      h0=9.39e-04 u_in=0.98 north->east conv=True  newton= 14 gmres=  270    0.5s  (wall    23.7s)
[101/250] seed=2354 quad       h0=2.58e-03 u_in=0.43 west->east conv=True  newton= 29 gmres=  522    0.9s  (wall    24.6s)
[102/250] seed=2346 uturn      h0=7.66e-04 u_in=1.95 west->west conv=True  newton= 30 gmres= 1894    2.4s  (wall    24.8s)
[103/250] seed=2355 quad       h0=5.88e-04 u_in=0.20 north->east conv=True  newton=  9 gmres=   70    0.3s  (wall    24.8s)
[104/250] seed=2356 blobs      h0=6.46e-04 u_in=1.39 west->south conv=True  newton= 16 gmres=  315    0.5s  (wall    25.3s)
[105/250] seed=2358 pins       h0=7.11e-04 u_in=1.05 south->south conv=True  newton= 13 gmres=  167    0.4s  (wall    25.7s)
[106/250] seed=2359 blobs      h0=3.33e-04 u_in=0.19 west->north conv=True  newton=  7 gmres=   51    0.2s  (wall    25.9s)
[107/250] seed=2357 blobs      h0=2.60e-03 u_in=0.31 west->east conv=True  newton= 27 gmres=  844    1.3s  (wall    26.1s)
[108/250] seed=2360 uniform    h0=5.25e-04 u_in=0.15 north->east conv=True  newton=  9 gmres=   56    0.2s  (wall    26.1s)
[109/250] seed=2362 quad       h0=8.06e-04 u_in=0.19 east->south conv=True  newton= 12 gmres=  103    0.3s  (wall    26.5s)
[110/250] seed=2361 blobs      h0=2.66e-03 u_in=0.13 south->north conv=True  newton= 14 gmres=  266    0.6s  (wall    26.7s)
[111/250] seed=2363 quad       h0=4.95e-04 u_in=0.19 west->north conv=True  newton=  8 gmres=   66    0.2s  (wall    26.7s)
[112/250] seed=2365 uturn      h0=3.26e-04 u_in=1.13 west->west conv=True  newton= 12 gmres=  154    0.3s  (wall    27.0s)
[113/250] seed=2364 serpentine h0=3.70e-04 u_in=0.75 south->west conv=True  newton= 11 gmres=  197    0.4s  (wall    27.1s)
[114/250] seed=2367 pins       h0=5.73e-04 u_in=1.64 west->east conv=True  newton= 12 gmres=  145    0.3s  (wall    27.4s)
[115/250] seed=2366 sin2d      h0=1.66e-03 u_in=0.26 west->north conv=True  newton= 15 gmres=  214    0.4s  (wall    27.5s)
[116/250] seed=2344 serpentine h0=7.68e-04 u_in=1.58 south->north conv=True  newton= 97 gmres= 4288    5.5s  (wall    27.7s)
[117/250] seed=2353 serpentine h0=8.46e-04 u_in=0.94 south->south conv=True  newton=190 gmres= 3323    4.5s  (wall    28.1s)
[118/250] seed=2350 serpentine h0=5.96e-04 u_in=0.28 south->east conv=True  newton= 72 gmres= 3993    5.4s  (wall    28.4s)
[119/250] seed=2371 serpentine h0=7.04e-04 u_in=0.40 west->west conv=True  newton= 13 gmres=  212    0.4s  (wall    28.5s)
[120/250] seed=2370 grf        h0=2.16e-03 u_in=1.54 east->south conv=True  newton= 20 gmres=  523    0.9s  (wall    28.6s)
[121/250] seed=2369 pins       h0=2.44e-03 u_in=0.72 west->north conv=True  newton= 32 gmres=  703    1.1s  (wall    28.6s)
[122/250] seed=2374 quad       h0=1.06e-03 u_in=0.15 east->east conv=True  newton= 11 gmres=  100    0.3s  (wall    28.9s)
[123/250] seed=2368 grf        h0=1.96e-03 u_in=1.55 south->east conv=True  newton= 39 gmres= 1020    1.6s  (wall    29.0s)
[124/250] seed=2377 uniform    h0=9.66e-04 u_in=0.39 west->south conv=True  newton= 13 gmres=  125    0.4s  (wall    29.4s)
[125/250] seed=2372 sin2d      h0=1.46e-03 u_in=1.56 south->north conv=True  newton= 23 gmres=  432    1.0s  (wall    29.4s)
[126/250] seed=2376 serpentine h0=1.56e-03 u_in=0.13 south->east conv=True  newton= 16 gmres=  594    0.8s  (wall    29.7s)
[127/250] seed=2378 quad       h0=1.82e-03 u_in=0.57 west->north conv=True  newton= 19 gmres=  313    0.6s  (wall    30.0s)
[128/250] seed=2379 grf        h0=1.11e-03 u_in=1.97 north->west conv=True  newton= 21 gmres=  518    0.9s  (wall    30.4s)
[129/250] seed=2382 pins       h0=2.25e-03 u_in=0.26 east->north conv=True  newton= 55 gmres=  707    1.3s  (wall    31.7s)
[130/250] seed=2383 serpentine h0=2.01e-03 u_in=0.10 east->west conv=True  newton= 11 gmres=  184    0.4s  (wall    32.1s)
[131/250] seed=2380 grf        h0=1.40e-03 u_in=1.36 west->south conv=True  newton= 77 gmres= 1485    2.5s  (wall    32.1s)
[132/250] seed=2384 blobs      h0=8.40e-04 u_in=0.50 south->east conv=True  newton= 14 gmres=  152    0.3s  (wall    32.4s)
[133/250] seed=2381 uturn      h0=3.17e-04 u_in=0.37 west->west conv=True  newton= 58 gmres= 1989    2.5s  (wall    32.5s)
[134/250] seed=2386 sin2d      h0=3.20e-04 u_in=1.74 east->north conv=True  newton= 14 gmres=  169    0.4s  (wall    32.8s)
[135/250] seed=2375 serpentine h0=1.29e-03 u_in=0.66 west->east conv=False newton=200 gmres= 2848    4.3s  (wall    32.9s)
[136/250] seed=2389 pins       h0=3.99e-04 u_in=0.13 north->south conv=True  newton=  8 gmres=   55    0.2s  (wall    33.1s)
[137/250] seed=2385 pins       h0=1.61e-03 u_in=0.79 east->north conv=True  newton= 26 gmres=  806    1.3s  (wall    33.4s)
[138/250] seed=2390 quad       h0=4.49e-04 u_in=1.92 east->west conv=True  newton= 11 gmres=  108    0.3s  (wall    33.5s)
[139/250] seed=2391 uturn      h0=1.01e-03 u_in=0.27 west->west conv=True  newton= 11 gmres=  202    0.4s  (wall    33.8s)
[140/250] seed=2392 grf        h0=8.81e-04 u_in=0.18 south->east conv=True  newton= 14 gmres=  150    0.4s  (wall    33.8s)
[141/250] seed=2393 uniform    h0=7.33e-04 u_in=0.16 west->east conv=True  newton=  9 gmres=   71    0.3s  (wall    34.1s)
[142/250] seed=2394 quad       h0=7.16e-04 u_in=0.31 north->south conv=True  newton= 10 gmres=   89    0.4s  (wall    34.2s)
[143/250] seed=2388 pins       h0=9.55e-04 u_in=1.42 north->south conv=True  newton= 20 gmres=  612    1.4s  (wall    34.2s)
[144/250] seed=2395 pins       h0=1.78e-03 u_in=1.09 east->south conv=True  newton= 21 gmres=  348    0.6s  (wall    34.7s)
[145/250] seed=2397 quad       h0=2.23e-03 u_in=0.46 east->north conv=True  newton= 13 gmres=  159    0.4s  (wall    34.7s)
[146/250] seed=2396 uniform    h0=8.63e-04 u_in=0.58 north->east conv=True  newton= 20 gmres=  284    0.7s  (wall    34.9s)
[147/250] seed=2398 uniform    h0=5.32e-04 u_in=1.35 north->east conv=True  newton= 13 gmres=  157    0.4s  (wall    35.1s)
[148/250] seed=2373 serpentine h0=5.72e-04 u_in=0.74 north->south conv=False newton=200 gmres= 4659    6.7s  (wall    35.3s)
[149/250] seed=2401 serpentine h0=3.49e-04 u_in=0.16 north->south conv=True  newton=  8 gmres=   82    0.2s  (wall    35.3s)
[150/250] seed=2403 sin2d      h0=1.38e-03 u_in=0.65 east->east conv=True  newton= 17 gmres=  263    0.5s  (wall    35.8s)
[151/250] seed=2387 serpentine h0=1.91e-03 u_in=0.93 north->east conv=False newton=200 gmres= 2627    4.4s  (wall    36.9s)
[152/250] seed=2400 serpentine h0=6.80e-04 u_in=0.96 south->north conv=False newton=200 gmres= 2318    3.8s  (wall    38.7s)
[153/250] seed=2406 quad       h0=8.16e-04 u_in=1.57 north->south conv=True  newton= 15 gmres=  257    0.6s  (wall    39.3s)
[154/250] seed=2407 grf        h0=3.31e-04 u_in=0.12 south->south conv=True  newton= 12 gmres=  112    0.3s  (wall    39.6s)
[155/250] seed=2404 uturn      h0=2.32e-03 u_in=0.17 west->west conv=False newton=200 gmres= 2976    4.7s  (wall    40.6s)
[156/250] seed=2405 serpentine h0=2.07e-03 u_in=1.91 west->south conv=False newton=200 gmres= 2735    3.7s  (wall    40.6s)
[157/250] seed=2402 serpentine h0=9.74e-04 u_in=0.13 north->south conv=False newton=200 gmres= 4153    5.6s  (wall    40.8s)
[158/250] seed=2409 sin2d      h0=1.40e-03 u_in=0.41 west->south conv=True  newton= 15 gmres=  253    0.5s  (wall    41.1s)
[159/250] seed=2399 serpentine h0=1.43e-03 u_in=0.17 south->west conv=False newton=200 gmres= 4494    6.5s  (wall    41.2s)
[160/250] seed=2412 blobs      h0=4.13e-04 u_in=0.27 west->east conv=True  newton= 10 gmres=  106    0.4s  (wall    41.5s)
[161/250] seed=2413 uturn      h0=2.52e-03 u_in=0.43 west->west conv=True  newton= 16 gmres=  279    0.6s  (wall    41.8s)
[162/250] seed=2414 sin2d      h0=2.33e-03 u_in=0.25 south->east conv=True  newton= 25 gmres=  498    1.3s  (wall    42.9s)
[163/250] seed=2415 uniform    h0=2.90e-03 u_in=0.22 east->south conv=True  newton= 24 gmres=  458    1.2s  (wall    43.0s)
[164/250] seed=2417 sin2d      h0=2.00e-03 u_in=1.69 east->south conv=True  newton= 42 gmres= 1070    2.0s  (wall    45.0s)
[165/250] seed=2410 serpentine h0=9.50e-04 u_in=0.83 west->north conv=True  newton= 94 gmres= 2415    4.4s  (wall    45.0s)
[166/250] seed=2418 uniform    h0=3.85e-04 u_in=1.16 east->north conv=True  newton= 10 gmres=   81    0.3s  (wall    45.3s)
[167/250] seed=2420 uniform    h0=1.11e-03 u_in=0.14 north->west conv=True  newton= 12 gmres=  110    0.4s  (wall    45.6s)
[168/250] seed=2408 serpentine h0=2.55e-03 u_in=1.39 east->south conv=False newton=200 gmres= 4926    7.0s  (wall    46.6s)
[169/250] seed=2419 serpentine h0=4.80e-04 u_in=0.75 west->north conv=False newton=200 gmres= 3318    5.9s  (wall    50.9s)
[170/250] seed=2416 serpentine h0=1.35e-03 u_in=0.11 east->west conv=False newton=200 gmres= 4005    8.1s  (wall    51.0s)
[171/250] seed=2423 pins       h0=9.34e-04 u_in=0.63 west->north conv=True  newton= 14 gmres=  140    0.5s  (wall    51.4s)
[172/250] seed=2421 pins       h0=2.25e-03 u_in=1.01 west->south conv=True  newton=117 gmres= 3594    5.8s  (wall    51.5s)
[173/250] seed=2426 sin2d      h0=5.41e-04 u_in=0.28 south->east conv=True  newton= 10 gmres=   83    0.3s  (wall    51.8s)
[174/250] seed=2424 quad       h0=2.75e-03 u_in=0.34 north->west conv=True  newton= 23 gmres=  430    0.8s  (wall    51.8s)
[175/250] seed=2425 blobs      h0=8.33e-04 u_in=0.32 south->north conv=True  newton= 10 gmres=  121    0.5s  (wall    52.0s)
[176/250] seed=2428 uturn      h0=3.10e-04 u_in=0.12 west->west conv=True  newton=  9 gmres=   98    0.3s  (wall    52.1s)
[177/250] seed=2429 blobs      h0=3.67e-04 u_in=0.31 south->south conv=True  newton= 10 gmres=   65    0.3s  (wall    52.3s)
[178/250] seed=2427 uniform    h0=9.37e-04 u_in=1.42 west->north conv=True  newton= 17 gmres=  321    0.6s  (wall    52.4s)
[179/250] seed=2431 grf        h0=9.15e-04 u_in=0.13 north->north conv=True  newton= 15 gmres=  178    0.6s  (wall    52.9s)
[180/250] seed=2432 uniform    h0=2.60e-03 u_in=0.25 south->north conv=True  newton= 21 gmres=  336    0.8s  (wall    53.2s)
[181/250] seed=2434 quad       h0=9.59e-04 u_in=0.72 east->north conv=True  newton= 23 gmres=  483    1.1s  (wall    54.3s)
[182/250] seed=2430 uturn      h0=1.85e-03 u_in=0.58 west->west conv=True  newton= 22 gmres= 1774    2.4s  (wall    54.5s)
[183/250] seed=2435 sin2d      h0=2.01e-03 u_in=0.19 north->north conv=True  newton= 21 gmres=  273    0.9s  (wall    55.2s)
[184/250] seed=2436 pins       h0=1.33e-03 u_in=1.12 east->north conv=True  newton= 20 gmres=  366    0.8s  (wall    55.3s)
[185/250] seed=2438 serpentine h0=3.69e-04 u_in=0.43 west->west conv=True  newton= 10 gmres=   95    0.3s  (wall    55.6s)
[186/250] seed=2437 quad       h0=4.90e-04 u_in=0.50 west->south conv=True  newton= 11 gmres=   87    0.4s  (wall    55.6s)
[187/250] seed=2439 pins       h0=1.36e-03 u_in=0.27 north->west conv=True  newton= 14 gmres=  190    0.8s  (wall    56.3s)
[188/250] seed=2441 grf        h0=2.02e-03 u_in=0.17 south->east conv=True  newton= 25 gmres=  503    0.9s  (wall    57.2s)
[189/250] seed=2422 serpentine h0=1.03e-03 u_in=1.08 west->east conv=False newton=200 gmres= 6752   11.0s  (wall    57.6s)
[190/250] seed=2442 grf        h0=8.03e-04 u_in=0.37 south->east conv=True  newton= 13 gmres=  155    0.4s  (wall    57.6s)
[191/250] seed=2443 quad       h0=5.65e-04 u_in=0.28 south->south conv=True  newton= 11 gmres=   82    0.3s  (wall    57.9s)
[192/250] seed=2444 grf        h0=3.13e-04 u_in=0.79 west->east conv=True  newton= 16 gmres=  182    0.5s  (wall    58.2s)
[193/250] seed=2445 quad       h0=3.54e-04 u_in=0.16 west->north conv=True  newton=  8 gmres=   55    0.3s  (wall    58.2s)
[194/250] seed=2433 pins       h0=1.90e-03 u_in=1.53 south->north conv=False newton=200 gmres= 2961    5.4s  (wall    58.3s)
[195/250] seed=2447 uniform    h0=1.17e-03 u_in=0.19 east->east conv=True  newton= 14 gmres=  122    0.3s  (wall    58.5s)
[196/250] seed=2449 uturn      h0=7.34e-04 u_in=0.15 west->west conv=True  newton= 10 gmres=  150    0.3s  (wall    58.8s)
[197/250] seed=2446 uniform    h0=8.62e-04 u_in=1.53 west->north conv=True  newton= 18 gmres=  344    0.6s  (wall    58.8s)
[198/250] seed=2448 uturn      h0=4.27e-04 u_in=1.32 west->west conv=True  newton= 13 gmres=  188    0.6s  (wall    58.9s)
[199/250] seed=2450 grf        h0=5.86e-04 u_in=0.49 north->east conv=True  newton= 14 gmres=  137    0.4s  (wall    59.1s)
[200/250] seed=2453 pins       h0=2.69e-03 u_in=0.15 south->east conv=True  newton= 20 gmres=  406    0.8s  (wall    59.9s)
[201/250] seed=2454 grf        h0=2.53e-03 u_in=0.56 south->north conv=True  newton= 16 gmres=  286    0.6s  (wall    60.5s)
[202/250] seed=2452 sin2d      h0=1.24e-03 u_in=0.36 east->west conv=True  newton= 76 gmres=  880    1.7s  (wall    60.6s)
[203/250] seed=2456 uturn      h0=3.19e-04 u_in=0.36 west->west conv=True  newton=  9 gmres=   74    0.2s  (wall    60.9s)
[204/250] seed=2457 grf        h0=6.18e-04 u_in=0.16 west->north conv=True  newton= 12 gmres=  131    0.3s  (wall    61.2s)
[205/250] seed=2458 uniform    h0=4.29e-04 u_in=0.21 south->west conv=True  newton=  8 gmres=   49    0.2s  (wall    61.4s)
[206/250] seed=2440 serpentine h0=4.77e-04 u_in=1.17 north->west conv=False newton=200 gmres= 3668    6.1s  (wall    61.7s)
[207/250] seed=2459 uturn      h0=5.52e-04 u_in=0.17 west->west conv=True  newton= 10 gmres=  105    0.3s  (wall    61.7s)
[208/250] seed=2460 uturn      h0=7.86e-04 u_in=0.13 west->west conv=True  newton=  9 gmres=  109    0.3s  (wall    62.0s)
[209/250] seed=2461 grf        h0=2.54e-03 u_in=0.82 north->east conv=True  newton= 16 gmres=  254    0.5s  (wall    62.3s)
[210/250] seed=2462 pins       h0=6.02e-04 u_in=0.49 west->east conv=True  newton= 12 gmres=  102    0.3s  (wall    62.3s)
[211/250] seed=2464 grf        h0=8.42e-04 u_in=0.54 north->south conv=True  newton= 15 gmres=  192    0.4s  (wall    62.7s)
[212/250] seed=2465 quad       h0=1.23e-03 u_in=0.20 south->south conv=True  newton= 13 gmres=  129    0.4s  (wall    63.1s)
[213/250] seed=2463 quad       h0=2.15e-03 u_in=0.69 west->south conv=True  newton= 23 gmres=  549    0.9s  (wall    63.2s)
[214/250] seed=2467 serpentine h0=3.04e-04 u_in=0.11 south->east conv=True  newton=  7 gmres=   72    0.2s  (wall    63.4s)
[215/250] seed=2455 grf        h0=1.80e-03 u_in=0.12 east->north conv=True  newton=146 gmres= 2109    3.5s  (wall    64.0s)
[216/250] seed=2466 uniform    h0=1.02e-03 u_in=0.82 east->north conv=True  newton= 29 gmres=  510    0.9s  (wall    64.0s)
[217/250] seed=2468 quad       h0=1.28e-03 u_in=1.64 east->north conv=True  newton= 23 gmres=  450    0.8s  (wall    64.2s)
[218/250] seed=2470 grf        h0=7.73e-04 u_in=0.24 south->north conv=True  newton= 13 gmres=  115    0.3s  (wall    64.3s)
[219/250] seed=2471 uturn      h0=5.07e-04 u_in=0.30 west->west conv=True  newton= 10 gmres=  106    0.2s  (wall    64.4s)
[220/250] seed=2473 grf        h0=1.21e-03 u_in=1.35 north->east conv=True  newton= 24 gmres=  854    1.4s  (wall    65.8s)
[221/250] seed=2472 uturn      h0=1.31e-03 u_in=0.49 west->west conv=True  newton= 85 gmres= 2537    3.5s  (wall    67.9s)
[222/250] seed=2475 pins       h0=1.05e-03 u_in=1.03 south->east conv=True  newton= 20 gmres=  340    0.6s  (wall    68.4s)
[223/250] seed=2476 sin2d      h0=7.17e-04 u_in=0.74 north->east conv=True  newton= 16 gmres=  216    0.5s  (wall    68.9s)
[224/250] seed=2469 serpentine h0=6.40e-04 u_in=0.35 west->south conv=True  newton=158 gmres= 3796    5.2s  (wall    69.2s)
[225/250] seed=2477 sin2d      h0=8.00e-04 u_in=0.49 north->south conv=True  newton= 14 gmres=  182    0.4s  (wall    69.3s)
[226/250] seed=2451 serpentine h0=2.72e-03 u_in=1.66 west->south conv=False newton=200 gmres= 7492   10.5s  (wall    69.3s)
[227/250] seed=2478 pins       h0=3.79e-04 u_in=1.27 north->east conv=True  newton= 11 gmres=  118    0.4s  (wall    69.5s)
[228/250] seed=2480 grf        h0=3.80e-04 u_in=0.37 south->south conv=True  newton=  9 gmres=   85    0.3s  (wall    69.6s)
[229/250] seed=2479 uturn      h0=5.24e-04 u_in=1.07 west->west conv=True  newton= 14 gmres=  246    0.4s  (wall    69.8s)
[230/250] seed=2482 serpentine h0=3.91e-04 u_in=0.34 south->north conv=True  newton= 10 gmres=  106    0.3s  (wall    69.9s)
[231/250] seed=2481 serpentine h0=1.56e-03 u_in=0.13 south->west conv=True  newton= 11 gmres=  252    0.4s  (wall    69.9s)
[232/250] seed=2483 uturn      h0=3.59e-04 u_in=1.60 west->west conv=True  newton= 13 gmres=  183    0.4s  (wall    70.1s)
[233/250] seed=2485 quad       h0=7.55e-04 u_in=0.42 east->south conv=True  newton= 12 gmres=  117    0.3s  (wall    70.3s)
[234/250] seed=2486 pins       h0=1.28e-03 u_in=0.27 east->north conv=True  newton= 12 gmres=  136    0.4s  (wall    70.5s)
[235/250] seed=2488 quad       h0=7.76e-04 u_in=0.18 south->east conv=True  newton= 11 gmres=   87    0.3s  (wall    70.8s)
[236/250] seed=2489 uniform    h0=2.10e-03 u_in=0.14 east->north conv=True  newton= 14 gmres=  189    0.5s  (wall    71.3s)
[237/250] seed=2487 serpentine h0=4.18e-04 u_in=0.48 north->east conv=True  newton= 62 gmres=  926    1.4s  (wall    71.7s)
[238/250] seed=2491 sin2d      h0=5.95e-04 u_in=0.42 west->north conv=True  newton= 10 gmres=  119    0.3s  (wall    72.0s)
[239/250] seed=2490 uturn      h0=1.10e-03 u_in=0.23 west->west conv=True  newton= 11 gmres=  708    1.0s  (wall    72.3s)
[240/250] seed=2492 blobs      h0=3.84e-04 u_in=0.86 west->west conv=True  newton= 11 gmres=  265    0.5s  (wall    72.5s)
[241/250] seed=2493 pins       h0=4.27e-04 u_in=0.13 south->east conv=True  newton=  7 gmres=   51    0.3s  (wall    72.5s)
[242/250] seed=2494 uturn      h0=1.31e-03 u_in=0.35 west->west conv=True  newton= 12 gmres=  301    0.6s  (wall    73.0s)
[243/250] seed=2484 blobs      h0=4.84e-04 u_in=1.70 east->south conv=False newton=200 gmres= 4793    6.6s  (wall    76.5s)
[244/250] seed=2496 serpentine h0=1.69e-03 u_in=0.52 east->south conv=False newton=200 gmres= 4762    6.5s  (wall    79.6s)
[245/250] seed=2495 serpentine h0=2.11e-03 u_in=0.21 north->east conv=True  newton= 64 gmres= 5728    7.7s  (wall    80.3s)
[246/250] seed=2497 uturn      h0=1.16e-03 u_in=1.76 west->west conv=False newton=200 gmres= 2632    4.3s  (wall    80.8s)
[247/250] seed=2498 uturn      h0=2.17e-03 u_in=1.14 west->west conv=True  newton= 27 gmres= 1688    2.3s  (wall    81.9s)
[248/250] seed=2499 grf        h0=1.44e-03 u_in=1.56 west->north conv=True  newton= 41 gmres= 1072    1.7s  (wall    82.0s)
[249/250] seed=2411 pins       h0=2.37e-03 u_in=0.97 north->west conv=False newton=200 gmres=36799   42.5s  (wall    83.4s)
[250/250] seed=2474 sin2d      h0=1.52e-03 u_in=1.28 west->east conv=False newton=200 gmres=22371   24.1s  (wall    89.9s)
done: 1 shards -> experiments/nsbm/data
=== chunk seed0=2500 n=250 workers=4 (other load ~16 cores) 01:09:13
generate n=250 seed0=2500 workers=4 out=experiments/nsbm/data
[1/250] seed=2501 pins       h0=5.12e-04 u_in=0.32 east->west conv=True  newton= 11 gmres=   93    0.5s  (wall     0.9s)
[2/250] seed=2500 uturn      h0=8.51e-04 u_in=0.95 west->west conv=True  newton= 17 gmres=  614    1.0s  (wall     1.3s)
[3/250] seed=2504 grf        h0=4.06e-04 u_in=0.99 west->east conv=True  newton= 11 gmres=  133    0.4s  (wall     1.3s)
[4/250] seed=2505 uniform    h0=3.15e-04 u_in=1.22 west->east conv=True  newton= 11 gmres=   90    0.3s  (wall     1.6s)
[5/250] seed=2506 blobs      h0=1.14e-03 u_in=0.27 south->west conv=True  newton= 14 gmres=  152    0.4s  (wall     1.7s)
[6/250] seed=2507 uturn      h0=6.04e-04 u_in=0.11 west->west conv=True  newton=  8 gmres=   69    0.2s  (wall     1.8s)
[7/250] seed=2508 quad       h0=6.45e-04 u_in=0.53 east->east conv=True  newton= 14 gmres=  145    0.3s  (wall     2.1s)
[8/250] seed=2510 sin2d      h0=3.28e-04 u_in=0.12 west->west conv=True  newton=  8 gmres=   62    0.2s  (wall     2.3s)
[9/250] seed=2511 uniform    h0=8.80e-04 u_in=0.15 west->north conv=True  newton=  9 gmres=   66    0.3s  (wall     2.6s)
[10/250] seed=2509 pins       h0=1.79e-03 u_in=0.47 east->north conv=True  newton= 26 gmres=  558    1.0s  (wall     2.8s)
[11/250] seed=2512 uniform    h0=5.95e-04 u_in=1.46 east->west conv=True  newton= 18 gmres=  235    0.5s  (wall     3.1s)
[12/250] seed=2513 pins       h0=3.97e-04 u_in=1.90 west->east conv=True  newton= 13 gmres=  136    0.4s  (wall     3.2s)
[13/250] seed=2514 blobs      h0=4.40e-04 u_in=0.15 east->south conv=True  newton=  9 gmres=   71    0.2s  (wall     3.3s)
[14/250] seed=2516 blobs      h0=1.27e-03 u_in=0.13 north->east conv=True  newton= 13 gmres=  130    0.4s  (wall     3.8s)
[15/250] seed=2517 blobs      h0=4.43e-04 u_in=0.65 west->south conv=True  newton= 10 gmres=  130    0.4s  (wall     4.1s)
[16/250] seed=2515 uniform    h0=2.39e-03 u_in=0.68 west->east conv=True  newton= 30 gmres=  774    1.2s  (wall     4.3s)
[17/250] seed=2518 serpentine h0=5.20e-04 u_in=0.35 north->east conv=True  newton= 10 gmres=  122    0.4s  (wall     4.5s)
[18/250] seed=2503 grf        h0=1.76e-03 u_in=0.66 west->north conv=False newton=200 gmres= 3007    4.4s  (wall     4.9s)
[19/250] seed=2502 serpentine h0=1.26e-03 u_in=1.21 south->east conv=False newton=200 gmres= 3157    5.2s  (wall     5.7s)
[20/250] seed=2522 serpentine h0=8.52e-04 u_in=0.49 south->east conv=True  newton= 15 gmres=  280    0.6s  (wall     6.2s)
[21/250] seed=2523 uturn      h0=5.79e-04 u_in=0.64 west->west conv=True  newton= 13 gmres=  113    0.4s  (wall     6.6s)
[22/250] seed=2524 blobs      h0=5.09e-04 u_in=0.70 north->north conv=True  newton= 11 gmres=  163    0.4s  (wall     7.0s)
[23/250] seed=2519 pins       h0=1.86e-03 u_in=1.42 south->south conv=True  newton= 46 gmres= 1987    2.7s  (wall     7.1s)
[24/250] seed=2526 sin2d      h0=3.78e-04 u_in=0.28 north->west conv=True  newton=  8 gmres=   61    0.2s  (wall     7.3s)
[25/250] seed=2525 serpentine h0=1.18e-03 u_in=0.10 east->south conv=True  newton= 10 gmres=  196    0.4s  (wall     7.4s)
[26/250] seed=2527 grf        h0=1.54e-03 u_in=0.20 north->east conv=True  newton= 16 gmres=  178    0.4s  (wall     7.7s)
[27/250] seed=2528 uturn      h0=2.62e-03 u_in=0.14 west->west conv=True  newton= 16 gmres=  180    0.4s  (wall     7.8s)
[28/250] seed=2530 quad       h0=9.63e-04 u_in=0.50 south->north conv=True  newton= 13 gmres=  158    0.4s  (wall     8.2s)
[29/250] seed=2520 blobs      h0=1.74e-03 u_in=0.34 east->west conv=False newton=200 gmres= 2173    3.9s  (wall     8.4s)
[30/250] seed=2531 pins       h0=1.82e-03 u_in=0.28 north->west conv=True  newton= 14 gmres=  199    0.4s  (wall     8.7s)
[31/250] seed=2529 uniform    h0=1.92e-03 u_in=0.93 north->east conv=True  newton= 28 gmres=  604    1.0s  (wall     8.7s)
[32/250] seed=2534 serpentine h0=7.04e-04 u_in=0.10 west->south conv=True  newton=  9 gmres=  123    0.3s  (wall     9.0s)
[33/250] seed=2532 blobs      h0=1.16e-03 u_in=1.08 north->east conv=True  newton= 18 gmres=  385    0.6s  (wall     9.0s)
[34/250] seed=2533 sin2d      h0=6.20e-04 u_in=0.51 north->east conv=True  newton= 15 gmres=  163    0.4s  (wall     9.0s)
[35/250] seed=2537 grf        h0=3.00e-04 u_in=0.11 west->west conv=True  newton=  9 gmres=   69    0.2s  (wall     9.3s)
[36/250] seed=2536 grf        h0=4.73e-04 u_in=0.59 north->west conv=True  newton=  9 gmres=   97    0.3s  (wall     9.3s)
[37/250] seed=2539 quad       h0=7.31e-04 u_in=0.12 east->west conv=True  newton= 11 gmres=   97    0.3s  (wall     9.6s)
[38/250] seed=2521 serpentine h0=1.44e-03 u_in=0.49 west->south conv=True  newton=166 gmres= 3532    4.9s  (wall     9.8s)
[39/250] seed=2540 serpentine h0=4.25e-04 u_in=0.53 south->west conv=True  newton=  9 gmres=   73    0.2s  (wall     9.8s)
[40/250] seed=2541 pins       h0=9.85e-04 u_in=0.20 north->north conv=True  newton= 12 gmres=  126    0.4s  (wall    10.2s)
[41/250] seed=2538 grf        h0=1.68e-03 u_in=1.71 north->west conv=True  newton= 20 gmres=  483    0.9s  (wall    10.2s)
[42/250] seed=2542 quad       h0=6.19e-04 u_in=0.43 north->south conv=True  newton= 20 gmres=  252    0.6s  (wall    10.4s)
[43/250] seed=2545 serpentine h0=1.68e-03 u_in=0.60 south->south conv=True  newton= 22 gmres=  996    1.3s  (wall    11.7s)
[44/250] seed=2543 quad       h0=2.92e-03 u_in=0.92 south->east conv=True  newton= 44 gmres= 1036    1.6s  (wall    11.8s)
[45/250] seed=2546 quad       h0=3.02e-04 u_in=0.73 east->south conv=True  newton= 10 gmres=   70    0.2s  (wall    11.9s)
[46/250] seed=2548 blobs      h0=8.23e-04 u_in=1.60 west->north conv=True  newton= 13 gmres=  216    0.5s  (wall    12.4s)
[47/250] seed=2547 sin2d      h0=1.75e-03 u_in=0.39 south->south conv=True  newton= 24 gmres=  378    0.7s  (wall    12.4s)
[48/250] seed=2544 grf        h0=1.92e-03 u_in=0.33 west->south conv=True  newton= 58 gmres= 1541    2.4s  (wall    12.6s)
[49/250] seed=2549 quad       h0=2.19e-03 u_in=0.73 west->south conv=True  newton= 28 gmres=  654    1.1s  (wall    13.5s)
[50/250] seed=2551 grf        h0=2.81e-03 u_in=0.12 north->west conv=True  newton= 35 gmres=  486    0.9s  (wall    13.5s)
[51/250] seed=2553 pins       h0=5.26e-04 u_in=0.42 east->north conv=True  newton= 11 gmres=   96    0.3s  (wall    13.9s)
[52/250] seed=2554 uniform    h0=2.05e-03 u_in=1.17 east->east conv=True  newton= 26 gmres=  624    1.2s  (wall    15.1s)
[53/250] seed=2550 uniform    h0=2.11e-03 u_in=1.84 east->east conv=True  newton= 46 gmres= 1704    2.9s  (wall    15.3s)
[54/250] seed=2555 pins       h0=2.42e-03 u_in=0.16 south->south conv=True  newton= 14 gmres=  182    0.5s  (wall    15.5s)
[55/250] seed=2556 grf        h0=5.72e-04 u_in=0.10 south->north conv=True  newton= 11 gmres=  127    0.3s  (wall    15.6s)
[56/250] seed=2557 serpentine h0=7.47e-04 u_in=0.72 south->north conv=True  newton= 13 gmres=  236    0.4s  (wall    15.9s)
[57/250] seed=2552 serpentine h0=1.46e-03 u_in=0.84 west->north conv=True  newton= 26 gmres= 1847    2.6s  (wall    16.1s)
[58/250] seed=2559 uniform    h0=4.21e-04 u_in=0.12 west->south conv=True  newton=  9 gmres=   64    0.3s  (wall    16.2s)
[59/250] seed=2558 serpentine h0=5.23e-04 u_in=0.81 west->north conv=True  newton= 11 gmres=  384    0.6s  (wall    16.2s)
[60/250] seed=2560 blobs      h0=3.33e-04 u_in=0.32 north->south conv=True  newton=  9 gmres=   78    0.2s  (wall    16.3s)
[61/250] seed=2561 uturn      h0=1.98e-03 u_in=0.11 west->west conv=True  newton= 14 gmres=  161    0.4s  (wall    16.6s)
[62/250] seed=2563 quad       h0=1.84e-03 u_in=0.10 west->north conv=True  newton= 13 gmres=  154    0.4s  (wall    16.7s)
[63/250] seed=2565 uturn      h0=6.33e-04 u_in=0.26 west->west conv=True  newton= 10 gmres=  101    0.3s  (wall    17.0s)
[64/250] seed=2566 pins       h0=3.10e-04 u_in=0.32 north->west conv=True  newton= 10 gmres=   58    0.2s  (wall    17.2s)
[65/250] seed=2567 pins       h0=7.02e-04 u_in=1.40 west->south conv=True  newton= 14 gmres=  205    0.5s  (wall    17.7s)
[66/250] seed=2535 serpentine h0=5.64e-04 u_in=0.24 east->west conv=False newton=200 gmres= 6766    8.9s  (wall    17.9s)
[67/250] seed=2562 blobs      h0=1.07e-03 u_in=1.57 south->south conv=True  newton= 18 gmres= 1382    1.8s  (wall    18.0s)
[68/250] seed=2568 grf        h0=1.42e-03 u_in=0.22 west->east conv=True  newton= 12 gmres=  162    0.4s  (wall    18.1s)
[69/250] seed=2570 blobs      h0=9.08e-04 u_in=0.20 north->north conv=True  newton= 12 gmres=  190    0.4s  (wall    18.5s)
[70/250] seed=2571 pins       h0=9.39e-04 u_in=0.40 west->east conv=True  newton= 13 gmres=  167    0.4s  (wall    18.6s)
[71/250] seed=2573 uniform    h0=1.09e-03 u_in=0.11 west->north conv=True  newton= 11 gmres=   98    0.3s  (wall    18.9s)
[72/250] seed=2574 quad       h0=2.37e-03 u_in=0.32 west->east conv=True  newton= 27 gmres=  549    1.0s  (wall    19.9s)
[73/250] seed=2575 grf        h0=1.53e-03 u_in=0.62 west->north conv=True  newton= 25 gmres=  472    0.8s  (wall    20.7s)
[74/250] seed=2576 serpentine h0=1.07e-03 u_in=0.11 west->south conv=True  newton=  9 gmres=   99    0.3s  (wall    20.9s)
[75/250] seed=2577 uturn      h0=3.21e-04 u_in=0.59 west->west conv=True  newton= 11 gmres=  103    0.3s  (wall    21.2s)
[76/250] seed=2564 serpentine h0=5.92e-04 u_in=0.63 east->east conv=False newton=200 gmres= 3257    5.0s  (wall    21.6s)
[77/250] seed=2569 serpentine h0=5.74e-04 u_in=0.90 north->west conv=False newton=200 gmres= 2500    3.9s  (wall    21.8s)
[78/250] seed=2579 quad       h0=3.02e-04 u_in=0.24 west->east conv=True  newton=  9 gmres=   60    0.2s  (wall    21.8s)
[79/250] seed=2578 blobs      h0=1.55e-03 u_in=0.41 east->south conv=True  newton= 17 gmres=  384    0.7s  (wall    21.9s)
[80/250] seed=2572 grf        h0=2.31e-03 u_in=0.28 south->north conv=True  newton=105 gmres= 2105    3.5s  (wall    22.0s)
[81/250] seed=2580 grf        h0=3.59e-04 u_in=0.39 north->south conv=True  newton= 10 gmres=  100    0.3s  (wall    22.1s)
[82/250] seed=2582 sin2d      h0=1.27e-03 u_in=0.32 south->south conv=True  newton= 16 gmres=  217    0.5s  (wall    22.4s)
[83/250] seed=2585 serpentine h0=3.33e-04 u_in=0.19 north->north conv=True  newton=  8 gmres=  107    0.2s  (wall    22.6s)
[84/250] seed=2584 uniform    h0=2.83e-03 u_in=0.34 east->west conv=True  newton= 28 gmres=  592    1.1s  (wall    23.2s)
[85/250] seed=2587 blobs      h0=4.21e-04 u_in=1.30 east->north conv=True  newton= 10 gmres=  155    0.3s  (wall    23.5s)
[86/250] seed=2581 uniform    h0=2.68e-03 u_in=0.93 west->north conv=True  newton= 44 gmres= 1061    1.9s  (wall    23.7s)
[87/250] seed=2588 uniform    h0=1.01e-03 u_in=0.86 east->south conv=True  newton= 15 gmres=  184    0.4s  (wall    24.0s)
[88/250] seed=2589 quad       h0=1.13e-03 u_in=0.50 north->east conv=True  newton= 15 gmres=  197    0.5s  (wall    24.2s)
[89/250] seed=2590 sin2d      h0=8.08e-04 u_in=0.57 north->west conv=True  newton= 13 gmres=  139    0.4s  (wall    24.4s)
[90/250] seed=2591 grf        h0=4.46e-04 u_in=0.50 south->north conv=True  newton= 10 gmres=   79    0.3s  (wall    24.5s)
[91/250] seed=2592 blobs      h0=9.06e-04 u_in=0.41 south->west conv=True  newton= 12 gmres=  218    0.4s  (wall    24.8s)
[92/250] seed=2593 sin2d      h0=1.31e-03 u_in=0.20 south->east conv=True  newton= 15 gmres=  172    0.4s  (wall    24.8s)
[93/250] seed=2586 uturn      h0=1.24e-03 u_in=0.33 west->west conv=False newton=200 gmres= 2929    4.6s  (wall    27.2s)
[94/250] seed=2596 sin2d      h0=9.11e-04 u_in=0.44 east->west conv=True  newton= 15 gmres=  213    0.5s  (wall    27.7s)
[95/250] seed=2583 uturn      h0=2.21e-03 u_in=0.89 west->west conv=True  newton= 95 gmres= 4788    6.7s  (wall    28.7s)
/home/nishioka/envs/python/base/lib/python3.14/site-packages/numpy/linalg/_linalg.py:2768: RuntimeWarning: overflow encountered in dot
  sqnorm = x.dot(x)
/home/nishioka/work/ykep-cae/nsb/solver.py:159: RuntimeWarning: invalid value encountered in divide
  return (resid_fn(x + eps * vec) - rhs_resid) / eps + diag_aug * vec
[96/250] seed=2598 serpentine h0=1.29e-03 u_in=0.27 east->south conv=False newton=  0 gmres=  240    0.4s  (wall    29.0s)
[97/250] seed=2599 uniform    h0=9.61e-04 u_in=0.25 west->south conv=True  newton= 12 gmres=  107    0.3s  (wall    29.4s)
[98/250] seed=2597 uturn      h0=1.20e-03 u_in=0.91 west->west conv=True  newton= 32 gmres= 1294    1.9s  (wall    29.5s)
[99/250] seed=2595 serpentine h0=5.31e-04 u_in=1.49 east->west conv=False newton=200 gmres= 3196    4.8s  (wall    29.7s)
[100/250] seed=2600 grf        h0=1.71e-03 u_in=0.10 north->south conv=True  newton= 13 gmres=  163    0.4s  (wall    29.8s)
[101/250] seed=2594 serpentine h0=2.41e-03 u_in=0.40 west->north conv=False newton=200 gmres= 3458    5.1s  (wall    29.9s)
[102/250] seed=2601 uniform    h0=8.68e-04 u_in=0.52 west->east conv=True  newton= 14 gmres=  138    0.4s  (wall    29.9s)
[103/250] seed=2603 serpentine h0=4.07e-04 u_in=0.12 east->west conv=True  newton=  8 gmres=  107    0.2s  (wall    30.0s)
[104/250] seed=2606 uniform    h0=3.35e-04 u_in=0.35 north->west conv=True  newton=  9 gmres=   50    0.2s  (wall    30.2s)
[105/250] seed=2602 pins       h0=1.56e-03 u_in=0.62 west->east conv=True  newton= 17 gmres=  418    0.8s  (wall    30.5s)
[106/250] seed=2607 serpentine h0=4.25e-04 u_in=0.11 east->south conv=True  newton=  8 gmres=  106    0.3s  (wall    30.5s)
[107/250] seed=2608 grf        h0=4.28e-04 u_in=0.33 west->north conv=True  newton= 12 gmres=  102    0.3s  (wall    30.8s)
[108/250] seed=2609 quad       h0=3.43e-04 u_in=1.41 south->west conv=True  newton= 12 gmres=   94    0.3s  (wall    30.8s)
[109/250] seed=2604 sin2d      h0=8.23e-04 u_in=1.03 north->west conv=True  newton= 30 gmres=  520    1.1s  (wall    31.0s)
[110/250] seed=2611 uniform    h0=3.78e-04 u_in=0.71 south->north conv=True  newton= 11 gmres=   80    0.3s  (wall    31.1s)
[111/250] seed=2610 quad       h0=4.42e-04 u_in=1.98 south->east conv=True  newton= 15 gmres=  168    0.4s  (wall    31.1s)
[112/250] seed=2612 quad       h0=7.19e-04 u_in=0.27 north->north conv=True  newton= 10 gmres=   86    0.3s  (wall    31.3s)
[113/250] seed=2613 quad       h0=5.43e-04 u_in=1.51 south->north conv=True  newton= 11 gmres=  124    0.4s  (wall    31.5s)
[114/250] seed=2616 grf        h0=9.93e-04 u_in=0.19 west->south conv=True  newton= 12 gmres=  149    0.3s  (wall    31.8s)
[115/250] seed=2615 serpentine h0=1.45e-03 u_in=0.28 north->east conv=True  newton= 16 gmres=  511    0.8s  (wall    32.1s)
[116/250] seed=2614 grf        h0=1.27e-03 u_in=1.71 south->north conv=True  newton= 24 gmres=  595    1.0s  (wall    32.2s)
[117/250] seed=2618 blobs      h0=5.75e-04 u_in=1.07 north->east conv=True  newton= 13 gmres=  148    0.4s  (wall    32.5s)
[118/250] seed=2619 uniform    h0=1.61e-03 u_in=0.46 west->south conv=True  newton= 18 gmres=  251    0.5s  (wall    32.7s)
[119/250] seed=2620 quad       h0=1.39e-03 u_in=0.31 west->west conv=True  newton= 11 gmres=  110    0.3s  (wall    32.8s)
[120/250] seed=2621 uniform    h0=3.33e-04 u_in=0.14 east->west conv=True  newton=  7 gmres=   51    0.2s  (wall    32.9s)
[121/250] seed=2622 blobs      h0=3.46e-04 u_in=0.11 east->north conv=True  newton=  8 gmres=   64    0.2s  (wall    33.1s)
[122/250] seed=2624 uturn      h0=6.82e-04 u_in=0.63 west->west conv=True  newton= 13 gmres=  126    0.3s  (wall    33.4s)
[123/250] seed=2623 quad       h0=2.63e-03 u_in=0.15 west->north conv=True  newton= 31 gmres=  473    0.8s  (wall    33.7s)
[124/250] seed=2617 grf        h0=1.82e-03 u_in=0.58 south->east conv=True  newton= 48 gmres= 1403    2.3s  (wall    34.2s)
[125/250] seed=2626 pins       h0=1.33e-03 u_in=0.77 west->east conv=True  newton= 19 gmres=  387    0.7s  (wall    34.4s)
[126/250] seed=2628 blobs      h0=1.25e-03 u_in=0.45 west->east conv=True  newton= 12 gmres=  169    0.3s  (wall    34.8s)
[127/250] seed=2629 uturn      h0=4.92e-04 u_in=0.21 west->west conv=True  newton=  9 gmres=   62    0.2s  (wall    35.0s)
[128/250] seed=2627 blobs      h0=7.79e-04 u_in=1.59 south->west conv=True  newton= 17 gmres=  699    0.9s  (wall    35.0s)
[129/250] seed=2630 blobs      h0=6.79e-04 u_in=0.14 west->north conv=True  newton= 10 gmres=   83    0.3s  (wall    35.2s)
[130/250] seed=2631 serpentine h0=3.33e-04 u_in=0.70 west->west conv=True  newton=  9 gmres=   97    0.3s  (wall    35.3s)
[131/250] seed=2605 serpentine h0=2.36e-03 u_in=0.56 south->south conv=False newton=200 gmres= 3890    5.5s  (wall    35.3s)
[132/250] seed=2632 blobs      h0=1.49e-03 u_in=0.27 north->south conv=True  newton= 14 gmres=  178    0.4s  (wall    35.6s)
[133/250] seed=2633 uturn      h0=7.13e-04 u_in=0.23 west->west conv=True  newton= 11 gmres=  177    0.3s  (wall    35.6s)
[134/250] seed=2636 uturn      h0=3.49e-04 u_in=1.15 west->west conv=True  newton= 12 gmres=  163    0.3s  (wall    35.9s)
[135/250] seed=2637 pins       h0=8.79e-04 u_in=0.33 north->east conv=True  newton= 11 gmres=  132    0.4s  (wall    36.3s)
[136/250] seed=2625 blobs      h0=2.28e-03 u_in=0.58 south->east conv=True  newton= 32 gmres= 2239    3.2s  (wall    36.6s)
[137/250] seed=2638 uturn      h0=1.84e-03 u_in=0.17 west->west conv=True  newton= 14 gmres=  163    0.3s  (wall    36.6s)
[138/250] seed=2635 uniform    h0=1.94e-03 u_in=1.16 east->north conv=True  newton= 28 gmres=  730    1.4s  (wall    37.0s)
[139/250] seed=2640 pins       h0=3.58e-04 u_in=1.51 south->east conv=True  newton= 11 gmres=  123    0.4s  (wall    37.0s)
[140/250] seed=2639 quad       h0=6.67e-04 u_in=1.79 west->north conv=True  newton= 16 gmres=  226    0.5s  (wall    37.1s)
[141/250] seed=2642 quad       h0=8.19e-04 u_in=0.32 east->east conv=True  newton= 10 gmres=   75    0.3s  (wall    37.3s)
[142/250] seed=2644 uniform    h0=3.06e-04 u_in=0.51 north->south conv=True  newton=  9 gmres=   59    0.3s  (wall    37.6s)
[143/250] seed=2643 sin2d      h0=8.72e-04 u_in=1.25 north->south conv=True  newton= 17 gmres=  269    0.7s  (wall    37.8s)
[144/250] seed=2645 pins       h0=1.88e-03 u_in=0.48 north->south conv=True  newton= 17 gmres=  302    0.5s  (wall    38.1s)
[145/250] seed=2646 grf        h0=3.08e-04 u_in=1.14 south->south conv=True  newton= 13 gmres=  141    0.5s  (wall    38.3s)
[146/250] seed=2641 blobs      h0=2.84e-03 u_in=0.33 west->north conv=True  newton= 41 gmres= 1140    1.7s  (wall    38.7s)
[147/250] seed=2647 sin2d      h0=2.42e-03 u_in=0.27 south->west conv=True  newton= 21 gmres=  347    0.7s  (wall    38.8s)
[148/250] seed=2634 uniform    h0=2.31e-03 u_in=1.94 south->south conv=True  newton= 51 gmres= 2267    3.5s  (wall    38.8s)
[149/250] seed=2649 uniform    h0=5.15e-04 u_in=0.55 south->west conv=True  newton=  9 gmres=   77    0.3s  (wall    38.9s)
[150/250] seed=2650 uturn      h0=3.57e-04 u_in=0.54 west->west conv=True  newton= 10 gmres=   84    0.4s  (wall    39.1s)
[151/250] seed=2651 pins       h0=1.44e-03 u_in=0.16 west->north conv=True  newton= 11 gmres=  130    0.4s  (wall    39.2s)
[152/250] seed=2652 serpentine h0=5.47e-04 u_in=0.97 east->east conv=True  newton= 14 gmres=  208    0.4s  (wall    39.3s)
[153/250] seed=2653 sin2d      h0=5.95e-04 u_in=1.01 north->west conv=True  newton= 14 gmres=  181    0.4s  (wall    39.5s)
[154/250] seed=2654 quad       h0=5.10e-04 u_in=0.14 north->north conv=True  newton= 11 gmres=   94    0.3s  (wall    39.5s)
[155/250] seed=2657 blobs      h0=4.22e-04 u_in=0.21 west->south conv=True  newton=  9 gmres=  117    0.3s  (wall    39.8s)
[156/250] seed=2655 pins       h0=1.67e-03 u_in=0.56 north->north conv=True  newton= 19 gmres=  288    0.5s  (wall    39.9s)
[157/250] seed=2658 quad       h0=2.02e-03 u_in=0.12 north->west conv=True  newton= 12 gmres=  127    0.3s  (wall    40.1s)
[158/250] seed=2659 uturn      h0=1.07e-03 u_in=1.13 west->west conv=True  newton= 17 gmres=  204    0.4s  (wall    40.3s)
[159/250] seed=2648 serpentine h0=1.26e-03 u_in=0.11 west->north conv=True  newton= 28 gmres=  994    2.1s  (wall    40.4s)
[160/250] seed=2661 grf        h0=5.84e-04 u_in=0.37 east->south conv=True  newton= 18 gmres=  215    0.4s  (wall    40.7s)
[161/250] seed=2662 uniform    h0=1.01e-03 u_in=1.27 north->north conv=True  newton= 17 gmres=  266    0.8s  (wall    41.1s)
[162/250] seed=2664 grf        h0=9.55e-04 u_in=0.52 east->north conv=True  newton= 11 gmres=  134    0.6s  (wall    41.7s)
[163/250] seed=2663 uturn      h0=7.69e-04 u_in=0.32 west->west conv=True  newton= 65 gmres= 2183    3.1s  (wall    43.8s)
[164/250] seed=2665 uturn      h0=1.27e-03 u_in=1.74 west->west conv=True  newton= 19 gmres= 1193    2.4s  (wall    44.1s)
[165/250] seed=2660 uturn      h0=1.35e-03 u_in=0.57 west->west conv=False newton=200 gmres= 3009    4.8s  (wall    44.9s)
[166/250] seed=2666 grf        h0=2.96e-03 u_in=0.39 east->north conv=True  newton= 86 gmres= 1304    2.3s  (wall    46.1s)
[167/250] seed=2656 pins       h0=1.77e-03 u_in=1.65 west->east conv=False newton=200 gmres= 3227    6.9s  (wall    46.4s)
[168/250] seed=2669 uturn      h0=1.16e-03 u_in=0.23 west->west conv=True  newton= 10 gmres=  165    0.4s  (wall    46.5s)
[169/250] seed=2668 blobs      h0=1.07e-03 u_in=1.80 north->south conv=True  newton= 30 gmres=  918    1.8s  (wall    46.7s)
[170/250] seed=2671 blobs      h0=4.30e-04 u_in=0.13 west->south conv=True  newton=  9 gmres=   56    0.2s  (wall    46.7s)
[171/250] seed=2670 quad       h0=5.82e-04 u_in=1.04 west->east conv=True  newton= 12 gmres=  136    0.5s  (wall    46.9s)
[172/250] seed=2672 uturn      h0=8.13e-04 u_in=0.11 west->west conv=True  newton=  9 gmres=   92    0.3s  (wall    47.0s)
[173/250] seed=2673 pins       h0=4.20e-04 u_in=1.24 west->west conv=True  newton= 11 gmres=  106    0.3s  (wall    47.1s)
[174/250] seed=2674 grf        h0=1.39e-03 u_in=0.10 east->east conv=True  newton= 12 gmres=  119    0.4s  (wall    47.4s)
[175/250] seed=2676 serpentine h0=5.14e-04 u_in=0.13 west->east conv=True  newton=  9 gmres=  109    0.4s  (wall    47.5s)
[176/250] seed=2675 quad       h0=7.83e-04 u_in=0.81 south->north conv=True  newton= 18 gmres=  265    0.6s  (wall    47.6s)
[177/250] seed=2677 pins       h0=2.66e-03 u_in=0.17 east->south conv=True  newton= 19 gmres=  283    0.8s  (wall    48.1s)
[178/250] seed=2679 sin2d      h0=2.07e-03 u_in=0.34 south->west conv=True  newton= 23 gmres=  412    0.8s  (wall    48.3s)
[179/250] seed=2678 pins       h0=1.47e-03 u_in=0.43 south->north conv=True  newton= 15 gmres=  370    0.9s  (wall    48.5s)
[180/250] seed=2680 quad       h0=7.01e-04 u_in=0.17 south->west conv=True  newton= 12 gmres=   91    0.4s  (wall    48.5s)
[181/250] seed=2682 uturn      h0=4.60e-04 u_in=0.32 west->west conv=True  newton= 11 gmres=  110    0.3s  (wall    48.8s)
[182/250] seed=2681 serpentine h0=1.06e-03 u_in=0.96 south->east conv=False newton=200 gmres= 1777    2.8s  (wall    51.2s)
[183/250] seed=2667 serpentine h0=1.13e-03 u_in=1.90 north->south conv=False newton=200 gmres= 5368    7.8s  (wall    51.9s)
[184/250] seed=2686 uturn      h0=2.66e-03 u_in=0.13 west->west conv=True  newton= 21 gmres=  961    1.3s  (wall    53.2s)
[185/250] seed=2687 grf        h0=1.26e-03 u_in=0.21 east->south conv=True  newton= 12 gmres=  232    0.5s  (wall    53.7s)
[186/250] seed=2683 serpentine h0=3.71e-04 u_in=1.43 east->west conv=False newton=200 gmres= 3345    6.1s  (wall    54.6s)
[187/250] seed=2689 sin2d      h0=4.68e-04 u_in=0.22 south->north conv=True  newton= 10 gmres=   83    0.3s  (wall    54.9s)
[188/250] seed=2684 serpentine h0=1.23e-03 u_in=1.30 east->east conv=False newton=200 gmres= 4269    6.2s  (wall    54.9s)
[189/250] seed=2688 grf        h0=9.98e-04 u_in=0.55 north->east conv=True  newton= 48 gmres=  895    1.5s  (wall    55.2s)
[190/250] seed=2691 pins       h0=3.15e-04 u_in=0.83 north->south conv=True  newton= 10 gmres=   72    0.3s  (wall    55.2s)
[191/250] seed=2690 uturn      h0=2.85e-03 u_in=0.14 west->west conv=True  newton= 16 gmres=  196    0.4s  (wall    55.3s)
[192/250] seed=2693 quad       h0=3.90e-04 u_in=0.24 east->west conv=True  newton=  8 gmres=   54    0.3s  (wall    55.5s)
[193/250] seed=2692 quad       h0=9.97e-04 u_in=0.23 south->west conv=True  newton= 13 gmres=  109    0.3s  (wall    55.6s)
[194/250] seed=2694 sin2d      h0=1.14e-03 u_in=0.33 west->north conv=True  newton= 13 gmres=  173    0.4s  (wall    55.8s)
[195/250] seed=2697 grf        h0=3.18e-04 u_in=0.47 south->north conv=True  newton= 10 gmres=  101    0.3s  (wall    56.1s)
[196/250] seed=2698 blobs      h0=2.17e-03 u_in=0.13 north->west conv=True  newton= 14 gmres=  230    0.5s  (wall    56.6s)
[197/250] seed=2696 sin2d      h0=2.35e-03 u_in=0.90 south->south conv=True  newton= 34 gmres=  816    1.3s  (wall    56.9s)
[198/250] seed=2700 sin2d      h0=7.48e-04 u_in=0.21 south->north conv=True  newton= 12 gmres=  120    0.3s  (wall    57.2s)
[199/250] seed=2685 serpentine h0=2.62e-03 u_in=0.12 south->east conv=False newton=200 gmres= 4889    6.7s  (wall    57.9s)
[200/250] seed=2702 pins       h0=5.56e-04 u_in=0.58 east->north conv=True  newton= 10 gmres=  103    0.3s  (wall    58.2s)
[201/250] seed=2695 serpentine h0=2.63e-03 u_in=1.00 south->south conv=False newton=200 gmres= 3964    5.7s  (wall    61.2s)
[202/250] seed=2699 uturn      h0=4.56e-04 u_in=0.70 west->west conv=False newton=200 gmres= 2777    4.7s  (wall    61.3s)
[203/250] seed=2704 blobs      h0=4.49e-04 u_in=0.67 east->east conv=True  newton= 13 gmres=  181    0.4s  (wall    61.5s)
[204/250] seed=2705 grf        h0=9.12e-04 u_in=0.51 south->north conv=True  newton= 14 gmres=  178    0.4s  (wall    61.7s)
[205/250] seed=2707 uniform    h0=1.38e-03 u_in=0.87 east->south conv=True  newton= 20 gmres=  290    0.6s  (wall    62.4s)
[206/250] seed=2706 uturn      h0=1.49e-03 u_in=0.76 west->west conv=True  newton= 15 gmres=  582    0.9s  (wall    62.5s)
[207/250] seed=2703 uturn      h0=1.08e-03 u_in=0.10 west->west conv=False newton=200 gmres= 2741    4.4s  (wall    62.6s)
[208/250] seed=2710 blobs      h0=5.01e-04 u_in=1.64 north->north conv=True  newton= 14 gmres=  190    0.5s  (wall    63.1s)
[209/250] seed=2709 sin2d      h0=2.13e-03 u_in=0.46 west->east conv=True  newton= 24 gmres=  434    0.9s  (wall    63.3s)
[210/250] seed=2712 uniform    h0=3.96e-04 u_in=0.37 south->north conv=True  newton=  8 gmres=   57    0.2s  (wall    63.5s)
[211/250] seed=2711 grf        h0=7.29e-04 u_in=1.29 south->north conv=True  newton= 15 gmres=  300    0.6s  (wall    63.6s)
[212/250] seed=2701 serpentine h0=2.98e-03 u_in=0.12 north->south conv=False newton=200 gmres= 4560    6.6s  (wall    63.8s)
[213/250] seed=2713 pins       h0=6.75e-04 u_in=1.13 west->south conv=True  newton= 13 gmres=  176    0.4s  (wall    64.0s)
[214/250] seed=2714 blobs      h0=1.04e-03 u_in=0.57 south->east conv=True  newton= 14 gmres=  209    0.5s  (wall    64.1s)
[215/250] seed=2716 grf        h0=6.11e-04 u_in=0.11 east->south conv=True  newton= 10 gmres=   88    0.3s  (wall    64.3s)
[216/250] seed=2708 pins       h0=1.26e-03 u_in=1.14 south->north conv=True  newton= 29 gmres= 1221    1.9s  (wall    64.3s)
[217/250] seed=2715 quad       h0=8.30e-04 u_in=0.99 north->west conv=True  newton= 16 gmres=  222    0.6s  (wall    64.4s)
[218/250] seed=2718 serpentine h0=3.05e-04 u_in=1.33 east->west conv=True  newton= 12 gmres=  173    0.3s  (wall    64.6s)
[219/250] seed=2717 quad       h0=8.81e-04 u_in=1.66 north->north conv=True  newton= 21 gmres=  413    0.8s  (wall    64.9s)
[220/250] seed=2719 uturn      h0=1.19e-03 u_in=1.32 west->west conv=True  newton= 16 gmres=  651    0.9s  (wall    65.3s)
[221/250] seed=2721 uturn      h0=1.52e-03 u_in=0.42 west->west conv=True  newton= 15 gmres=  460    0.8s  (wall    65.4s)
[222/250] seed=2723 quad       h0=5.30e-04 u_in=0.22 south->north conv=True  newton=  9 gmres=   66    0.3s  (wall    65.5s)
[223/250] seed=2724 serpentine h0=1.05e-03 u_in=0.15 south->south conv=True  newton= 10 gmres=  177    0.3s  (wall    65.7s)
[224/250] seed=2726 uturn      h0=1.36e-03 u_in=0.94 west->west conv=True  newton= 17 gmres=  665    1.0s  (wall    66.8s)
[225/250] seed=2725 sin2d      h0=2.29e-03 u_in=1.31 south->north conv=True  newton= 38 gmres= 1063    2.1s  (wall    67.6s)
[226/250] seed=2728 blobs      h0=4.15e-04 u_in=0.25 east->north conv=True  newton=  9 gmres=   81    0.2s  (wall    67.8s)
[227/250] seed=2720 grf        h0=2.84e-03 u_in=0.57 north->west conv=False newton=200 gmres= 1860    3.5s  (wall    67.8s)
[228/250] seed=2729 quad       h0=8.59e-04 u_in=1.03 south->west conv=True  newton= 16 gmres=  230    0.5s  (wall    68.3s)
[229/250] seed=2727 quad       h0=2.64e-03 u_in=1.17 west->south conv=True  newton= 47 gmres= 1077    1.7s  (wall    68.5s)
[230/250] seed=2731 serpentine h0=4.02e-04 u_in=0.10 east->south conv=True  newton=  8 gmres=  114    0.3s  (wall    68.6s)
[231/250] seed=2730 uniform    h0=8.14e-04 u_in=1.76 south->south conv=True  newton= 21 gmres=  418    0.8s  (wall    68.6s)
[232/250] seed=2732 blobs      h0=1.92e-03 u_in=0.10 south->west conv=True  newton= 13 gmres=  149    0.4s  (wall    68.9s)
[233/250] seed=2733 sin2d      h0=7.39e-04 u_in=1.95 south->east conv=True  newton= 17 gmres=  309    0.6s  (wall    69.2s)
[234/250] seed=2736 pins       h0=3.19e-04 u_in=0.16 west->north conv=True  newton=  7 gmres=   55    0.2s  (wall    69.4s)
[235/250] seed=2735 grf        h0=5.03e-04 u_in=1.67 south->east conv=True  newton= 16 gmres=  261    0.5s  (wall    69.4s)
[236/250] seed=2738 pins       h0=3.55e-04 u_in=0.20 west->west conv=True  newton=  9 gmres=   57    0.2s  (wall    69.6s)
[237/250] seed=2739 pins       h0=9.59e-04 u_in=0.85 west->east conv=True  newton= 15 gmres=  251    0.6s  (wall    70.2s)
[238/250] seed=2740 blobs      h0=1.16e-03 u_in=0.59 north->north conv=True  newton= 14 gmres=  235    0.5s  (wall    70.7s)
[239/250] seed=2722 serpentine h0=9.72e-04 u_in=0.38 west->east conv=False newton=200 gmres= 5081    7.3s  (wall    72.2s)
[240/250] seed=2741 grf        h0=1.79e-03 u_in=0.40 south->east conv=True  newton= 43 gmres=  800    1.5s  (wall    72.2s)
[241/250] seed=2742 uturn      h0=1.33e-03 u_in=0.26 west->west conv=True  newton= 14 gmres=  163    0.4s  (wall    72.6s)
[242/250] seed=2744 quad       h0=3.79e-04 u_in=0.73 south->west conv=True  newton= 13 gmres=  107    0.3s  (wall    72.9s)
[243/250] seed=2743 grf        h0=1.07e-03 u_in=0.55 west->south conv=True  newton= 24 gmres=  906    1.6s  (wall    73.8s)
[244/250] seed=2745 grf        h0=2.99e-03 u_in=0.28 west->east conv=True  newton= 32 gmres=  623    1.1s  (wall    74.1s)
[245/250] seed=2734 blobs      h0=1.71e-03 u_in=0.14 east->west conv=True  newton= 69 gmres= 4077    5.6s  (wall    74.2s)
[246/250] seed=2748 pins       h0=4.23e-04 u_in=1.81 north->east conv=True  newton= 14 gmres=  152    0.4s  (wall    74.6s)
[247/250] seed=2747 sin2d      h0=2.51e-03 u_in=0.16 east->west conv=True  newton= 20 gmres=  391    0.7s  (wall    74.8s)
[248/250] seed=2749 grf        h0=1.52e-03 u_in=0.11 east->east conv=True  newton= 62 gmres= 1266    1.9s  (wall    76.5s)
[249/250] seed=2746 serpentine h0=2.66e-03 u_in=1.19 north->south conv=False newton=200 gmres= 2290    3.5s  (wall    77.4s)
[250/250] seed=2737 serpentine h0=2.11e-03 u_in=0.15 south->west conv=False newton=200 gmres= 5038    8.1s  (wall    77.5s)
done: 1 shards -> experiments/nsbm/data
=== chunk seed0=2750 n=250 workers=5 (other load ~15 cores) 01:10:32
generate n=250 seed0=2750 workers=5 out=experiments/nsbm/data
[1/250] seed=2750 pins       h0=1.82e-03 u_in=0.14 east->east conv=True  newton= 15 gmres=  213    0.6s  (wall     0.9s)
[2/250] seed=2753 sin2d      h0=9.32e-04 u_in=0.83 north->east conv=True  newton= 14 gmres=  184    0.6s  (wall     1.0s)
[3/250] seed=2754 blobs      h0=5.48e-04 u_in=1.02 east->north conv=True  newton= 12 gmres=  322    0.6s  (wall     1.1s)
[4/250] seed=2755 quad       h0=7.00e-04 u_in=0.11 north->south conv=True  newton=  8 gmres=   65    0.2s  (wall     1.1s)
[5/250] seed=2752 sin2d      h0=2.30e-03 u_in=0.34 south->north conv=True  newton= 26 gmres=  395    0.8s  (wall     1.2s)
[6/250] seed=2757 quad       h0=4.77e-04 u_in=0.11 west->east conv=True  newton=  8 gmres=   57    0.2s  (wall     1.3s)
[7/250] seed=2756 grf        h0=8.30e-04 u_in=0.16 east->east conv=True  newton= 13 gmres=  118    0.3s  (wall     1.3s)
[8/250] seed=2761 quad       h0=4.48e-04 u_in=1.17 north->south conv=True  newton= 10 gmres=   84    0.3s  (wall     1.6s)
[9/250] seed=2762 grf        h0=2.07e-03 u_in=0.15 west->west conv=True  newton= 41 gmres=  893    1.2s  (wall     2.8s)
[10/250] seed=2763 uniform    h0=3.99e-04 u_in=0.35 west->south conv=True  newton=  9 gmres=   57    0.2s  (wall     3.0s)
[11/250] seed=2759 sin2d      h0=2.31e-03 u_in=0.71 east->west conv=True  newton= 36 gmres= 1246    1.9s  (wall     3.1s)
[12/250] seed=2765 pins       h0=3.30e-04 u_in=0.18 north->north conv=True  newton=  8 gmres=   54    0.2s  (wall     3.3s)
[13/250] seed=2766 sin2d      h0=8.87e-04 u_in=0.38 north->east conv=True  newton= 14 gmres=  173    0.4s  (wall     3.7s)
[14/250] seed=2760 serpentine h0=2.50e-03 u_in=0.10 north->east conv=True  newton= 22 gmres= 1786    2.5s  (wall     3.8s)
[15/250] seed=2767 blobs      h0=5.80e-04 u_in=0.36 west->west conv=True  newton= 10 gmres=   83    0.2s  (wall     3.9s)
[16/250] seed=2769 blobs      h0=2.57e-03 u_in=0.32 north->east conv=True  newton= 27 gmres=  686    0.9s  (wall     4.9s)
[17/250] seed=2770 quad       h0=5.27e-04 u_in=0.34 north->south conv=True  newton=  9 gmres=   76    0.3s  (wall     5.1s)
[18/250] seed=2768 uturn      h0=1.68e-03 u_in=0.24 west->west conv=True  newton= 22 gmres= 1123    1.8s  (wall     5.5s)
[19/250] seed=2772 quad       h0=5.51e-04 u_in=0.50 east->east conv=True  newton= 12 gmres=  110    0.3s  (wall     5.8s)
[20/250] seed=2771 uniform    h0=1.84e-03 u_in=1.40 west->north conv=True  newton= 28 gmres=  806    1.3s  (wall     6.4s)
[21/250] seed=2774 uniform    h0=9.97e-04 u_in=0.22 east->south conv=True  newton= 10 gmres=  101    0.3s  (wall     6.7s)
[22/250] seed=2775 uniform    h0=9.85e-04 u_in=0.55 east->north conv=True  newton= 14 gmres=  180    0.4s  (wall     7.1s)
[23/250] seed=2776 uniform    h0=2.03e-03 u_in=0.14 north->west conv=True  newton= 13 gmres=  138    0.4s  (wall     7.4s)
[24/250] seed=2777 grf        h0=6.75e-04 u_in=0.45 south->south conv=True  newton= 16 gmres=  232    0.4s  (wall     7.9s)
[25/250] seed=2778 quad       h0=6.57e-04 u_in=1.46 west->south conv=True  newton= 14 gmres=  167    0.4s  (wall     8.3s)
[26/250] seed=2758 pins       h0=1.84e-03 u_in=1.90 east->south conv=True  newton= 78 gmres= 5177    7.3s  (wall     8.4s)
[27/250] seed=2751 pins       h0=2.67e-03 u_in=0.64 west->east conv=True  newton=155 gmres= 5015    8.2s  (wall     8.5s)
[28/250] seed=2779 sin2d      h0=3.93e-04 u_in=1.96 north->east conv=True  newton= 12 gmres=  126    0.3s  (wall     8.6s)
[29/250] seed=2780 sin2d      h0=1.31e-03 u_in=0.11 east->north conv=True  newton= 11 gmres=  142    0.3s  (wall     8.7s)
[30/250] seed=2783 quad       h0=8.82e-04 u_in=0.93 south->west conv=True  newton= 13 gmres=  161    0.3s  (wall     9.1s)
[31/250] seed=2782 sin2d      h0=1.12e-03 u_in=1.06 north->west conv=True  newton= 19 gmres=  307    0.5s  (wall     9.1s)
[32/250] seed=2785 uniform    h0=7.54e-04 u_in=1.92 north->north conv=True  newton= 16 gmres=  239    0.4s  (wall     9.5s)
[33/250] seed=2784 grf        h0=9.22e-04 u_in=1.07 north->north conv=True  newton= 19 gmres=  282    0.5s  (wall     9.6s)
[34/250] seed=2787 uturn      h0=8.64e-04 u_in=0.25 west->west conv=True  newton= 11 gmres=  188    0.3s  (wall     9.9s)
[35/250] seed=2786 uniform    h0=6.66e-04 u_in=1.12 south->south conv=True  newton= 16 gmres=  199    0.5s  (wall    10.0s)
[36/250] seed=2773 blobs      h0=2.09e-03 u_in=1.35 north->north conv=False newton=200 gmres= 3145    4.4s  (wall    10.3s)
[37/250] seed=2789 uniform    h0=1.93e-03 u_in=0.77 east->south conv=True  newton= 28 gmres=  648    1.0s  (wall    11.0s)
[38/250] seed=2790 uturn      h0=8.72e-04 u_in=0.93 west->west conv=True  newton= 20 gmres=  843    1.2s  (wall    11.5s)
[39/250] seed=2764 sin2d      h0=2.89e-03 u_in=1.74 north->west conv=True  newton=171 gmres= 4649    8.5s  (wall    11.5s)
[40/250] seed=2793 uturn      h0=6.34e-04 u_in=0.12 west->west conv=True  newton= 10 gmres=  174    0.5s  (wall    12.0s)
[41/250] seed=2792 pins       h0=8.52e-04 u_in=1.91 north->east conv=True  newton= 19 gmres=  385    0.7s  (wall    12.2s)
[42/250] seed=2795 pins       h0=8.48e-04 u_in=0.37 north->north conv=True  newton= 13 gmres=  148    0.4s  (wall    12.6s)
[43/250] seed=2796 grf        h0=5.46e-04 u_in=0.17 east->west conv=True  newton= 11 gmres=   93    0.3s  (wall    12.8s)
[44/250] seed=2794 grf        h0=1.16e-03 u_in=0.69 south->west conv=True  newton= 23 gmres=  372    0.9s  (wall    12.9s)
[45/250] seed=2791 blobs      h0=1.19e-03 u_in=1.39 south->west conv=True  newton= 28 gmres= 2038    3.1s  (wall    14.0s)
[46/250] seed=2798 grf        h0=1.91e-03 u_in=1.04 south->south conv=True  newton= 19 gmres=  479    1.2s  (wall    14.1s)
[47/250] seed=2799 sin2d      h0=9.29e-04 u_in=0.67 north->east conv=True  newton= 19 gmres=  256    0.5s  (wall    14.5s)
[48/250] seed=2801 uturn      h0=2.27e-03 u_in=0.24 west->west conv=True  newton= 13 gmres=  403    0.8s  (wall    15.3s)
[49/250] seed=2788 serpentine h0=1.42e-03 u_in=0.98 south->west conv=False newton=200 gmres= 4743    5.9s  (wall    15.8s)
[50/250] seed=2803 quad       h0=5.99e-04 u_in=0.44 south->east conv=True  newton= 11 gmres=   93    0.3s  (wall    16.1s)
[51/250] seed=2781 pins       h0=2.47e-03 u_in=1.55 south->south conv=True  newton=161 gmres= 5025    7.8s  (wall    16.3s)
[52/250] seed=2800 sin2d      h0=2.29e-03 u_in=1.33 north->south conv=True  newton= 68 gmres= 1339    2.7s  (wall    16.8s)
[53/250] seed=2805 grf        h0=5.02e-04 u_in=1.21 west->south conv=True  newton= 17 gmres=  262    0.5s  (wall    16.8s)
[54/250] seed=2804 grf        h0=1.42e-03 u_in=0.86 south->south conv=True  newton= 21 gmres=  666    0.9s  (wall    17.1s)
[55/250] seed=2808 sin2d      h0=1.90e-03 u_in=0.17 west->west conv=True  newton= 15 gmres=  194    0.4s  (wall    17.5s)
[56/250] seed=2809 uturn      h0=2.35e-03 u_in=0.11 west->west conv=True  newton= 11 gmres=  302    0.5s  (wall    18.0s)
[57/250] seed=2810 uniform    h0=8.33e-04 u_in=0.84 north->west conv=True  newton= 14 gmres=  181    0.4s  (wall    18.4s)
[58/250] seed=2806 sin2d      h0=2.47e-03 u_in=1.44 north->south conv=True  newton= 41 gmres= 1107    1.7s  (wall    18.5s)
[59/250] seed=2797 uturn      h0=2.94e-03 u_in=0.21 west->west conv=False newton=200 gmres= 3399    5.8s  (wall    18.6s)
[60/250] seed=2813 sin2d      h0=5.04e-04 u_in=0.95 south->east conv=True  newton= 13 gmres=  117    0.4s  (wall    19.0s)
[61/250] seed=2812 pins       h0=1.65e-03 u_in=0.38 south->east conv=True  newton= 14 gmres=  210    0.5s  (wall    19.0s)
[62/250] seed=2811 uturn      h0=5.16e-04 u_in=1.38 west->west conv=True  newton= 21 gmres=  539    0.8s  (wall    19.3s)
[63/250] seed=2816 sin2d      h0=1.01e-03 u_in=1.58 west->north conv=True  newton= 19 gmres=  289    0.5s  (wall    19.8s)
[64/250] seed=2814 grf        h0=3.53e-04 u_in=1.59 west->north conv=True  newton= 23 gmres=  696    1.2s  (wall    20.1s)
[65/250] seed=2817 uturn      h0=5.50e-04 u_in=1.40 west->west conv=True  newton= 14 gmres=  259    0.4s  (wall    20.2s)
[66/250] seed=2818 uturn      h0=5.40e-04 u_in=0.19 west->west conv=True  newton= 10 gmres=  127    0.3s  (wall    20.4s)
[67/250] seed=2807 pins       h0=2.11e-03 u_in=1.91 north->south conv=True  newton= 47 gmres= 1910    3.7s  (wall    20.5s)
[68/250] seed=2819 quad       h0=7.37e-04 u_in=1.32 east->east conv=True  newton= 14 gmres=  136    0.3s  (wall    20.5s)
[69/250] seed=2820 pins       h0=4.24e-04 u_in=0.17 west->north conv=True  newton=  9 gmres=   74    0.3s  (wall    20.7s)
[70/250] seed=2821 serpentine h0=9.49e-04 u_in=0.32 south->north conv=True  newton= 12 gmres=  182    0.3s  (wall    20.8s)
[71/250] seed=2823 uniform    h0=3.47e-04 u_in=0.32 north->south conv=True  newton=  8 gmres=   61    0.2s  (wall    20.9s)
[72/250] seed=2824 serpentine h0=4.30e-04 u_in=0.56 east->north conv=True  newton= 11 gmres=  125    0.3s  (wall    21.0s)
[73/250] seed=2826 serpentine h0=3.43e-04 u_in=0.55 south->south conv=True  newton= 11 gmres=  186    0.3s  (wall    21.4s)
[74/250] seed=2825 sin2d      h0=2.02e-03 u_in=0.10 east->west conv=True  newton= 13 gmres=  164    0.5s  (wall    21.4s)
[75/250] seed=2827 serpentine h0=1.16e-03 u_in=0.11 east->west conv=True  newton= 10 gmres=  205    0.4s  (wall    21.8s)
[76/250] seed=2828 uniform    h0=2.08e-03 u_in=0.34 north->west conv=True  newton= 22 gmres=  335    0.7s  (wall    22.1s)
[77/250] seed=2822 quad       h0=1.93e-03 u_in=1.55 south->west conv=False newton=200 gmres= 1953    3.2s  (wall    23.7s)
[78/250] seed=2831 sin2d      h0=3.06e-04 u_in=0.43 south->east conv=True  newton= 10 gmres=   92    0.2s  (wall    23.9s)
[79/250] seed=2815 serpentine h0=1.41e-03 u_in=1.07 west->east conv=False newton=200 gmres= 3229    5.0s  (wall    24.0s)
[80/250] seed=2832 serpentine h0=8.98e-04 u_in=0.12 north->south conv=True  newton= 10 gmres=  149    0.3s  (wall    24.2s)
[81/250] seed=2833 quad       h0=9.18e-04 u_in=0.49 north->west conv=True  newton= 15 gmres=  183    0.4s  (wall    24.4s)
[82/250] seed=2802 serpentine h0=5.42e-04 u_in=0.32 east->east conv=False newton=200 gmres= 6287    9.3s  (wall    24.6s)
[83/250] seed=2834 uturn      h0=8.12e-04 u_in=1.88 west->west conv=True  newton= 16 gmres=  383    0.6s  (wall    24.8s)
[84/250] seed=2836 uniform    h0=8.34e-04 u_in=0.13 north->south conv=True  newton= 11 gmres=   80    0.3s  (wall    24.9s)
[85/250] seed=2838 uturn      h0=4.21e-04 u_in=0.16 west->west conv=True  newton=  8 gmres=   62    0.2s  (wall    25.1s)
[86/250] seed=2839 uniform    h0=8.04e-04 u_in=0.81 east->west conv=True  newton= 13 gmres=  143    0.4s  (wall    25.5s)
[87/250] seed=2837 quad       h0=1.26e-03 u_in=1.34 south->west conv=True  newton= 20 gmres=  364    0.9s  (wall    25.6s)
[88/250] seed=2841 blobs      h0=3.70e-04 u_in=1.95 south->east conv=True  newton= 11 gmres=  147    0.3s  (wall    25.9s)
[89/250] seed=2835 sin2d      h0=2.44e-03 u_in=0.98 south->east conv=True  newton= 49 gmres= 1021    1.8s  (wall    26.2s)
[90/250] seed=2842 grf        h0=2.42e-03 u_in=0.42 south->north conv=True  newton= 17 gmres=  299    0.6s  (wall    26.5s)
[91/250] seed=2843 pins       h0=4.48e-04 u_in=1.17 north->east conv=True  newton= 11 gmres=  112    0.4s  (wall    26.6s)
[92/250] seed=2844 pins       h0=4.88e-04 u_in=0.40 north->east conv=True  newton= 11 gmres=   86    0.3s  (wall    26.8s)
[93/250] seed=2829 serpentine h0=1.32e-03 u_in=0.18 east->west conv=False newton=200 gmres= 3963    5.1s  (wall    26.8s)
[94/250] seed=2845 quad       h0=1.70e-03 u_in=0.37 west->east conv=True  newton= 15 gmres=  199    0.4s  (wall    27.0s)
[95/250] seed=2846 serpentine h0=4.63e-04 u_in=0.91 north->north conv=True  newton= 12 gmres=  142    0.4s  (wall    27.3s)
[96/250] seed=2848 serpentine h0=8.62e-04 u_in=0.96 east->south conv=True  newton= 15 gmres=  234    0.4s  (wall    27.4s)
[97/250] seed=2849 grf        h0=1.12e-03 u_in=0.68 west->west conv=True  newton= 13 gmres=  174    0.4s  (wall    27.7s)
[98/250] seed=2847 blobs      h0=2.57e-03 u_in=0.78 north->east conv=True  newton= 30 gmres=  671    1.0s  (wall    27.9s)
[99/250] seed=2851 uniform    h0=1.00e-03 u_in=0.12 north->north conv=True  newton= 11 gmres=   88    0.3s  (wall    28.0s)
[100/250] seed=2853 uniform    h0=1.02e-03 u_in=0.20 south->south conv=True  newton= 11 gmres=   91    0.3s  (wall    28.3s)
[101/250] seed=2852 sin2d      h0=1.48e-03 u_in=0.50 south->north conv=True  newton= 16 gmres=  244    0.5s  (wall    28.4s)
[102/250] seed=2854 quad       h0=1.17e-03 u_in=0.18 north->north conv=True  newton=  8 gmres=   63    0.2s  (wall    28.5s)
[103/250] seed=2855 pins       h0=4.19e-04 u_in=0.92 east->west conv=True  newton= 11 gmres=  124    0.3s  (wall    28.7s)
[104/250] seed=2856 uniform    h0=1.09e-03 u_in=0.22 south->west conv=True  newton= 13 gmres=  119    0.3s  (wall    28.9s)
[105/250] seed=2858 pins       h0=9.39e-04 u_in=0.24 west->east conv=True  newton= 11 gmres=  164    0.4s  (wall    29.2s)
[106/250] seed=2857 uniform    h0=9.55e-04 u_in=1.94 west->south conv=True  newton= 19 gmres=  354    0.6s  (wall    29.3s)
[107/250] seed=2830 blobs      h0=2.76e-03 u_in=0.57 east->east conv=True  newton=190 gmres= 5226    7.3s  (wall    29.4s)
[108/250] seed=2860 grf        h0=5.34e-04 u_in=0.10 north->east conv=True  newton=  9 gmres=   79    0.2s  (wall    29.5s)
[109/250] seed=2859 uturn      h0=9.26e-04 u_in=0.14 west->west conv=True  newton= 11 gmres=  223    0.4s  (wall    29.6s)
[110/250] seed=2863 uniform    h0=7.54e-04 u_in=0.41 west->south conv=True  newton= 11 gmres=   97    0.3s  (wall    29.9s)
[111/250] seed=2864 grf        h0=7.58e-04 u_in=0.24 south->west conv=True  newton= 15 gmres=  181    0.4s  (wall    30.3s)
[112/250] seed=2862 grf        h0=1.97e-03 u_in=0.27 north->south conv=True  newton= 31 gmres=  556    0.8s  (wall    30.4s)
[113/250] seed=2865 blobs      h0=6.06e-04 u_in=0.59 east->west conv=True  newton= 12 gmres=  116    0.3s  (wall    30.6s)
[114/250] seed=2866 quad       h0=6.60e-04 u_in=1.40 west->west conv=True  newton= 15 gmres=  181    0.4s  (wall    30.7s)
[115/250] seed=2867 quad       h0=4.76e-04 u_in=0.12 east->north conv=True  newton=  8 gmres=   62    0.2s  (wall    30.8s)
[116/250] seed=2869 sin2d      h0=3.65e-04 u_in=0.30 east->south conv=True  newton= 10 gmres=   86    0.3s  (wall    31.1s)
[117/250] seed=2868 serpentine h0=9.44e-04 u_in=1.10 south->south conv=True  newton= 18 gmres=  418    0.6s  (wall    31.3s)
[118/250] seed=2850 uniform    h0=4.34e-04 u_in=1.47 north->west conv=False newton=200 gmres= 3530    4.7s  (wall    32.1s)
[119/250] seed=2871 sin2d      h0=1.40e-03 u_in=0.62 west->south conv=True  newton= 26 gmres=  549    0.8s  (wall    32.1s)
[120/250] seed=2873 serpentine h0=3.36e-04 u_in=0.22 west->south conv=True  newton=  9 gmres=   79    0.2s  (wall    32.4s)
[121/250] seed=2872 serpentine h0=9.04e-04 u_in=0.15 west->east conv=True  newton= 10 gmres=  143    0.4s  (wall    32.5s)
[122/250] seed=2875 quad       h0=1.27e-03 u_in=0.11 north->north conv=True  newton= 10 gmres=   87    0.3s  (wall    32.8s)
[123/250] seed=2876 pins       h0=5.51e-04 u_in=0.71 east->north conv=True  newton= 12 gmres=  131    0.3s  (wall    33.1s)
[124/250] seed=2840 serpentine h0=2.61e-03 u_in=1.32 north->south conv=False newton=200 gmres= 6774    9.8s  (wall    35.3s)
[125/250] seed=2878 pins       h0=9.83e-04 u_in=0.57 north->east conv=True  newton= 15 gmres=  191    0.4s  (wall    35.7s)
[126/250] seed=2861 serpentine h0=7.05e-04 u_in=1.81 west->west conv=False newton=200 gmres= 4494    6.4s  (wall    35.8s)
[127/250] seed=2877 quad       h0=2.80e-03 u_in=0.46 west->south conv=True  newton= 57 gmres= 1617    2.7s  (wall    35.8s)
[128/250] seed=2879 pins       h0=6.04e-04 u_in=1.02 west->south conv=True  newton= 13 gmres=  147    0.4s  (wall    36.0s)
[129/250] seed=2881 serpentine h0=5.02e-04 u_in=0.43 south->east conv=True  newton= 10 gmres=  108    0.2s  (wall    36.1s)
[130/250] seed=2882 quad       h0=3.97e-04 u_in=0.39 west->west conv=True  newton=  8 gmres=   55    0.2s  (wall    36.3s)
[131/250] seed=2883 quad       h0=3.13e-04 u_in=1.05 west->east conv=True  newton= 14 gmres=  109    0.3s  (wall    36.4s)
[132/250] seed=2885 sin2d      h0=4.20e-04 u_in=0.17 west->south conv=True  newton=  8 gmres=   58    0.2s  (wall    36.6s)
[133/250] seed=2874 blobs      h0=1.27e-03 u_in=1.23 north->west conv=True  newton=190 gmres= 3487    5.0s  (wall    37.4s)
[134/250] seed=2887 pins       h0=8.49e-04 u_in=0.39 north->south conv=True  newton= 11 gmres=  106    0.5s  (wall    37.9s)
[135/250] seed=2888 pins       h0=6.79e-04 u_in=0.12 south->north conv=True  newton=  8 gmres=   70    0.3s  (wall    38.2s)
[136/250] seed=2889 quad       h0=3.35e-04 u_in=0.16 south->south conv=True  newton=  7 gmres=   50    0.2s  (wall    38.4s)
[137/250] seed=2890 serpentine h0=1.76e-03 u_in=0.30 south->south conv=True  newton= 61 gmres= 1984    2.3s  (wall    40.7s)
[138/250] seed=2891 pins       h0=1.06e-03 u_in=0.74 east->north conv=True  newton= 16 gmres=  243    0.5s  (wall    41.2s)
[139/250] seed=2880 grf        h0=2.39e-03 u_in=0.28 north->west conv=False newton=200 gmres= 3638    5.7s  (wall    41.5s)
[140/250] seed=2870 pins       h0=2.72e-03 u_in=1.85 south->north conv=False newton=200 gmres= 7383   10.7s  (wall    41.8s)
[141/250] seed=2893 uturn      h0=2.07e-03 u_in=0.19 west->west conv=True  newton= 11 gmres=  367    0.6s  (wall    42.1s)
[142/250] seed=2894 quad       h0=9.99e-04 u_in=1.02 south->south conv=True  newton= 18 gmres=  264    0.5s  (wall    42.3s)
[143/250] seed=2895 uniform    h0=3.55e-04 u_in=0.76 south->south conv=True  newton= 11 gmres=   80    0.3s  (wall    42.4s)
[144/250] seed=2896 quad       h0=8.70e-04 u_in=0.34 north->east conv=True  newton= 15 gmres=  171    0.4s  (wall    42.7s)
[145/250] seed=2886 serpentine h0=1.17e-03 u_in=0.58 east->west conv=False newton=200 gmres= 4840    6.5s  (wall    43.1s)
[146/250] seed=2898 quad       h0=1.91e-03 u_in=0.40 west->south conv=True  newton= 21 gmres=  329    0.6s  (wall    43.3s)
[147/250] seed=2899 pins       h0=4.12e-04 u_in=0.45 west->north conv=True  newton=  9 gmres=   59    0.2s  (wall    43.4s)
[148/250] seed=2900 uturn      h0=5.31e-04 u_in=0.16 west->west conv=True  newton=  9 gmres=   78    0.2s  (wall    43.6s)
[149/250] seed=2897 uturn      h0=9.78e-04 u_in=0.66 west->west conv=True  newton= 25 gmres=  909    1.5s  (wall    43.9s)
[150/250] seed=2902 quad       h0=7.84e-04 u_in=0.72 west->east conv=True  newton= 12 gmres=  129    0.3s  (wall    43.9s)
[151/250] seed=2901 serpentine h0=6.28e-04 u_in=1.08 north->west conv=True  newton= 22 gmres=  476    0.7s  (wall    44.1s)
[152/250] seed=2904 quad       h0=7.63e-04 u_in=0.11 north->south conv=True  newton= 10 gmres=  101    0.3s  (wall    44.2s)
[153/250] seed=2903 pins       h0=4.51e-04 u_in=1.13 north->east conv=True  newton= 13 gmres=  138    0.3s  (wall    44.2s)
[154/250] seed=2906 pins       h0=4.85e-04 u_in=0.13 east->east conv=True  newton=  8 gmres=   60    0.2s  (wall    44.4s)
[155/250] seed=2884 serpentine h0=1.08e-03 u_in=1.54 south->west conv=False newton=200 gmres= 5992    8.4s  (wall    44.7s)
[156/250] seed=2907 sin2d      h0=1.44e-03 u_in=0.33 west->south conv=True  newton= 18 gmres=  266    0.6s  (wall    44.8s)
[157/250] seed=2910 quad       h0=1.02e-03 u_in=1.33 south->north conv=True  newton= 17 gmres=  265    0.5s  (wall    45.3s)
[158/250] seed=2911 uturn      h0=3.04e-04 u_in=0.45 west->west conv=True  newton= 11 gmres=  111    0.3s  (wall    45.6s)
[159/250] seed=2912 serpentine h0=1.52e-03 u_in=0.10 south->east conv=True  newton= 11 gmres=  249    0.5s  (wall    46.1s)
[160/250] seed=2913 serpentine h0=8.19e-04 u_in=0.11 north->north conv=True  newton= 10 gmres=  125    0.3s  (wall    46.3s)
[161/250] seed=2914 uturn      h0=1.05e-03 u_in=0.53 west->west conv=True  newton= 12 gmres=  491    0.7s  (wall    47.0s)
[162/250] seed=2915 uniform    h0=5.37e-04 u_in=0.63 north->west conv=True  newton= 13 gmres=  106    0.4s  (wall    47.4s)
[163/250] seed=2916 blobs      h0=8.18e-04 u_in=0.60 north->south conv=True  newton= 13 gmres=  180    0.4s  (wall    47.7s)
[164/250] seed=2917 grf        h0=5.99e-04 u_in=0.11 west->north conv=True  newton=  9 gmres=   70    0.3s  (wall    48.0s)
[165/250] seed=2908 serpentine h0=2.09e-03 u_in=1.11 east->west conv=False newton=200 gmres= 2750    3.9s  (wall    48.3s)
[166/250] seed=2905 serpentine h0=8.80e-04 u_in=1.87 north->south conv=False newton=200 gmres= 3085    4.2s  (wall    48.3s)
[167/250] seed=2918 pins       h0=5.40e-04 u_in=0.53 east->south conv=True  newton= 12 gmres=  105    0.3s  (wall    48.4s)
[168/250] seed=2920 uturn      h0=1.42e-03 u_in=0.17 west->west conv=True  newton= 10 gmres=  186    0.4s  (wall    48.7s)
[169/250] seed=2921 grf        h0=1.32e-03 u_in=0.16 east->south conv=True  newton= 11 gmres=  122    0.3s  (wall    48.7s)
[170/250] seed=2892 sin2d      h0=2.61e-03 u_in=1.88 west->west conv=True  newton=129 gmres= 4739    7.6s  (wall    48.8s)
[171/250] seed=2924 quad       h0=8.99e-04 u_in=0.21 south->east conv=True  newton= 12 gmres=  107    0.3s  (wall    49.1s)
[172/250] seed=2909 serpentine h0=6.20e-04 u_in=0.56 east->east conv=False newton=200 gmres= 2982    4.5s  (wall    49.1s)
[173/250] seed=2926 sin2d      h0=9.41e-04 u_in=0.14 south->east conv=True  newton= 13 gmres=  137    0.3s  (wall    49.5s)
[174/250] seed=2922 sin2d      h0=1.73e-03 u_in=0.51 west->south conv=True  newton= 86 gmres= 1210    1.9s  (wall    50.6s)
[175/250] seed=2928 pins       h0=4.36e-04 u_in=0.18 west->east conv=True  newton=  8 gmres=   71    0.2s  (wall    50.9s)
[176/250] seed=2925 serpentine h0=1.69e-03 u_in=0.54 north->east conv=True  newton= 53 gmres= 1461    2.0s  (wall    51.1s)
[177/250] seed=2929 grf        h0=5.45e-04 u_in=0.28 west->south conv=True  newton= 10 gmres=   90    0.3s  (wall    51.1s)
[178/250] seed=2930 grf        h0=1.97e-03 u_in=0.13 north->north conv=True  newton= 10 gmres=  109    0.3s  (wall    51.4s)
[179/250] seed=2931 blobs      h0=2.76e-03 u_in=0.27 west->north conv=True  newton= 28 gmres=  595    0.9s  (wall    52.0s)
[180/250] seed=2933 grf        h0=1.82e-03 u_in=0.53 south->east conv=True  newton= 17 gmres=  338    0.6s  (wall    52.7s)
[181/250] seed=2934 uniform    h0=3.57e-04 u_in=1.92 north->west conv=True  newton= 11 gmres=  103    0.3s  (wall    53.0s)
[182/250] seed=2935 quad       h0=7.18e-04 u_in=0.29 west->south conv=True  newton= 12 gmres=  104    0.3s  (wall    53.3s)
[183/250] seed=2936 quad       h0=1.83e-03 u_in=0.10 east->west conv=True  newton= 12 gmres=  133    0.3s  (wall    53.6s)
[184/250] seed=2919 blobs      h0=2.68e-03 u_in=0.52 west->north conv=True  newton=114 gmres= 3966    5.4s  (wall    53.7s)
[185/250] seed=2923 serpentine h0=1.57e-03 u_in=0.11 west->east conv=False newton=200 gmres= 3622    5.5s  (wall    54.2s)
[186/250] seed=2937 uniform    h0=2.84e-03 u_in=0.23 south->north conv=True  newton= 28 gmres=  440    0.9s  (wall    54.5s)
[187/250] seed=2938 quad       h0=1.94e-03 u_in=0.95 south->north conv=True  newton= 31 gmres=  673    1.1s  (wall    54.8s)
[188/250] seed=2940 sin2d      h0=4.58e-04 u_in=0.39 east->south conv=True  newton= 10 gmres=   85    0.3s  (wall    54.8s)
[189/250] seed=2927 serpentine h0=3.61e-04 u_in=1.43 south->north conv=False newton=200 gmres= 3886    5.5s  (wall    55.0s)
[190/250] seed=2939 uniform    h0=1.37e-03 u_in=1.67 south->south conv=True  newton= 24 gmres=  572    1.0s  (wall    55.2s)
[191/250] seed=2943 sin2d      h0=5.57e-04 u_in=0.42 east->north conv=True  newton= 10 gmres=   84    0.3s  (wall    55.3s)
[192/250] seed=2944 uturn      h0=1.07e-03 u_in=0.39 west->west conv=True  newton= 15 gmres=  749    1.1s  (wall    56.3s)
[193/250] seed=2941 grf        h0=1.57e-03 u_in=0.77 east->south conv=True  newton= 43 gmres= 1068    1.6s  (wall    56.4s)
[194/250] seed=2947 serpentine h0=3.18e-04 u_in=0.23 west->south conv=True  newton=  8 gmres=   67    0.2s  (wall    56.6s)
[195/250] seed=2946 blobs      h0=1.49e-03 u_in=0.24 east->north conv=True  newton= 13 gmres=  198    0.4s  (wall    56.8s)
[196/250] seed=2948 sin2d      h0=6.99e-04 u_in=0.22 west->east conv=True  newton= 11 gmres=  122    0.3s  (wall    56.9s)
[197/250] seed=2949 blobs      h0=5.19e-04 u_in=0.43 south->east conv=True  newton= 10 gmres=   91    0.3s  (wall    57.0s)
[198/250] seed=2945 serpentine h0=3.30e-04 u_in=0.55 west->north conv=True  newton= 30 gmres= 1467    1.8s  (wall    57.1s)
[199/250] seed=2950 uturn      h0=4.89e-04 u_in=0.38 west->west conv=True  newton= 11 gmres=  129    0.3s  (wall    57.2s)
[200/250] seed=2951 sin2d      h0=8.36e-04 u_in=0.25 west->north conv=True  newton= 12 gmres=  132    0.4s  (wall    57.4s)
[201/250] seed=2953 serpentine h0=4.66e-04 u_in=0.42 south->south conv=True  newton= 11 gmres=  151    0.3s  (wall    57.5s)
[202/250] seed=2955 uniform    h0=3.78e-04 u_in=0.32 south->south conv=True  newton=  8 gmres=   59    0.2s  (wall    57.7s)
[203/250] seed=2954 uturn      h0=1.61e-03 u_in=0.40 west->west conv=True  newton= 13 gmres=  338    0.6s  (wall    58.0s)
[204/250] seed=2956 sin2d      h0=5.64e-04 u_in=0.21 north->north conv=True  newton= 11 gmres=  123    0.4s  (wall    58.1s)
[205/250] seed=2957 pins       h0=3.53e-04 u_in=1.78 west->east conv=True  newton= 11 gmres=  101    0.3s  (wall    58.4s)
[206/250] seed=2958 pins       h0=6.99e-04 u_in=0.21 west->east conv=True  newton= 10 gmres=   74    0.3s  (wall    58.4s)
[207/250] seed=2960 quad       h0=5.20e-04 u_in=0.84 north->north conv=True  newton= 23 gmres=  268    0.7s  (wall    59.1s)
[208/250] seed=2961 uniform    h0=3.19e-04 u_in=1.23 north->north conv=True  newton= 11 gmres=   90    0.3s  (wall    59.5s)
[209/250] seed=2959 uniform    h0=1.51e-03 u_in=1.65 north->north conv=True  newton= 28 gmres=  633    1.2s  (wall    59.5s)
[210/250] seed=2962 grf        h0=5.19e-04 u_in=0.15 south->west conv=True  newton=  9 gmres=   67    0.3s  (wall    59.7s)
[211/250] seed=2963 uturn      h0=5.28e-04 u_in=0.16 west->west conv=True  newton=  9 gmres=   62    0.2s  (wall    59.7s)
[212/250] seed=2964 pins       h0=8.73e-04 u_in=0.70 south->west conv=True  newton= 14 gmres=  201    0.4s  (wall    60.1s)
[213/250] seed=2932 serpentine h0=7.16e-04 u_in=0.39 west->east conv=False newton=200 gmres= 7356    9.1s  (wall    60.5s)
[214/250] seed=2942 serpentine h0=1.25e-03 u_in=0.11 north->east conv=False newton=200 gmres= 3959    5.8s  (wall    60.6s)
[215/250] seed=2966 uturn      h0=5.84e-04 u_in=1.38 west->west conv=True  newton= 22 gmres=  306    0.8s  (wall    60.9s)
[216/250] seed=2967 uniform    h0=1.07e-03 u_in=1.23 east->north conv=True  newton= 18 gmres=  266    0.5s  (wall    61.0s)
[217/250] seed=2969 blobs      h0=8.75e-04 u_in=0.29 east->west conv=True  newton= 10 gmres=  130    0.4s  (wall    61.3s)
[218/250] seed=2968 serpentine h0=3.78e-04 u_in=0.33 west->east conv=True  newton= 12 gmres=  408    0.9s  (wall    61.5s)
[219/250] seed=2971 pins       h0=5.52e-04 u_in=0.16 west->south conv=True  newton=  9 gmres=   76    0.3s  (wall    61.7s)
[220/250] seed=2972 quad       h0=3.90e-04 u_in=0.88 north->south conv=True  newton= 10 gmres=   94    0.3s  (wall    61.7s)
[221/250] seed=2974 pins       h0=6.58e-04 u_in=0.31 west->north conv=True  newton= 11 gmres=   89    0.3s  (wall    62.0s)
[222/250] seed=2970 uturn      h0=1.56e-03 u_in=0.69 west->west conv=True  newton= 18 gmres=  803    1.1s  (wall    62.1s)
[223/250] seed=2976 uniform    h0=6.86e-04 u_in=0.20 south->south conv=True  newton=  9 gmres=   62    0.3s  (wall    62.4s)
[224/250] seed=2952 uturn      h0=1.02e-03 u_in=0.25 west->west conv=False newton=200 gmres= 3120    5.3s  (wall    62.4s)
[225/250] seed=2977 uturn      h0=4.39e-04 u_in=0.10 west->west conv=True  newton=  8 gmres=   97    0.2s  (wall    62.6s)
[226/250] seed=2973 grf        h0=1.08e-03 u_in=1.20 north->east conv=True  newton= 28 gmres=  505    1.1s  (wall    62.8s)
[227/250] seed=2978 uturn      h0=9.97e-04 u_in=0.13 west->west conv=True  newton=  9 gmres=  106    0.4s  (wall    62.8s)
[228/250] seed=2979 sin2d      h0=3.54e-04 u_in=1.95 west->south conv=True  newton= 14 gmres=  197    0.4s  (wall    63.0s)
[229/250] seed=2980 grf        h0=7.38e-04 u_in=0.62 east->west conv=True  newton= 21 gmres=  334    0.9s  (wall    63.7s)
[230/250] seed=2982 grf        h0=7.36e-04 u_in=0.93 east->south conv=True  newton= 21 gmres=  364    0.7s  (wall    63.7s)
[231/250] seed=2981 uniform    h0=1.96e-03 u_in=0.58 south->east conv=True  newton= 24 gmres=  382    1.0s  (wall    63.8s)
[232/250] seed=2983 quad       h0=3.93e-04 u_in=0.70 east->north conv=True  newton= 11 gmres=   84    0.3s  (wall    64.0s)
[233/250] seed=2984 sin2d      h0=1.15e-03 u_in=0.31 east->west conv=True  newton= 15 gmres=  174    0.4s  (wall    64.1s)
[234/250] seed=2986 pins       h0=3.31e-04 u_in=0.96 north->east conv=True  newton= 12 gmres=   92    0.3s  (wall    64.2s)
[235/250] seed=2988 sin2d      h0=5.54e-04 u_in=0.38 south->west conv=True  newton=  9 gmres=   74    0.3s  (wall    64.5s)
[236/250] seed=2965 uturn      h0=2.16e-03 u_in=1.66 west->west conv=False newton=200 gmres= 3486    5.2s  (wall    65.0s)
[237/250] seed=2990 blobs      h0=6.22e-04 u_in=1.38 west->west conv=True  newton= 14 gmres=  152    0.3s  (wall    65.3s)
[238/250] seed=2991 quad       h0=8.94e-04 u_in=0.13 south->east conv=True  newton= 11 gmres=   87    0.3s  (wall    65.6s)
[239/250] seed=2992 pins       h0=3.83e-04 u_in=0.21 south->west conv=True  newton=  9 gmres=   64    0.3s  (wall    65.8s)
[240/250] seed=2989 uniform    h0=1.67e-03 u_in=1.82 west->east conv=True  newton= 35 gmres=  904    1.7s  (wall    66.2s)
[241/250] seed=2993 quad       h0=3.33e-04 u_in=0.46 east->west conv=True  newton= 10 gmres=   71    0.4s  (wall    66.3s)
[242/250] seed=2985 serpentine h0=1.95e-03 u_in=0.41 north->west conv=True  newton= 23 gmres= 1446    2.8s  (wall    66.6s)
[243/250] seed=2994 quad       h0=1.32e-03 u_in=0.52 west->west conv=True  newton= 14 gmres=  162    0.4s  (wall    66.6s)
[244/250] seed=2996 serpentine h0=4.01e-04 u_in=0.23 south->north conv=True  newton= 10 gmres=  112    0.3s  (wall    66.9s)
[245/250] seed=2998 pins       h0=7.43e-04 u_in=0.25 north->south conv=True  newton= 10 gmres=   83    0.3s  (wall    67.2s)
[246/250] seed=2997 blobs      h0=6.69e-04 u_in=1.64 east->south conv=True  newton= 16 gmres=  458    0.7s  (wall    67.3s)
[247/250] seed=2975 serpentine h0=3.40e-04 u_in=1.41 west->north conv=False newton=200 gmres= 3613    5.6s  (wall    67.6s)
[248/250] seed=2987 uturn      h0=1.05e-03 u_in=0.25 west->west conv=False newton=200 gmres= 2796    4.1s  (wall    68.2s)
[249/250] seed=2999 serpentine h0=3.53e-04 u_in=0.50 north->south conv=False newton=200 gmres= 3916    6.2s  (wall    73.4s)
[250/250] seed=2995 uturn      h0=2.81e-03 u_in=1.02 west->west conv=False newton=200 gmres= 6491    9.7s  (wall    76.0s)
done: 1 shards -> experiments/nsbm/data
=== chunk seed0=3000 n=250 workers=5 (other load ~15 cores) 01:11:49
generate n=250 seed0=3000 workers=5 out=experiments/nsbm/data
[1/250] seed=3000 pins       h0=6.39e-04 u_in=0.35 east->east conv=True  newton= 10 gmres=   92    0.4s  (wall     0.7s)
[2/250] seed=3002 grf        h0=1.02e-03 u_in=0.64 west->north conv=True  newton= 13 gmres=  209    0.6s  (wall     0.9s)
[3/250] seed=3006 sin2d      h0=5.96e-04 u_in=0.73 west->west conv=True  newton= 12 gmres=  128    0.3s  (wall     1.2s)
[4/250] seed=3001 quad       h0=2.03e-03 u_in=1.08 south->north conv=True  newton= 30 gmres=  770    1.2s  (wall     1.5s)
[5/250] seed=3003 blobs      h0=2.31e-03 u_in=0.56 west->north conv=True  newton= 38 gmres= 1353    2.0s  (wall     2.3s)
[6/250] seed=3008 pins       h0=2.69e-03 u_in=0.28 south->north conv=True  newton= 25 gmres=  474    0.8s  (wall     2.4s)
[7/250] seed=3009 quad       h0=5.66e-04 u_in=0.97 south->south conv=True  newton= 10 gmres=   88    0.3s  (wall     2.6s)
[8/250] seed=3005 uturn      h0=2.74e-03 u_in=0.33 west->west conv=True  newton= 31 gmres= 1381    2.0s  (wall     2.6s)
[9/250] seed=3010 blobs      h0=5.40e-04 u_in=0.42 west->east conv=True  newton= 10 gmres=   79    0.3s  (wall     2.7s)
[10/250] seed=3013 pins       h0=7.23e-04 u_in=0.54 west->south conv=True  newton= 12 gmres=  129    0.4s  (wall     3.1s)
[11/250] seed=3011 grf        h0=4.84e-04 u_in=0.52 west->south conv=True  newton= 20 gmres=  285    0.5s  (wall     3.1s)
[12/250] seed=3014 quad       h0=3.17e-04 u_in=0.31 north->east conv=True  newton= 10 gmres=   72    0.3s  (wall     3.3s)
[13/250] seed=3004 quad       h0=2.94e-03 u_in=0.40 south->north conv=True  newton=145 gmres= 1842    3.4s  (wall     3.7s)
[14/250] seed=3012 uturn      h0=5.54e-04 u_in=0.10 west->west conv=True  newton= 21 gmres= 1198    1.5s  (wall     4.2s)
[15/250] seed=3017 sin2d      h0=1.97e-03 u_in=0.42 east->west conv=True  newton= 25 gmres=  381    0.7s  (wall     4.4s)
[16/250] seed=3018 uturn      h0=1.48e-03 u_in=0.19 west->west conv=True  newton= 11 gmres=  250    0.6s  (wall     4.7s)
[17/250] seed=3020 uturn      h0=1.17e-03 u_in=0.34 west->west conv=True  newton= 12 gmres=  258    0.5s  (wall     5.3s)
[18/250] seed=3021 uturn      h0=3.25e-04 u_in=0.73 west->west conv=True  newton= 10 gmres=   81    0.2s  (wall     5.5s)
[19/250] seed=3022 blobs      h0=1.79e-03 u_in=0.24 east->west conv=True  newton= 14 gmres=  206    0.5s  (wall     6.0s)
[20/250] seed=3019 pins       h0=1.86e-03 u_in=0.46 east->west conv=True  newton= 26 gmres= 1133    1.8s  (wall     6.2s)
[21/250] seed=3007 blobs      h0=2.67e-03 u_in=1.61 east->south conv=True  newton=158 gmres= 3101    5.0s  (wall     6.2s)
[22/250] seed=3015 uturn      h0=5.37e-04 u_in=1.73 west->west conv=True  newton= 47 gmres= 2382    3.2s  (wall     6.3s)
[23/250] seed=3023 quad       h0=9.93e-04 u_in=0.18 west->west conv=True  newton= 14 gmres=  144    0.4s  (wall     6.4s)
[24/250] seed=3025 blobs      h0=3.01e-04 u_in=0.43 south->west conv=True  newton=  8 gmres=   56    0.2s  (wall     6.4s)
[25/250] seed=3026 sin2d      h0=3.49e-04 u_in=0.93 north->west conv=True  newton= 12 gmres=  110    0.3s  (wall     6.6s)
[26/250] seed=3024 sin2d      h0=7.46e-04 u_in=1.45 east->north conv=True  newton= 14 gmres=  212    0.4s  (wall     6.6s)
[27/250] seed=3027 quad       h0=3.95e-04 u_in=1.17 west->north conv=True  newton= 10 gmres=   96    0.3s  (wall     6.6s)
[28/250] seed=3028 sin2d      h0=3.91e-04 u_in=0.21 west->west conv=True  newton= 10 gmres=   87    0.3s  (wall     6.7s)
[29/250] seed=3029 quad       h0=3.79e-04 u_in=0.15 north->west conv=True  newton=  8 gmres=   56    0.2s  (wall     6.8s)
[30/250] seed=3031 grf        h0=3.75e-04 u_in=0.80 west->south conv=True  newton= 12 gmres=   96    0.3s  (wall     7.0s)
[31/250] seed=3032 uturn      h0=4.46e-04 u_in=0.15 west->west conv=True  newton=  9 gmres=   86    0.3s  (wall     7.0s)
[32/250] seed=3033 quad       h0=6.89e-04 u_in=1.03 north->south conv=True  newton= 12 gmres=  143    0.4s  (wall     7.2s)
[33/250] seed=3035 sin2d      h0=8.68e-04 u_in=0.82 west->north conv=True  newton= 14 gmres=  159    0.5s  (wall     7.4s)
[34/250] seed=3037 pins       h0=1.44e-03 u_in=0.27 east->north conv=True  newton= 12 gmres=  174    0.4s  (wall     7.8s)
[35/250] seed=3030 uturn      h0=2.10e-03 u_in=0.29 west->west conv=True  newton= 18 gmres= 1060    1.4s  (wall     8.1s)
[36/250] seed=3038 sin2d      h0=5.12e-04 u_in=0.49 south->north conv=True  newton= 11 gmres=   98    0.3s  (wall     8.2s)
[37/250] seed=3016 serpentine h0=7.92e-04 u_in=0.50 south->west conv=False newton=200 gmres= 3240    5.5s  (wall     8.8s)
[38/250] seed=3041 blobs      h0=8.46e-04 u_in=0.27 east->north conv=True  newton= 11 gmres=  131    0.3s  (wall     9.2s)
[39/250] seed=3039 uturn      h0=2.61e-03 u_in=0.41 west->west conv=True  newton= 21 gmres=  896    1.4s  (wall     9.5s)
[40/250] seed=3043 pins       h0=1.97e-03 u_in=0.20 east->east conv=True  newton= 17 gmres=  227    0.5s  (wall    10.0s)
[41/250] seed=3034 sin2d      h0=1.70e-03 u_in=1.46 west->north conv=True  newton=149 gmres= 1878    3.2s  (wall    10.2s)
[42/250] seed=3044 uniform    h0=5.59e-04 u_in=0.38 south->west conv=True  newton=  9 gmres=   68    0.3s  (wall    10.3s)
[43/250] seed=3046 quad       h0=1.17e-03 u_in=0.57 south->west conv=True  newton= 14 gmres=  153    0.4s  (wall    10.7s)
[44/250] seed=3045 grf        h0=2.44e-03 u_in=0.15 south->west conv=True  newton= 17 gmres=  298    0.5s  (wall    10.7s)
[45/250] seed=3047 sin2d      h0=6.76e-04 u_in=0.19 east->south conv=True  newton= 11 gmres=  103    0.3s  (wall    11.0s)
[46/250] seed=3049 uturn      h0=3.34e-04 u_in=0.14 west->west conv=True  newton=  8 gmres=   58    0.2s  (wall    11.2s)
[47/250] seed=3048 blobs      h0=1.34e-03 u_in=1.13 west->west conv=True  newton= 21 gmres=  583    0.9s  (wall    11.6s)
[48/250] seed=3050 grf        h0=9.26e-04 u_in=0.13 north->north conv=True  newton= 20 gmres=  276    0.6s  (wall    11.8s)
[49/250] seed=3051 serpentine h0=3.63e-04 u_in=0.77 west->south conv=True  newton=  9 gmres=   92    0.3s  (wall    11.9s)
[50/250] seed=3052 serpentine h0=9.16e-04 u_in=0.27 east->west conv=True  newton= 11 gmres=  224    0.4s  (wall    12.2s)
[51/250] seed=3040 uturn      h0=1.85e-03 u_in=0.32 west->west conv=False newton=200 gmres= 2692    4.2s  (wall    12.4s)
[52/250] seed=3055 grf        h0=6.32e-04 u_in=0.98 east->south conv=True  newton= 14 gmres=  136    0.4s  (wall    12.7s)
[53/250] seed=3056 quad       h0=8.84e-04 u_in=0.13 west->south conv=True  newton= 10 gmres=   80    0.3s  (wall    13.0s)
[54/250] seed=3054 grf        h0=2.84e-03 u_in=0.74 west->north conv=True  newton= 19 gmres=  501    0.8s  (wall    13.0s)
[55/250] seed=3036 pins       h0=2.84e-03 u_in=0.68 east->west conv=False newton=200 gmres= 3874    6.1s  (wall    13.2s)
[56/250] seed=3042 pins       h0=2.47e-03 u_in=1.86 west->north conv=False newton=200 gmres= 2346    4.2s  (wall    13.4s)
[57/250] seed=3057 sin2d      h0=5.65e-04 u_in=0.71 south->south conv=True  newton= 13 gmres=  161    0.4s  (wall    13.4s)
[58/250] seed=3059 uturn      h0=5.20e-04 u_in=1.47 west->west conv=True  newton= 13 gmres=  143    0.4s  (wall    13.7s)
[59/250] seed=3058 quad       h0=2.74e-03 u_in=0.21 west->east conv=True  newton= 26 gmres=  437    0.8s  (wall    13.8s)
[60/250] seed=3060 sin2d      h0=1.73e-03 u_in=0.71 south->north conv=True  newton= 26 gmres=  422    0.8s  (wall    14.1s)
[61/250] seed=3053 uturn      h0=3.07e-04 u_in=1.69 west->west conv=True  newton= 61 gmres= 1924    2.5s  (wall    14.4s)
[62/250] seed=3062 quad       h0=3.85e-04 u_in=1.12 south->north conv=True  newton= 24 gmres=  320    0.8s  (wall    14.5s)
[63/250] seed=3064 sin2d      h0=2.98e-03 u_in=0.29 north->south conv=True  newton= 37 gmres=  634    1.1s  (wall    15.2s)
[64/250] seed=3067 quad       h0=4.78e-04 u_in=0.10 south->east conv=True  newton=  8 gmres=   59    0.2s  (wall    15.4s)
[65/250] seed=3061 grf        h0=1.27e-03 u_in=1.37 west->south conv=True  newton= 75 gmres= 1506    2.5s  (wall    15.9s)
[66/250] seed=3066 blobs      h0=1.35e-03 u_in=0.77 west->south conv=True  newton= 27 gmres= 1409    1.8s  (wall    16.3s)
[67/250] seed=3068 blobs      h0=1.21e-03 u_in=0.66 west->east conv=True  newton= 18 gmres=  938    1.3s  (wall    16.7s)
[68/250] seed=3063 serpentine h0=1.96e-03 u_in=1.26 north->north conv=False newton=200 gmres= 2203    3.3s  (wall    17.1s)
[69/250] seed=3069 serpentine h0=9.92e-04 u_in=0.41 south->north conv=True  newton= 21 gmres=  941    1.2s  (wall    17.1s)
[70/250] seed=3071 uniform    h0=7.68e-04 u_in=1.81 north->south conv=True  newton= 16 gmres=  233    0.5s  (wall    17.2s)
[71/250] seed=3070 quad       h0=2.44e-03 u_in=0.67 east->north conv=True  newton= 36 gmres=  873    1.2s  (wall    17.6s)
[72/250] seed=3065 grf        h0=1.84e-03 u_in=0.41 west->east conv=False newton=200 gmres= 2392    4.0s  (wall    18.4s)
[73/250] seed=3073 serpentine h0=1.30e-03 u_in=0.62 north->south conv=True  newton= 19 gmres=  994    1.3s  (wall    18.4s)
[74/250] seed=3074 quad       h0=1.65e-03 u_in=1.76 north->east conv=True  newton= 29 gmres=  731    1.3s  (wall    18.5s)
[75/250] seed=3077 uturn      h0=5.41e-04 u_in=0.28 west->west conv=True  newton= 11 gmres=   89    0.2s  (wall    18.7s)
[76/250] seed=3078 pins       h0=1.09e-03 u_in=0.24 north->south conv=True  newton= 13 gmres=  157    0.4s  (wall    18.9s)
[77/250] seed=3076 sin2d      h0=1.19e-03 u_in=1.16 north->west conv=True  newton= 20 gmres=  341    0.6s  (wall    19.0s)
[78/250] seed=3075 serpentine h0=1.70e-03 u_in=0.32 east->west conv=True  newton= 42 gmres=  970    1.5s  (wall    19.0s)
[79/250] seed=3079 quad       h0=1.00e-03 u_in=0.47 north->south conv=True  newton= 14 gmres=  155    0.4s  (wall    19.1s)
[80/250] seed=3081 pins       h0=6.53e-04 u_in=0.31 north->south conv=True  newton= 10 gmres=  101    0.3s  (wall    19.3s)
[81/250] seed=3082 serpentine h0=4.84e-04 u_in=0.55 south->south conv=True  newton= 12 gmres=  163    0.4s  (wall    19.4s)
[82/250] seed=3083 sin2d      h0=3.34e-04 u_in=0.50 west->east conv=True  newton= 10 gmres=   90    0.3s  (wall    19.4s)
[83/250] seed=3080 blobs      h0=8.50e-04 u_in=0.92 north->east conv=True  newton= 14 gmres=  196    0.4s  (wall    19.4s)
[84/250] seed=3072 serpentine h0=6.83e-04 u_in=0.16 east->west conv=True  newton= 55 gmres= 2785    3.4s  (wall    20.5s)
[85/250] seed=3088 serpentine h0=3.54e-04 u_in=1.30 south->east conv=True  newton= 11 gmres=  147    0.4s  (wall    20.9s)
[86/250] seed=3089 sin2d      h0=2.67e-03 u_in=0.60 north->west conv=True  newton= 34 gmres=  786    1.2s  (wall    22.1s)
[87/250] seed=3086 serpentine h0=2.32e-03 u_in=0.21 south->south conv=True  newton= 79 gmres= 2408    3.2s  (wall    22.6s)
[88/250] seed=3087 blobs      h0=2.38e-03 u_in=0.41 north->north conv=False newton=200 gmres= 2101    3.7s  (wall    23.1s)
[89/250] seed=3090 sin2d      h0=2.78e-03 u_in=0.21 west->south conv=True  newton= 43 gmres=  552    1.0s  (wall    23.1s)
[90/250] seed=3091 sin2d      h0=1.70e-03 u_in=0.26 south->west conv=True  newton= 16 gmres=  247    0.5s  (wall    23.1s)
[91/250] seed=3092 pins       h0=3.86e-04 u_in=0.18 north->west conv=True  newton=  8 gmres=   50    0.2s  (wall    23.3s)
[92/250] seed=3093 grf        h0=3.14e-04 u_in=0.26 south->north conv=True  newton= 10 gmres=   98    0.3s  (wall    23.4s)
[93/250] seed=3084 uturn      h0=2.05e-03 u_in=0.88 west->west conv=True  newton= 66 gmres= 3080    4.1s  (wall    23.4s)
[94/250] seed=3094 uturn      h0=1.19e-03 u_in=0.18 west->west conv=True  newton= 11 gmres=  225    0.4s  (wall    23.5s)
[95/250] seed=3098 sin2d      h0=4.93e-04 u_in=0.17 east->west conv=True  newton=  9 gmres=   70    0.3s  (wall    23.7s)
[96/250] seed=3096 pins       h0=6.34e-04 u_in=1.74 north->east conv=True  newton= 14 gmres=  187    0.5s  (wall    23.8s)
[97/250] seed=3095 sin2d      h0=2.17e-03 u_in=0.52 east->west conv=True  newton= 25 gmres=  442    0.8s  (wall    24.0s)
[98/250] seed=3100 serpentine h0=6.79e-04 u_in=0.65 south->east conv=True  newton= 13 gmres=  220    0.4s  (wall    24.3s)
[99/250] seed=3101 quad       h0=5.53e-04 u_in=0.24 north->south conv=True  newton= 10 gmres=   89    0.3s  (wall    24.3s)
[100/250] seed=3085 serpentine h0=5.01e-04 u_in=1.81 east->west conv=False newton=200 gmres= 3261    5.0s  (wall    24.4s)
[101/250] seed=3097 uturn      h0=4.81e-04 u_in=1.02 west->west conv=True  newton= 24 gmres=  572    0.9s  (wall    24.4s)
[102/250] seed=3103 uturn      h0=1.45e-03 u_in=0.10 west->west conv=True  newton= 10 gmres=  166    0.4s  (wall    24.7s)
[103/250] seed=3099 grf        h0=1.06e-03 u_in=1.95 north->south conv=True  newton= 19 gmres=  635    1.1s  (wall    24.8s)
[104/250] seed=3105 grf        h0=7.41e-04 u_in=1.74 north->east conv=True  newton= 17 gmres=  264    0.6s  (wall    24.9s)
[105/250] seed=3106 blobs      h0=8.48e-04 u_in=0.43 east->east conv=True  newton= 11 gmres=  219    0.4s  (wall    25.1s)
[106/250] seed=3107 pins       h0=7.31e-04 u_in=0.25 east->south conv=True  newton= 10 gmres=   97    0.4s  (wall    25.2s)
[107/250] seed=3108 quad       h0=5.62e-04 u_in=1.10 north->east conv=True  newton= 13 gmres=  136    0.4s  (wall    25.3s)
[108/250] seed=3110 uniform    h0=3.92e-04 u_in=0.26 south->south conv=True  newton=  9 gmres=   58    0.3s  (wall    25.5s)
[109/250] seed=3111 serpentine h0=3.05e-04 u_in=0.54 north->west conv=True  newton=  8 gmres=   64    0.2s  (wall    25.6s)
[110/250] seed=3112 sin2d      h0=3.20e-04 u_in=0.31 east->south conv=True  newton= 11 gmres=   77    0.2s  (wall    25.7s)
[111/250] seed=3113 sin2d      h0=3.75e-04 u_in=0.42 west->east conv=True  newton=  9 gmres=   76    0.3s  (wall    25.8s)
[112/250] seed=3115 quad       h0=8.16e-04 u_in=0.99 east->west conv=True  newton= 11 gmres=   97    0.3s  (wall    26.2s)
[113/250] seed=3114 pins       h0=1.80e-03 u_in=0.34 west->east conv=True  newton= 17 gmres=  288    0.6s  (wall    26.3s)
[114/250] seed=3116 uniform    h0=3.78e-04 u_in=0.13 west->east conv=True  newton=  7 gmres=   50    0.2s  (wall    26.4s)
[115/250] seed=3117 uturn      h0=7.08e-04 u_in=0.87 west->west conv=True  newton= 15 gmres=  564    1.0s  (wall    27.3s)
[116/250] seed=3118 quad       h0=1.70e-03 u_in=2.00 east->south conv=True  newton= 32 gmres=  725    1.2s  (wall    27.6s)
[117/250] seed=3119 blobs      h0=1.94e-03 u_in=0.36 west->west conv=True  newton= 20 gmres=  310    0.6s  (wall    27.9s)
[118/250] seed=3121 serpentine h0=8.71e-04 u_in=0.22 east->north conv=True  newton= 11 gmres=  177    0.3s  (wall    28.2s)
multiprocessing.pool.RemoteTraceback: 
"""
Traceback (most recent call last):
  File "/usr/lib/python3.14/multiprocessing/pool.py", line 125, in worker
    result = (True, func(*args, **kwds))
                    ~~~~^^^^^^^^^^^^^^^
  File "/home/nishioka/work/ykep-cae/nsbm/dataset.py", line 114, in _solve_seed
    return solve_sample(seed, settings=settings)
  File "/home/nishioka/work/ykep-cae/nsbm/dataset.py", line 49, in solve_sample
    theta = sample_theta(seed, families)
  File "/home/nishioka/work/ykep-cae/nsbm/families.py", line 192, in sample_theta
    inlet, outlet = _sample_ports(rng, walls)
                    ~~~~~~~~~~~~~^^^^^^^^^^^^
  File "/home/nishioka/work/ykep-cae/nsbm/families.py", line 129, in _sample_ports
    raise RuntimeError("inlet/outlet が重ならない配置を 20 回で見つけられませんでした")
RuntimeError: inlet/outlet が重ならない配置を 20 回で見つけられませんでした
"""

The above exception was the direct cause of the following exception:

Traceback (most recent call last):
  File "/home/nishioka/work/ykep-cae/experiments/nsbm/gen.py", line 56, in <module>
    main()
    ~~~~^^
  File "/home/nishioka/work/ykep-cae/experiments/nsbm/gen.py", line 44, in main
    paths = generate(
        range(args.seed0, args.seed0 + args.n),
    ...<4 lines>...
        settings=NSBSettings(newton_max_iter=args.max_iter),
    )
  File "/home/nishioka/work/ykep-cae/nsbm/dataset.py", line 135, in generate
    for s in pool.imap_unordered(_solve_seed, [(int(s), settings) for s in seeds], chunksize=1):
             ~~~~~~~~~~~~~~~~~~~^^^^^^^^^^^^^^^^^^^^^^^^^^^^^^^^^^^^^^^^^^^^^^^^^^^^^^^^^^^^^^^
  File "/usr/lib/python3.14/multiprocessing/pool.py", line 873, in next
    raise value
RuntimeError: inlet/outlet が重ならない配置を 20 回で見つけられませんでした
=== chunk seed0=3250 n=250 workers=5 (other load ~15 cores) 01:12:17
generate n=250 seed0=3250 workers=5 out=experiments/nsbm/data
[1/250] seed=3252 pins       h0=3.32e-04 u_in=0.11 west->east conv=True  newton=  7 gmres=   41    0.4s  (wall     0.8s)
[2/250] seed=3254 blobs      h0=3.10e-04 u_in=0.15 west->south conv=True  newton=  8 gmres=   71    0.4s  (wall     0.8s)
[3/250] seed=3250 serpentine h0=9.84e-04 u_in=0.17 north->east conv=True  newton=  9 gmres=  142    0.5s  (wall     0.8s)
[4/250] seed=3255 uniform    h0=6.24e-04 u_in=0.44 east->east conv=True  newton= 11 gmres=  101    0.4s  (wall     1.2s)
[5/250] seed=3257 uturn      h0=4.29e-04 u_in=0.49 west->west conv=True  newton= 11 gmres=   91    0.4s  (wall     1.2s)
[6/250] seed=3256 sin2d      h0=8.45e-04 u_in=0.27 west->south conv=True  newton= 13 gmres=  141    0.4s  (wall     1.2s)
[7/250] seed=3259 pins       h0=4.37e-04 u_in=0.50 east->north conv=True  newton= 11 gmres=   77    0.4s  (wall     1.6s)
[8/250] seed=3261 blobs      h0=4.25e-04 u_in=0.12 west->south conv=True  newton=  9 gmres=  102    0.3s  (wall     1.9s)
[9/250] seed=3262 quad       h0=1.44e-03 u_in=0.13 north->east conv=True  newton= 11 gmres=  120    0.6s  (wall     2.6s)
[10/250] seed=3260 pins       h0=1.93e-03 u_in=0.41 east->north conv=True  newton= 20 gmres= 1142    1.9s  (wall     3.2s)
[11/250] seed=3264 blobs      h0=4.52e-04 u_in=1.19 south->west conv=True  newton= 14 gmres=  155    0.6s  (wall     3.8s)
[12/250] seed=3263 serpentine h0=1.12e-03 u_in=1.11 west->west conv=True  newton= 16 gmres=  859    1.5s  (wall     4.0s)
[13/250] seed=3265 blobs      h0=3.53e-04 u_in=0.33 south->east conv=True  newton=  8 gmres=   72    0.3s  (wall     4.1s)
[14/250] seed=3267 blobs      h0=9.94e-04 u_in=0.10 north->south conv=True  newton=  9 gmres=  115    0.3s  (wall     4.4s)
[15/250] seed=3266 sin2d      h0=3.50e-04 u_in=0.64 east->south conv=True  newton= 13 gmres=  115    0.3s  (wall     4.4s)
[16/250] seed=3269 sin2d      h0=3.96e-04 u_in=1.39 south->south conv=True  newton= 12 gmres=  105    0.3s  (wall     4.6s)
[17/250] seed=3251 serpentine h0=9.52e-04 u_in=0.54 east->south conv=True  newton=126 gmres= 3045    4.5s  (wall     4.9s)
[18/250] seed=3271 pins       h0=6.53e-04 u_in=0.56 east->south conv=True  newton= 11 gmres=  111    0.3s  (wall     5.2s)
[19/250] seed=3253 uturn      h0=1.61e-03 u_in=0.12 west->west conv=False newton=200 gmres= 2804    5.2s  (wall     5.6s)
[20/250] seed=3272 quad       h0=2.94e-03 u_in=0.30 north->east conv=True  newton= 32 gmres=  600    0.9s  (wall     6.1s)
[21/250] seed=3273 uturn      h0=2.59e-03 u_in=0.64 west->west conv=True  newton= 17 gmres=  354    0.8s  (wall     6.4s)
[22/250] seed=3274 sin2d      h0=3.61e-04 u_in=1.23 south->north conv=True  newton= 13 gmres=  113    0.4s  (wall     6.4s)
[23/250] seed=3258 grf        h0=1.82e-03 u_in=0.81 east->west conv=False newton=200 gmres= 4094    7.2s  (wall     8.4s)
[24/250] seed=3275 sin2d      h0=2.06e-03 u_in=1.96 west->east conv=True  newton= 30 gmres= 1120    2.4s  (wall     8.8s)
[25/250] seed=3277 uniform    h0=1.90e-03 u_in=1.17 east->east conv=True  newton= 26 gmres=  632    1.0s  (wall     9.4s)
[26/250] seed=3278 grf        h0=9.37e-04 u_in=1.55 north->south conv=True  newton= 24 gmres=  463    0.7s  (wall     9.6s)
[27/250] seed=3279 sin2d      h0=1.08e-03 u_in=0.72 south->south conv=True  newton= 13 gmres=  174    0.4s  (wall     9.8s)
[28/250] seed=3280 pins       h0=5.35e-04 u_in=0.12 west->east conv=True  newton=  8 gmres=   66    0.3s  (wall     9.8s)
[29/250] seed=3276 serpentine h0=2.51e-03 u_in=0.40 south->east conv=False newton=200 gmres= 2521    3.6s  (wall    10.0s)
[30/250] seed=3282 uniform    h0=3.86e-04 u_in=0.54 east->west conv=True  newton=  9 gmres=   60    0.3s  (wall    10.1s)
[31/250] seed=3281 grf        h0=5.34e-04 u_in=0.79 west->south conv=True  newton= 18 gmres=  257    0.5s  (wall    10.3s)
[32/250] seed=3283 blobs      h0=9.98e-04 u_in=0.85 west->east conv=True  newton= 14 gmres=  197    0.5s  (wall    10.6s)
[33/250] seed=3270 serpentine h0=2.14e-03 u_in=0.29 west->east conv=True  newton=132 gmres= 4175    6.0s  (wall    10.6s)
[34/250] seed=3285 uniform    h0=1.04e-03 u_in=0.15 north->west conv=True  newton= 11 gmres=  100    0.3s  (wall    10.7s)
[35/250] seed=3268 blobs      h0=2.38e-03 u_in=1.10 north->north conv=False newton=200 gmres= 4314    6.5s  (wall    10.8s)
[36/250] seed=3286 quad       h0=4.21e-04 u_in=1.80 north->north conv=True  newton= 12 gmres=  118    0.4s  (wall    10.9s)
[37/250] seed=3290 pins       h0=4.90e-04 u_in=0.64 north->south conv=True  newton= 10 gmres=   79    0.3s  (wall    11.2s)
[38/250] seed=3289 grf        h0=3.04e-04 u_in=1.03 south->west conv=True  newton= 13 gmres=  139    0.5s  (wall    11.4s)
[39/250] seed=3291 grf        h0=6.52e-04 u_in=0.24 east->south conv=True  newton= 22 gmres=  332    0.6s  (wall    11.8s)
[40/250] seed=3292 grf        h0=9.02e-04 u_in=1.14 south->west conv=True  newton= 16 gmres=  282    0.8s  (wall    12.1s)
[41/250] seed=3293 blobs      h0=2.43e-03 u_in=0.19 west->south conv=True  newton= 18 gmres=  410    0.7s  (wall    12.5s)
[42/250] seed=3284 quad       h0=2.55e-03 u_in=1.99 south->north conv=True  newton=182 gmres= 2470    4.2s  (wall    14.3s)
[43/250] seed=3288 grf        h0=2.86e-03 u_in=0.83 west->east conv=True  newton=107 gmres= 3077    4.6s  (wall    15.3s)
[44/250] seed=3296 uturn      h0=2.49e-03 u_in=0.31 west->west conv=True  newton= 14 gmres=  753    1.1s  (wall    15.4s)
[45/250] seed=3297 uturn      h0=3.24e-04 u_in=0.97 west->west conv=True  newton= 12 gmres=   92    0.3s  (wall    15.5s)
[46/250] seed=3298 grf        h0=3.75e-04 u_in=0.10 north->east conv=True  newton= 10 gmres=   90    0.3s  (wall    15.7s)
[47/250] seed=3299 sin2d      h0=1.11e-03 u_in=0.62 north->west conv=True  newton= 18 gmres=  243    0.4s  (wall    16.0s)
[48/250] seed=3300 grf        h0=1.71e-03 u_in=0.29 south->north conv=True  newton= 12 gmres=  165    0.6s  (wall    16.4s)
[49/250] seed=3301 sin2d      h0=9.80e-04 u_in=0.36 east->south conv=True  newton= 13 gmres=  165    0.4s  (wall    16.4s)
[50/250] seed=3302 grf        h0=6.10e-04 u_in=0.51 east->east conv=True  newton= 10 gmres=   71    0.3s  (wall    16.6s)
[51/250] seed=3303 uturn      h0=1.23e-03 u_in=0.20 west->west conv=True  newton= 10 gmres=  193    0.3s  (wall    16.7s)
[52/250] seed=3305 quad       h0=2.49e-03 u_in=0.15 north->east conv=True  newton= 22 gmres=  270    0.6s  (wall    17.3s)
[53/250] seed=3295 uturn      h0=1.68e-03 u_in=1.04 west->west conv=False newton=200 gmres= 3415    5.1s  (wall    17.5s)
[54/250] seed=3306 grf        h0=1.54e-03 u_in=0.21 west->north conv=True  newton= 13 gmres=  125    0.3s  (wall    17.6s)
[55/250] seed=3294 serpentine h0=2.97e-03 u_in=1.46 west->south conv=False newton=200 gmres= 4133    5.7s  (wall    17.8s)
[56/250] seed=3307 blobs      h0=4.60e-04 u_in=0.18 east->west conv=True  newton= 10 gmres=  122    0.3s  (wall    17.8s)
[57/250] seed=3308 uniform    h0=2.15e-03 u_in=0.12 west->north conv=True  newton= 14 gmres=  185    0.4s  (wall    18.0s)
[58/250] seed=3309 uturn      h0=8.81e-04 u_in=0.27 west->west conv=True  newton= 11 gmres=  176    0.4s  (wall    18.2s)
[59/250] seed=3312 uturn      h0=7.58e-04 u_in=0.33 west->west conv=True  newton= 11 gmres=  167    0.3s  (wall    18.5s)
[60/250] seed=3310 uniform    h0=2.54e-03 u_in=0.31 south->east conv=True  newton= 29 gmres=  487    0.9s  (wall    18.7s)
[61/250] seed=3313 quad       h0=9.57e-04 u_in=1.98 south->south conv=True  newton= 22 gmres=  443    0.8s  (wall    19.3s)
[62/250] seed=3304 serpentine h0=2.22e-03 u_in=0.11 south->north conv=False newton=200 gmres= 3015    4.4s  (wall    21.0s)
[63/250] seed=3316 pins       h0=2.14e-03 u_in=0.36 south->east conv=True  newton= 22 gmres=  407    0.7s  (wall    21.7s)
[64/250] seed=3287 serpentine h0=2.91e-03 u_in=0.62 north->west conv=False newton=200 gmres=10189   12.9s  (wall    23.5s)
[65/250] seed=3311 serpentine h0=7.69e-04 u_in=0.44 east->west conv=False newton=200 gmres= 3578    5.7s  (wall    23.7s)
[66/250] seed=3319 serpentine h0=3.46e-04 u_in=0.10 north->south conv=True  newton=  7 gmres=   75    0.2s  (wall    23.9s)
[67/250] seed=3320 uturn      h0=3.65e-04 u_in=0.37 west->west conv=True  newton= 11 gmres=  158    0.3s  (wall    24.2s)
[68/250] seed=3317 serpentine h0=2.27e-03 u_in=0.45 south->east conv=False newton=200 gmres= 1977    3.0s  (wall    24.7s)
[69/250] seed=3318 uturn      h0=3.88e-04 u_in=1.92 west->west conv=True  newton= 37 gmres= 1758    2.2s  (wall    25.7s)
[70/250] seed=3323 grf        h0=1.75e-03 u_in=0.24 east->north conv=True  newton= 34 gmres=  500    0.9s  (wall    26.6s)
[71/250] seed=3321 grf        h0=1.54e-03 u_in=0.97 south->north conv=False newton=200 gmres= 1449    2.7s  (wall    26.9s)
[72/250] seed=3314 quad       h0=7.80e-04 u_in=1.39 south->east conv=False newton=200 gmres= 5787    8.5s  (wall    27.2s)
[73/250] seed=3322 blobs      h0=2.48e-03 u_in=0.60 east->north conv=True  newton= 48 gmres= 1860    2.6s  (wall    27.3s)
[74/250] seed=3325 uturn      h0=1.19e-03 u_in=0.44 west->west conv=True  newton= 12 gmres=  272    0.4s  (wall    27.4s)
[75/250] seed=3327 pins       h0=1.17e-03 u_in=0.58 north->north conv=True  newton= 15 gmres=  178    0.4s  (wall    27.7s)
[76/250] seed=3326 serpentine h0=7.14e-04 u_in=1.00 east->east conv=True  newton= 15 gmres=  253    0.5s  (wall    27.8s)
[77/250] seed=3329 pins       h0=1.06e-03 u_in=0.12 west->east conv=True  newton= 10 gmres=   94    0.3s  (wall    28.0s)
[78/250] seed=3330 blobs      h0=4.39e-04 u_in=0.18 south->north conv=True  newton=  9 gmres=   89    0.3s  (wall    28.1s)
[79/250] seed=3328 blobs      h0=2.22e-03 u_in=0.24 north->south conv=True  newton= 16 gmres=  487    0.8s  (wall    28.2s)
[80/250] seed=3331 uturn      h0=3.53e-04 u_in=0.25 west->west conv=True  newton=  8 gmres=   62    0.2s  (wall    28.2s)
[81/250] seed=3333 quad       h0=4.43e-04 u_in=0.10 east->west conv=True  newton=  9 gmres=   77    0.2s  (wall    28.4s)
[82/250] seed=3332 quad       h0=4.99e-04 u_in=1.33 west->south conv=True  newton= 11 gmres=  131    0.3s  (wall    28.4s)
[83/250] seed=3334 sin2d      h0=6.27e-04 u_in=1.69 north->north conv=True  newton= 15 gmres=  168    0.4s  (wall    28.5s)
[84/250] seed=3337 uniform    h0=5.13e-04 u_in=0.14 east->north conv=True  newton=  8 gmres=   62    0.2s  (wall    28.8s)
[85/250] seed=3338 uturn      h0=3.60e-04 u_in=0.22 west->west conv=True  newton= 10 gmres=   88    0.3s  (wall    29.0s)
[86/250] seed=3336 sin2d      h0=1.15e-03 u_in=1.68 west->south conv=True  newton= 21 gmres=  379    0.7s  (wall    29.1s)
[87/250] seed=3315 serpentine h0=2.47e-03 u_in=0.55 north->west conv=False newton=200 gmres= 7130    9.8s  (wall    29.1s)
[88/250] seed=3340 blobs      h0=6.92e-04 u_in=0.30 east->south conv=True  newton= 11 gmres=   94    0.3s  (wall    29.3s)
[89/250] seed=3335 pins       h0=1.17e-03 u_in=1.23 north->west conv=True  newton= 19 gmres=  709    1.0s  (wall    29.4s)
[90/250] seed=3341 quad       h0=7.64e-04 u_in=0.52 west->north conv=True  newton= 12 gmres=  183    0.4s  (wall    29.5s)
[91/250] seed=3342 pins       h0=1.02e-03 u_in=0.14 east->north conv=True  newton= 10 gmres=   82    0.3s  (wall    29.6s)
[92/250] seed=3343 blobs      h0=1.12e-03 u_in=0.12 east->north conv=True  newton=  9 gmres=  116    0.3s  (wall    29.7s)
[93/250] seed=3344 quad       h0=1.19e-03 u_in=0.24 east->west conv=True  newton= 12 gmres=  152    0.4s  (wall    29.9s)
[94/250] seed=3346 grf        h0=4.60e-04 u_in=0.32 south->west conv=True  newton=  7 gmres=   49    0.2s  (wall    29.9s)
[95/250] seed=3324 serpentine h0=2.22e-03 u_in=1.03 west->north conv=False newton=200 gmres= 2264    3.4s  (wall    30.0s)
[96/250] seed=3349 quad       h0=5.45e-04 u_in=0.11 north->north conv=True  newton=  8 gmres=   58    0.2s  (wall    30.3s)
[97/250] seed=3348 blobs      h0=2.21e-03 u_in=0.32 east->north conv=True  newton= 20 gmres=  337    0.6s  (wall    30.5s)
[98/250] seed=3347 quad       h0=2.32e-03 u_in=0.39 west->south conv=True  newton= 20 gmres=  379    0.7s  (wall    30.6s)
[99/250] seed=3350 sin2d      h0=7.18e-04 u_in=1.69 north->east conv=True  newton= 17 gmres=  255    0.5s  (wall    30.8s)
[100/250] seed=3345 quad       h0=1.33e-03 u_in=1.39 east->east conv=True  newton= 32 gmres=  782    1.3s  (wall    30.9s)
[101/250] seed=3353 grf        h0=5.86e-04 u_in=0.77 north->west conv=True  newton= 11 gmres=   94    0.3s  (wall    31.1s)
[102/250] seed=3355 blobs      h0=7.27e-04 u_in=0.43 east->west conv=True  newton= 12 gmres=  135    0.3s  (wall    31.5s)
[103/250] seed=3356 pins       h0=8.97e-04 u_in=1.04 east->north conv=True  newton= 14 gmres=  195    0.4s  (wall    31.9s)
[104/250] seed=3357 grf        h0=3.74e-04 u_in=0.17 west->south conv=True  newton= 15 gmres=  139    0.4s  (wall    32.3s)
[105/250] seed=3358 uniform    h0=3.61e-04 u_in=0.44 north->west conv=True  newton=  8 gmres=   54    0.2s  (wall    32.5s)
[106/250] seed=3352 serpentine h0=1.31e-03 u_in=0.12 south->south conv=True  newton= 53 gmres= 1802    2.6s  (wall    33.2s)
[107/250] seed=3339 uturn      h0=1.18e-03 u_in=0.49 west->west conv=True  newton=142 gmres= 3192    4.5s  (wall    33.5s)
[108/250] seed=3359 grf        h0=5.53e-04 u_in=0.79 west->east conv=True  newton= 34 gmres=  743    1.2s  (wall    33.7s)
[109/250] seed=3360 uniform    h0=2.51e-03 u_in=0.26 north->east conv=True  newton= 23 gmres=  319    0.6s  (wall    33.8s)
[110/250] seed=3361 grf        h0=4.79e-04 u_in=0.22 north->west conv=True  newton= 15 gmres=  186    0.4s  (wall    33.9s)
[111/250] seed=3362 uturn      h0=7.86e-04 u_in=1.14 west->west conv=True  newton= 13 gmres=  315    0.5s  (wall    34.2s)
[112/250] seed=3363 uturn      h0=1.19e-03 u_in=1.49 west->west conv=True  newton= 15 gmres=  213    0.4s  (wall    34.2s)
[113/250] seed=3366 serpentine h0=1.28e-03 u_in=0.13 west->east conv=True  newton= 10 gmres=  160    0.3s  (wall    34.6s)
[114/250] seed=3365 serpentine h0=7.90e-04 u_in=0.84 south->west conv=True  newton= 13 gmres=  235    0.4s  (wall    34.6s)
[115/250] seed=3367 pins       h0=6.64e-04 u_in=0.17 west->east conv=True  newton= 10 gmres=   83    0.3s  (wall    34.8s)
[116/250] seed=3369 quad       h0=4.45e-04 u_in=0.42 east->south conv=True  newton=  9 gmres=   65    0.3s  (wall    35.1s)
[117/250] seed=3354 serpentine h0=2.38e-03 u_in=0.78 north->north conv=False newton=200 gmres= 3190    4.3s  (wall    35.2s)
[118/250] seed=3371 pins       h0=6.85e-04 u_in=1.10 north->west conv=True  newton= 14 gmres=  189    0.5s  (wall    35.7s)
[119/250] seed=3364 grf        h0=2.93e-03 u_in=0.36 south->north conv=True  newton= 76 gmres= 1170    2.0s  (wall    35.9s)
[120/250] seed=3372 uturn      h0=5.50e-04 u_in=0.17 west->west conv=True  newton=  8 gmres=   64    0.2s  (wall    35.9s)
[121/250] seed=3374 quad       h0=1.04e-03 u_in=0.16 north->east conv=True  newton= 10 gmres=   89    0.3s  (wall    36.2s)
[122/250] seed=3351 serpentine h0=1.19e-03 u_in=0.80 west->south conv=False newton=200 gmres= 4339    5.8s  (wall    36.3s)
[123/250] seed=3376 uturn      h0=4.60e-04 u_in=0.53 west->west conv=True  newton= 11 gmres=  119    0.3s  (wall    36.6s)
[124/250] seed=3370 grf        h0=3.76e-04 u_in=0.43 east->west conv=True  newton= 82 gmres=  881    1.6s  (wall    36.7s)
[125/250] seed=3378 pins       h0=7.28e-04 u_in=0.40 south->south conv=True  newton= 10 gmres=   90    0.3s  (wall    37.0s)
[126/250] seed=3377 uniform    h0=1.09e-03 u_in=1.00 west->north conv=True  newton= 16 gmres=  231    0.5s  (wall    37.1s)
[127/250] seed=3379 blobs      h0=1.22e-03 u_in=0.90 east->south conv=True  newton= 17 gmres=  226    0.5s  (wall    37.4s)
[128/250] seed=3380 sin2d      h0=2.64e-03 u_in=0.19 west->south conv=True  newton= 27 gmres=  445    0.8s  (wall    37.9s)
[129/250] seed=3382 grf        h0=4.83e-04 u_in=0.39 south->east conv=True  newton= 11 gmres=  104    0.3s  (wall    38.2s)
[130/250] seed=3375 uturn      h0=3.94e-04 u_in=0.29 west->west conv=True  newton= 75 gmres= 1617    2.2s  (wall    38.4s)
[131/250] seed=3383 pins       h0=6.84e-04 u_in=1.12 north->south conv=True  newton= 14 gmres=  195    0.4s  (wall    38.6s)
[132/250] seed=3384 serpentine h0=2.40e-03 u_in=0.14 north->south conv=True  newton= 19 gmres=  424    0.7s  (wall    39.1s)
[133/250] seed=3386 uniform    h0=3.68e-04 u_in=0.38 west->east conv=True  newton= 10 gmres=   69    0.3s  (wall    39.3s)
[134/250] seed=3373 serpentine h0=3.05e-04 u_in=1.46 east->west conv=True  newton=115 gmres= 3882    5.1s  (wall    41.0s)
[135/250] seed=3387 sin2d      h0=2.27e-03 u_in=0.44 east->north conv=True  newton=110 gmres= 1241    2.3s  (wall    41.6s)
[136/250] seed=3368 serpentine h0=1.08e-03 u_in=1.24 north->south conv=False newton=200 gmres= 5051    7.3s  (wall    41.9s)
[137/250] seed=3389 sin2d      h0=3.57e-04 u_in=1.75 west->south conv=True  newton= 12 gmres=  102    0.3s  (wall    41.9s)
[138/250] seed=3390 grf        h0=5.17e-04 u_in=0.11 south->east conv=True  newton=  8 gmres=   61    0.2s  (wall    42.1s)
[139/250] seed=3381 serpentine h0=8.56e-04 u_in=1.06 north->south conv=True  newton= 98 gmres= 3406    4.9s  (wall    42.3s)
[140/250] seed=3385 blobs      h0=1.79e-03 u_in=0.66 north->south conv=False newton=200 gmres= 2309    3.8s  (wall    42.4s)
[141/250] seed=3394 uturn      h0=4.18e-04 u_in=0.35 west->west conv=True  newton= 11 gmres=  122    0.3s  (wall    42.7s)
[142/250] seed=3393 sin2d      h0=4.65e-04 u_in=1.90 south->south conv=True  newton= 14 gmres=  167    0.4s  (wall    42.7s)
[143/250] seed=3392 uniform    h0=2.75e-03 u_in=0.32 north->south conv=True  newton= 26 gmres=  476    0.8s  (wall    42.9s)
[144/250] seed=3396 blobs      h0=3.19e-04 u_in=1.45 west->south conv=True  newton= 11 gmres=   79    0.3s  (wall    43.0s)
[145/250] seed=3395 blobs      h0=9.54e-04 u_in=1.32 west->south conv=True  newton= 15 gmres=  280    0.5s  (wall    43.2s)
[146/250] seed=3397 uturn      h0=6.40e-04 u_in=0.67 west->west conv=True  newton= 12 gmres=  181    0.4s  (wall    43.3s)
[147/250] seed=3398 grf        h0=4.96e-04 u_in=0.18 south->south conv=True  newton= 12 gmres=   92    0.3s  (wall    43.3s)
[148/250] seed=3400 blobs      h0=4.52e-04 u_in=0.18 north->west conv=True  newton=  9 gmres=  113    0.3s  (wall    43.6s)
[149/250] seed=3399 serpentine h0=2.76e-03 u_in=0.14 east->west conv=True  newton= 13 gmres=  433    0.7s  (wall    43.9s)
[150/250] seed=3402 sin2d      h0=1.72e-03 u_in=1.09 south->west conv=True  newton= 25 gmres=  555    0.9s  (wall    44.5s)
[151/250] seed=3403 uturn      h0=2.08e-03 u_in=0.19 west->west conv=True  newton= 15 gmres=  705    1.0s  (wall    44.9s)
[152/250] seed=3404 sin2d      h0=2.69e-03 u_in=0.13 west->east conv=True  newton= 18 gmres=  331    0.6s  (wall    45.1s)
[153/250] seed=3405 quad       h0=3.39e-04 u_in=0.21 north->east conv=True  newton=  8 gmres=   53    0.2s  (wall    45.2s)
[154/250] seed=3406 blobs      h0=4.06e-04 u_in=0.11 west->south conv=True  newton=  7 gmres=   51    0.2s  (wall    45.3s)
[155/250] seed=3408 quad       h0=6.65e-04 u_in=0.69 south->north conv=True  newton= 12 gmres=  124    0.4s  (wall    45.7s)
[156/250] seed=3407 uturn      h0=6.63e-04 u_in=0.77 west->west conv=True  newton= 14 gmres=  313    0.5s  (wall    45.7s)
[157/250] seed=3388 uturn      h0=2.28e-03 u_in=1.72 west->west conv=False newton=200 gmres= 3276    4.9s  (wall    46.0s)
[158/250] seed=3409 uturn      h0=8.06e-04 u_in=0.56 west->west conv=True  newton= 11 gmres=  170    0.3s  (wall    46.0s)
[159/250] seed=3410 grf        h0=3.15e-04 u_in=1.36 north->west conv=True  newton= 17 gmres=  191    0.5s  (wall    46.2s)
[160/250] seed=3411 uturn      h0=6.52e-04 u_in=0.24 west->west conv=True  newton= 11 gmres=   88    0.3s  (wall    46.2s)
[161/250] seed=3412 uturn      h0=5.02e-04 u_in=1.82 west->west conv=True  newton= 13 gmres=  259    0.5s  (wall    46.5s)
[162/250] seed=3414 serpentine h0=6.49e-04 u_in=0.42 west->south conv=True  newton= 11 gmres=  138    0.3s  (wall    46.5s)
[163/250] seed=3413 uniform    h0=2.55e-03 u_in=0.11 west->east conv=True  newton= 16 gmres=  230    0.5s  (wall    46.7s)
[164/250] seed=3415 uniform    h0=3.76e-04 u_in=1.83 north->south conv=True  newton= 12 gmres=  109    0.3s  (wall    46.8s)
[165/250] seed=3416 blobs      h0=1.54e-03 u_in=0.13 north->south conv=True  newton= 12 gmres=  224    0.4s  (wall    47.0s)
[166/250] seed=3417 sin2d      h0=6.02e-04 u_in=0.17 south->west conv=True  newton= 12 gmres=  110    0.3s  (wall    47.0s)
[167/250] seed=3418 sin2d      h0=1.10e-03 u_in=1.25 east->north conv=True  newton= 25 gmres=  496    1.0s  (wall    47.8s)
[168/250] seed=3391 sin2d      h0=2.47e-03 u_in=1.04 east->east conv=True  newton=163 gmres= 4019    6.0s  (wall    47.9s)
[169/250] seed=3422 grf        h0=1.51e-03 u_in=0.27 east->south conv=True  newton=  9 gmres=  102    0.3s  (wall    48.2s)
[170/250] seed=3420 quad       h0=2.70e-03 u_in=0.64 west->north conv=True  newton= 36 gmres=  906    1.4s  (wall    48.4s)
[171/250] seed=3419 serpentine h0=5.75e-04 u_in=0.29 west->south conv=True  newton= 20 gmres= 1074    1.5s  (wall    48.5s)
[172/250] seed=3423 grf        h0=2.27e-03 u_in=0.14 west->east conv=True  newton= 14 gmres=  325    0.6s  (wall    48.8s)
[173/250] seed=3401 serpentine h0=7.31e-04 u_in=1.10 north->east conv=False newton=200 gmres= 4797    6.4s  (wall    49.7s)
[174/250] seed=3427 blobs      h0=8.61e-04 u_in=0.16 west->west conv=True  newton= 11 gmres=   77    0.3s  (wall    50.0s)
[175/250] seed=3428 pins       h0=1.27e-03 u_in=0.79 north->west conv=True  newton= 18 gmres=  300    0.6s  (wall    50.6s)
[176/250] seed=3421 serpentine h0=1.32e-03 u_in=0.85 east->north conv=True  newton= 52 gmres= 2886    3.5s  (wall    51.2s)
[177/250] seed=3425 blobs      h0=1.34e-03 u_in=0.67 north->south conv=False newton=200 gmres= 1684    3.0s  (wall    51.5s)
[178/250] seed=3431 serpentine h0=3.17e-04 u_in=0.11 east->west conv=True  newton=  7 gmres=   54    0.2s  (wall    51.7s)
[179/250] seed=3430 uniform    h0=6.83e-04 u_in=1.75 south->north conv=True  newton= 15 gmres=  220    0.5s  (wall    51.7s)
[180/250] seed=3424 sin2d      h0=2.27e-03 u_in=0.99 south->west conv=True  newton= 69 gmres= 2063    3.5s  (wall    51.8s)
[181/250] seed=3426 grf        h0=2.52e-03 u_in=1.35 south->east conv=False newton=200 gmres= 1651    3.1s  (wall    51.9s)
[182/250] seed=3434 uniform    h0=9.41e-04 u_in=0.14 west->north conv=True  newton= 10 gmres=   90    0.3s  (wall    52.1s)
[183/250] seed=3435 quad       h0=5.63e-04 u_in=0.27 west->south conv=True  newton=  9 gmres=   72    0.2s  (wall    52.1s)
[184/250] seed=3437 grf        h0=4.38e-04 u_in=0.20 west->north conv=True  newton= 10 gmres=   77    0.3s  (wall    52.4s)
[185/250] seed=3438 serpentine h0=3.58e-04 u_in=0.25 west->east conv=True  newton=  8 gmres=   98    0.2s  (wall    52.6s)
[186/250] seed=3439 serpentine h0=4.77e-04 u_in=0.55 south->west conv=True  newton= 11 gmres=  138    0.3s  (wall    52.9s)
[187/250] seed=3440 uturn      h0=1.44e-03 u_in=0.12 west->west conv=True  newton= 10 gmres=  177    0.4s  (wall    53.3s)
[188/250] seed=3436 blobs      h0=2.61e-03 u_in=0.37 east->west conv=True  newton= 44 gmres= 2190    2.8s  (wall    54.9s)
[189/250] seed=3442 blobs      h0=6.15e-04 u_in=0.46 south->east conv=True  newton= 11 gmres=  144    0.3s  (wall    55.2s)
[190/250] seed=3443 uturn      h0=6.29e-04 u_in=0.36 west->west conv=True  newton= 12 gmres=  228    0.5s  (wall    55.7s)
[191/250] seed=3444 uniform    h0=5.71e-04 u_in=0.47 north->west conv=True  newton= 11 gmres=   82    0.3s  (wall    56.0s)
[192/250] seed=3429 uturn      h0=2.97e-03 u_in=1.00 west->west conv=False newton=200 gmres= 4067    5.7s  (wall    56.3s)
[193/250] seed=3445 uniform    h0=3.41e-04 u_in=1.94 south->east conv=True  newton= 11 gmres=  101    0.3s  (wall    56.3s)
[194/250] seed=3441 quad       h0=2.17e-03 u_in=1.55 south->north conv=True  newton= 62 gmres= 1940    3.1s  (wall    56.4s)
[195/250] seed=3448 pins       h0=3.98e-04 u_in=0.76 south->east conv=True  newton=  9 gmres=   74    0.3s  (wall    56.7s)
[196/250] seed=3447 blobs      h0=2.21e-03 u_in=0.14 north->east conv=True  newton= 15 gmres=  213    0.4s  (wall    56.7s)
[197/250] seed=3433 grf        h0=1.80e-03 u_in=1.94 north->south conv=True  newton=130 gmres= 2605    5.0s  (wall    56.8s)
[198/250] seed=3446 blobs      h0=2.34e-03 u_in=0.28 north->south conv=True  newton= 20 gmres=  315    0.5s  (wall    56.8s)
[199/250] seed=3451 uturn      h0=2.98e-03 u_in=0.15 west->west conv=True  newton= 14 gmres=  202    0.4s  (wall    57.2s)
[200/250] seed=3452 serpentine h0=1.16e-03 u_in=0.23 north->south conv=True  newton= 12 gmres=  249    0.4s  (wall    57.2s)
[201/250] seed=3432 uturn      h0=2.06e-03 u_in=0.49 west->west conv=False newton=200 gmres= 3596    5.6s  (wall    57.4s)
[202/250] seed=3455 pins       h0=9.49e-04 u_in=1.41 south->north conv=True  newton= 25 gmres=  834    1.3s  (wall    58.7s)
[203/250] seed=3456 blobs      h0=1.06e-03 u_in=0.59 east->north conv=True  newton= 14 gmres=  291    0.5s  (wall    59.1s)
[204/250] seed=3454 pins       h0=1.93e-03 u_in=1.31 south->north conv=True  newton= 52 gmres= 1538    2.9s  (wall    60.2s)
[205/250] seed=3457 uturn      h0=2.60e-03 u_in=0.23 west->west conv=True  newton= 14 gmres=  617    1.2s  (wall    60.3s)
[206/250] seed=3458 grf        h0=3.32e-04 u_in=1.29 north->south conv=True  newton= 11 gmres=  119    0.3s  (wall    60.5s)
[207/250] seed=3460 quad       h0=1.14e-03 u_in=0.26 west->east conv=True  newton= 12 gmres=  125    0.3s  (wall    60.8s)
[208/250] seed=3461 blobs      h0=1.03e-03 u_in=0.26 south->north conv=True  newton= 11 gmres=  108    0.3s  (wall    61.1s)
[209/250] seed=3462 uniform    h0=1.46e-03 u_in=1.38 south->south conv=True  newton= 27 gmres=  528    0.9s  (wall    62.0s)
[210/250] seed=3459 pins       h0=2.26e-03 u_in=1.25 east->east conv=True  newton= 30 gmres=  833    1.8s  (wall    62.1s)
[211/250] seed=3449 uturn      h0=2.65e-03 u_in=0.93 west->west conv=True  newton= 31 gmres= 3235    5.5s  (wall    62.1s)
[212/250] seed=3464 blobs      h0=3.46e-04 u_in=0.28 east->south conv=True  newton= 10 gmres=  113    0.3s  (wall    62.5s)
[213/250] seed=3453 grf        h0=2.73e-03 u_in=1.25 west->east conv=False newton=200 gmres= 2861    5.5s  (wall    62.6s)
[214/250] seed=3465 uniform    h0=4.50e-04 u_in=1.45 south->west conv=True  newton= 13 gmres=  126    0.5s  (wall    62.7s)
[215/250] seed=3463 blobs      h0=1.18e-03 u_in=0.76 west->south conv=True  newton= 14 gmres=  426    0.7s  (wall    62.7s)
[216/250] seed=3466 pins       h0=9.32e-04 u_in=0.10 north->east conv=True  newton= 11 gmres=   99    0.3s  (wall    62.8s)
[217/250] seed=3467 grf        h0=3.38e-04 u_in=0.12 south->west conv=True  newton=  7 gmres=   51    0.2s  (wall    62.9s)
[218/250] seed=3468 serpentine h0=6.17e-04 u_in=0.25 south->south conv=True  newton= 10 gmres=  159    0.5s  (wall    63.2s)
[219/250] seed=3471 grf        h0=1.47e-03 u_in=0.44 east->west conv=True  newton= 14 gmres=  189    0.5s  (wall    63.3s)
[220/250] seed=3450 serpentine h0=2.79e-03 u_in=0.58 north->east conv=False newton=200 gmres= 5240    6.9s  (wall    63.6s)
[221/250] seed=3474 quad       h0=1.52e-03 u_in=0.32 west->east conv=True  newton= 15 gmres=  201    0.4s  (wall    64.0s)
[222/250] seed=3469 quad       h0=2.32e-03 u_in=0.99 west->south conv=True  newton= 31 gmres=  756    1.5s  (wall    64.2s)
[223/250] seed=3476 sin2d      h0=1.05e-03 u_in=0.74 west->east conv=True  newton= 16 gmres=  287    0.6s  (wall    64.8s)
[224/250] seed=3477 pins       h0=2.03e-03 u_in=0.29 east->west conv=True  newton= 18 gmres=  292    0.7s  (wall    65.5s)
[225/250] seed=3473 uniform    h0=2.59e-03 u_in=1.25 east->west conv=True  newton= 52 gmres= 1415    3.3s  (wall    66.6s)
[226/250] seed=3479 grf        h0=1.19e-03 u_in=0.36 south->west conv=True  newton= 24 gmres=  296    0.6s  (wall    67.2s)
[227/250] seed=3478 grf        h0=1.82e-03 u_in=1.32 east->south conv=True  newton= 41 gmres= 1016    1.8s  (wall    67.3s)
[228/250] seed=3472 grf        h0=2.80e-03 u_in=0.17 west->north conv=True  newton= 92 gmres= 2713    4.5s  (wall    67.7s)
[229/250] seed=3482 quad       h0=5.29e-04 u_in=0.77 east->east conv=True  newton= 12 gmres=  110    0.3s  (wall    68.0s)
[230/250] seed=3470 blobs      h0=1.49e-03 u_in=1.53 west->north conv=False newton=200 gmres= 3552    5.7s  (wall    68.4s)
[231/250] seed=3483 sin2d      h0=2.49e-03 u_in=0.21 south->south conv=True  newton= 27 gmres=  432    0.7s  (wall    68.7s)
[232/250] seed=3480 grf        h0=2.25e-03 u_in=1.34 west->north conv=True  newton= 23 gmres=  872    1.5s  (wall    68.7s)
[233/250] seed=3475 uturn      h0=1.38e-03 u_in=1.31 west->west conv=True  newton=121 gmres= 3281    4.7s  (wall    68.8s)
[234/250] seed=3485 quad       h0=7.84e-04 u_in=0.14 west->south conv=True  newton= 11 gmres=   91    0.3s  (wall    69.0s)
[235/250] seed=3486 serpentine h0=5.52e-04 u_in=0.54 north->south conv=True  newton= 11 gmres=  169    0.5s  (wall    69.2s)
[236/250] seed=3487 pins       h0=9.63e-04 u_in=1.12 west->south conv=True  newton= 17 gmres=  267    0.5s  (wall    69.3s)
[237/250] seed=3488 pins       h0=1.10e-03 u_in=0.33 east->north conv=True  newton= 13 gmres=  139    0.4s  (wall    69.5s)
[238/250] seed=3489 blobs      h0=8.07e-04 u_in=0.26 west->east conv=True  newton= 10 gmres=  129    0.3s  (wall    69.5s)
[239/250] seed=3490 pins       h0=7.79e-04 u_in=0.12 west->west conv=True  newton= 10 gmres=   80    0.4s  (wall    69.7s)
[240/250] seed=3491 uniform    h0=1.02e-03 u_in=1.94 south->south conv=True  newton= 20 gmres=  361    0.7s  (wall    70.2s)
[241/250] seed=3494 sin2d      h0=1.24e-03 u_in=0.58 north->south conv=True  newton= 17 gmres=  236    0.6s  (wall    70.8s)
[242/250] seed=3481 uniform    h0=2.42e-03 u_in=1.03 north->west conv=True  newton=134 gmres= 2671    3.9s  (wall    71.1s)
[243/250] seed=3495 blobs      h0=3.90e-04 u_in=1.53 west->east conv=True  newton= 10 gmres=  116    0.4s  (wall    71.2s)
[244/250] seed=3496 uniform    h0=1.01e-03 u_in=0.98 west->south conv=True  newton= 16 gmres=  280    0.5s  (wall    71.6s)
[245/250] seed=3497 quad       h0=1.43e-03 u_in=0.30 east->north conv=True  newton= 16 gmres=  216    0.7s  (wall    71.9s)
[246/250] seed=3498 pins       h0=3.42e-04 u_in=1.18 south->west conv=True  newton= 11 gmres=  121    0.3s  (wall    72.0s)
[247/250] seed=3499 uniform    h0=1.65e-03 u_in=1.06 east->south conv=True  newton= 24 gmres=  467    0.8s  (wall    72.7s)
[248/250] seed=3484 uturn      h0=2.70e-03 u_in=0.49 west->west conv=False newton=200 gmres= 3152    4.9s  (wall    73.4s)
[249/250] seed=3492 serpentine h0=2.37e-03 u_in=0.16 west->east conv=False newton=200 gmres= 3575    6.0s  (wall    75.5s)
[250/250] seed=3493 serpentine h0=9.26e-04 u_in=1.52 east->south conv=False newton=200 gmres= 4349    6.0s  (wall    75.7s)
done: 1 shards -> experiments/nsbm/data
=== chunk seed0=3500 n=250 workers=5 (other load ~15 cores) 01:13:34
generate n=250 seed0=3500 workers=5 out=experiments/nsbm/data
[1/250] seed=3504 blobs      h0=1.07e-03 u_in=0.45 north->east conv=True  newton= 13 gmres=  270    0.8s  (wall     1.2s)
[2/250] seed=3502 quad       h0=2.80e-03 u_in=0.51 west->north conv=True  newton= 21 gmres=  388    0.9s  (wall     1.3s)
[3/250] seed=3503 grf        h0=1.51e-03 u_in=0.12 west->east conv=True  newton= 14 gmres=  355    1.1s  (wall     1.5s)
[4/250] seed=3506 uturn      h0=1.26e-03 u_in=0.34 west->west conv=True  newton= 13 gmres=  374    0.6s  (wall     1.9s)
[5/250] seed=3500 quad       h0=2.05e-03 u_in=0.53 east->south conv=True  newton= 37 gmres= 1049    1.8s  (wall     2.1s)
[6/250] seed=3509 blobs      h0=6.85e-04 u_in=0.77 west->south conv=True  newton= 15 gmres=  463    0.7s  (wall     2.8s)
[7/250] seed=3501 serpentine h0=1.66e-03 u_in=1.11 east->west conv=True  newton= 74 gmres= 1177    2.7s  (wall     3.1s)
[8/250] seed=3510 serpentine h0=5.69e-04 u_in=0.32 south->north conv=True  newton= 10 gmres=  140    0.3s  (wall     3.1s)
[9/250] seed=3512 serpentine h0=4.90e-04 u_in=0.35 south->east conv=True  newton=  9 gmres=   79    0.2s  (wall     3.4s)
[10/250] seed=3505 uturn      h0=1.27e-03 u_in=1.50 west->west conv=True  newton= 16 gmres= 1101    2.2s  (wall     3.4s)
[11/250] seed=3511 sin2d      h0=6.77e-04 u_in=0.28 north->west conv=True  newton= 13 gmres=  104    0.5s  (wall     3.5s)
[12/250] seed=3515 blobs      h0=5.65e-04 u_in=0.28 east->south conv=True  newton= 10 gmres=   73    0.3s  (wall     3.8s)
[13/250] seed=3514 grf        h0=2.56e-03 u_in=0.12 north->south conv=True  newton= 21 gmres=  430    0.6s  (wall     4.1s)
[14/250] seed=3516 uniform    h0=1.13e-03 u_in=0.17 east->west conv=True  newton= 10 gmres=   91    0.3s  (wall     4.1s)
[15/250] seed=3517 grf        h0=6.65e-04 u_in=0.27 north->east conv=True  newton= 11 gmres=   93    0.3s  (wall     4.4s)
[16/250] seed=3519 uturn      h0=5.23e-04 u_in=0.25 west->west conv=True  newton= 10 gmres=  119    0.3s  (wall     4.7s)
[17/250] seed=3518 blobs      h0=4.80e-04 u_in=0.94 south->west conv=True  newton= 21 gmres=  337    0.6s  (wall     4.8s)
[18/250] seed=3520 pins       h0=7.01e-04 u_in=0.78 east->east conv=True  newton= 14 gmres=  155    0.3s  (wall     5.0s)
[19/250] seed=3521 quad       h0=4.15e-04 u_in=1.58 east->north conv=True  newton= 11 gmres=  100    0.3s  (wall     5.1s)
[20/250] seed=3522 grf        h0=1.09e-03 u_in=0.24 north->west conv=True  newton= 21 gmres=  326    0.5s  (wall     5.6s)
[21/250] seed=3523 pins       h0=7.96e-04 u_in=1.76 south->east conv=True  newton= 19 gmres=  318    0.6s  (wall     5.7s)
[22/250] seed=3524 serpentine h0=7.30e-04 u_in=0.12 north->south conv=True  newton=  9 gmres=  124    0.3s  (wall     5.9s)
[23/250] seed=3525 uniform    h0=4.79e-04 u_in=1.65 west->north conv=True  newton= 12 gmres=  130    0.3s  (wall     6.0s)
[24/250] seed=3526 uturn      h0=4.09e-04 u_in=0.78 west->west conv=True  newton= 12 gmres=  341    0.5s  (wall     6.4s)
[25/250] seed=3528 pins       h0=4.90e-04 u_in=0.10 south->south conv=True  newton=  8 gmres=   60    0.2s  (wall     6.6s)
[26/250] seed=3527 pins       h0=1.06e-03 u_in=1.77 east->south conv=True  newton= 17 gmres=  378    0.6s  (wall     6.6s)
[27/250] seed=3530 serpentine h0=3.32e-04 u_in=0.52 north->west conv=True  newton= 10 gmres=   91    0.3s  (wall     6.9s)
[28/250] seed=3529 uniform    h0=4.22e-04 u_in=1.30 north->east conv=True  newton= 13 gmres=  106    0.3s  (wall     6.9s)
[29/250] seed=3507 uturn      h0=2.62e-03 u_in=1.78 west->west conv=False newton=200 gmres= 3456    5.8s  (wall     7.3s)
[30/250] seed=3531 uturn      h0=4.04e-04 u_in=1.13 west->west conv=True  newton= 19 gmres=  394    0.7s  (wall     7.5s)
[31/250] seed=3513 uturn      h0=1.26e-03 u_in=1.89 west->west conv=True  newton= 39 gmres= 3628    4.3s  (wall     7.7s)
[32/250] seed=3533 sin2d      h0=2.42e-03 u_in=0.15 south->east conv=True  newton= 17 gmres=  231    0.4s  (wall     7.7s)
[33/250] seed=3536 sin2d      h0=8.15e-04 u_in=0.23 north->south conv=True  newton=  9 gmres=   83    0.3s  (wall     8.0s)
[34/250] seed=3534 sin2d      h0=7.59e-04 u_in=1.56 east->north conv=True  newton= 18 gmres=  257    0.5s  (wall     8.0s)
[35/250] seed=3535 uniform    h0=1.87e-03 u_in=0.16 south->south conv=True  newton= 14 gmres=  175    0.5s  (wall     8.2s)
[36/250] seed=3537 blobs      h0=6.99e-04 u_in=0.38 east->west conv=True  newton= 11 gmres=  304    0.4s  (wall     8.4s)
[37/250] seed=3508 uturn      h0=2.96e-03 u_in=1.17 west->west conv=False newton=200 gmres= 4829    7.0s  (wall     8.9s)
[38/250] seed=3540 sin2d      h0=8.20e-04 u_in=1.52 south->west conv=True  newton= 16 gmres=  243    0.5s  (wall     8.9s)
[39/250] seed=3539 blobs      h0=1.43e-03 u_in=1.22 east->east conv=True  newton= 21 gmres=  409    0.8s  (wall     9.0s)
[40/250] seed=3542 serpentine h0=3.58e-04 u_in=0.12 south->south conv=True  newton=  8 gmres=  100    0.2s  (wall     9.1s)
[41/250] seed=3541 grf        h0=3.61e-04 u_in=0.33 west->south conv=True  newton= 11 gmres=   82    0.3s  (wall     9.1s)
[42/250] seed=3538 quad       h0=1.77e-03 u_in=1.09 west->north conv=True  newton= 29 gmres=  807    1.2s  (wall     9.3s)
[43/250] seed=3545 sin2d      h0=4.42e-04 u_in=0.38 south->west conv=True  newton= 11 gmres=  114    0.3s  (wall     9.4s)
[44/250] seed=3543 grf        h0=1.14e-03 u_in=0.94 west->east conv=True  newton= 19 gmres=  449    0.7s  (wall     9.7s)
[45/250] seed=3546 uturn      h0=9.93e-04 u_in=0.65 west->west conv=True  newton= 13 gmres=  310    0.5s  (wall     9.8s)
[46/250] seed=3544 uniform    h0=2.64e-03 u_in=0.32 east->south conv=True  newton= 25 gmres=  523    0.8s  (wall     9.9s)
[47/250] seed=3549 blobs      h0=6.19e-04 u_in=0.35 south->north conv=True  newton= 10 gmres=   81    0.3s  (wall    10.0s)
[48/250] seed=3551 quad       h0=2.28e-03 u_in=0.35 south->north conv=True  newton= 18 gmres=  301    0.5s  (wall    10.6s)
[49/250] seed=3532 serpentine h0=1.12e-03 u_in=0.28 north->south conv=True  newton= 99 gmres= 3118    4.0s  (wall    10.9s)
[50/250] seed=3552 quad       h0=9.33e-04 u_in=1.72 west->north conv=True  newton= 17 gmres=  255    0.5s  (wall    11.1s)
[51/250] seed=3553 uturn      h0=6.96e-04 u_in=0.34 west->west conv=True  newton= 11 gmres=  164    0.4s  (wall    11.2s)
[52/250] seed=3554 quad       h0=1.21e-03 u_in=0.48 west->north conv=True  newton= 15 gmres=  198    0.4s  (wall    11.5s)
[53/250] seed=3556 grf        h0=6.20e-04 u_in=0.13 south->west conv=True  newton= 11 gmres=   99    0.3s  (wall    11.8s)
[54/250] seed=3548 grf        h0=1.97e-03 u_in=1.67 east->south conv=False newton=200 gmres= 1256    2.5s  (wall    12.2s)
[55/250] seed=3557 grf        h0=1.95e-03 u_in=0.30 east->south conv=True  newton= 18 gmres=  342    0.6s  (wall    12.4s)
[56/250] seed=3558 grf        h0=4.13e-04 u_in=1.90 west->south conv=True  newton= 15 gmres=  218    0.4s  (wall    12.6s)
[57/250] seed=3559 quad       h0=2.13e-03 u_in=0.14 east->west conv=True  newton= 15 gmres=  207    0.4s  (wall    12.8s)
[58/250] seed=3560 pins       h0=4.73e-04 u_in=0.22 north->west conv=True  newton=  9 gmres=   72    0.3s  (wall    12.9s)
[59/250] seed=3547 uturn      h0=1.97e-03 u_in=1.32 west->west conv=False newton=200 gmres= 2194    3.5s  (wall    13.0s)
[60/250] seed=3562 quad       h0=8.80e-04 u_in=0.57 south->west conv=True  newton= 14 gmres=  159    0.4s  (wall    13.2s)
[61/250] seed=3564 sin2d      h0=4.40e-04 u_in=0.15 north->south conv=True  newton=  7 gmres=   52    0.2s  (wall    13.4s)
[62/250] seed=3565 quad       h0=7.33e-04 u_in=0.90 west->south conv=True  newton= 13 gmres=  136    0.4s  (wall    13.8s)
[63/250] seed=3550 serpentine h0=4.53e-04 u_in=0.47 south->north conv=False newton=200 gmres= 2807    4.1s  (wall    14.0s)
[64/250] seed=3566 grf        h0=9.10e-04 u_in=0.61 south->west conv=True  newton= 12 gmres=  145    0.4s  (wall    14.2s)
[65/250] seed=3568 quad       h0=1.16e-03 u_in=0.28 south->south conv=True  newton= 14 gmres=  172    0.4s  (wall    14.6s)
[66/250] seed=3569 grf        h0=1.08e-03 u_in=0.62 west->south conv=True  newton= 18 gmres=  235    0.6s  (wall    15.2s)
[67/250] seed=3561 uturn      h0=6.69e-04 u_in=1.59 west->west conv=True  newton= 36 gmres= 2036    2.5s  (wall    15.3s)
[68/250] seed=3570 quad       h0=3.40e-04 u_in=1.17 west->south conv=True  newton= 11 gmres=   84    0.4s  (wall    15.6s)
[69/250] seed=3571 uniform    h0=9.23e-04 u_in=0.53 south->north conv=True  newton= 12 gmres=  124    0.3s  (wall    15.7s)
[70/250] seed=3563 serpentine h0=2.51e-03 u_in=0.60 east->south conv=False newton=200 gmres= 1962    2.9s  (wall    15.9s)
[71/250] seed=3573 grf        h0=4.56e-04 u_in=0.23 west->south conv=True  newton= 12 gmres=   96    0.3s  (wall    16.0s)
[72/250] seed=3574 blobs      h0=1.01e-03 u_in=0.18 north->south conv=True  newton= 11 gmres=  165    0.4s  (wall    16.3s)
[73/250] seed=3575 pins       h0=1.05e-03 u_in=0.75 south->north conv=True  newton= 15 gmres=  215    0.5s  (wall    16.5s)
[74/250] seed=3577 sin2d      h0=5.03e-04 u_in=1.06 west->east conv=True  newton= 11 gmres=  122    0.3s  (wall    16.8s)
[75/250] seed=3567 blobs      h0=2.97e-03 u_in=0.11 north->east conv=True  newton= 80 gmres= 1949    2.9s  (wall    16.9s)
[76/250] seed=3578 uturn      h0=7.16e-04 u_in=0.24 west->west conv=True  newton= 10 gmres=  125    0.3s  (wall    17.1s)
[77/250] seed=3579 serpentine h0=9.66e-04 u_in=0.20 east->south conv=True  newton= 11 gmres=  175    0.3s  (wall    17.2s)
[78/250] seed=3581 quad       h0=2.18e-03 u_in=0.43 west->south conv=True  newton= 21 gmres=  424    0.8s  (wall    18.0s)
[79/250] seed=3580 uniform    h0=1.80e-03 u_in=0.71 east->north conv=True  newton= 23 gmres=  518    1.0s  (wall    18.1s)
[80/250] seed=3582 sin2d      h0=2.51e-03 u_in=0.11 south->north conv=True  newton= 15 gmres=  192    0.4s  (wall    18.4s)
[81/250] seed=3584 uniform    h0=7.70e-04 u_in=0.24 east->south conv=True  newton= 10 gmres=   92    0.6s  (wall    18.9s)
[82/250] seed=3555 serpentine h0=2.17e-03 u_in=1.09 east->north conv=False newton=200 gmres= 6610    8.1s  (wall    19.3s)
[83/250] seed=3585 blobs      h0=1.42e-03 u_in=0.56 west->south conv=True  newton= 15 gmres=  274    0.6s  (wall    19.5s)
[84/250] seed=3586 blobs      h0=4.03e-04 u_in=0.50 west->south conv=True  newton=  9 gmres=  116    0.3s  (wall    19.6s)
[85/250] seed=3587 pins       h0=1.82e-03 u_in=0.27 south->east conv=True  newton= 15 gmres=  242    0.6s  (wall    20.1s)
[86/250] seed=3589 uniform    h0=8.38e-04 u_in=0.42 west->south conv=True  newton= 11 gmres=   96    0.3s  (wall    20.4s)
[87/250] seed=3590 grf        h0=3.81e-04 u_in=0.71 south->east conv=True  newton= 12 gmres=  150    0.4s  (wall    20.8s)
[88/250] seed=3576 serpentine h0=8.80e-04 u_in=1.32 east->north conv=False newton=200 gmres= 3941    5.3s  (wall    21.6s)
[89/250] seed=3572 serpentine h0=1.83e-03 u_in=0.43 south->west conv=False newton=200 gmres= 4463    6.2s  (wall    21.9s)
[90/250] seed=3592 sin2d      h0=9.54e-04 u_in=0.72 north->south conv=True  newton= 13 gmres=  161    0.5s  (wall    22.1s)
[91/250] seed=3593 pins       h0=4.98e-04 u_in=0.17 north->west conv=True  newton=  8 gmres=   62    0.2s  (wall    22.1s)
[92/250] seed=3591 quad       h0=2.70e-03 u_in=0.39 west->east conv=True  newton= 29 gmres= 1124    1.6s  (wall    22.3s)
[93/250] seed=3594 uniform    h0=8.26e-04 u_in=1.35 west->north conv=True  newton= 15 gmres=  199    0.6s  (wall    22.6s)
[94/250] seed=3597 uniform    h0=5.30e-04 u_in=0.66 south->east conv=True  newton= 11 gmres=   97    0.4s  (wall    23.1s)
[95/250] seed=3588 uniform    h0=2.89e-03 u_in=1.27 east->east conv=False newton=200 gmres= 1831    3.5s  (wall    23.1s)
[96/250] seed=3599 sin2d      h0=1.49e-03 u_in=0.11 south->east conv=True  newton= 11 gmres=  120    0.5s  (wall    23.6s)
[97/250] seed=3598 uniform    h0=2.65e-03 u_in=0.14 north->north conv=True  newton= 21 gmres=  294    0.8s  (wall    23.8s)
[98/250] seed=3600 pins       h0=1.03e-03 u_in=0.59 west->north conv=True  newton= 13 gmres=  163    0.6s  (wall    24.1s)
[99/250] seed=3596 uturn      h0=1.98e-03 u_in=0.34 west->west conv=True  newton= 20 gmres= 1230    2.0s  (wall    24.3s)
[100/250] seed=3601 quad       h0=5.97e-04 u_in=1.98 south->east conv=True  newton= 14 gmres=  191    0.6s  (wall    24.4s)
[101/250] seed=3602 pins       h0=5.71e-04 u_in=0.26 north->west conv=True  newton= 10 gmres=   82    0.3s  (wall    24.5s)
[102/250] seed=3603 quad       h0=6.74e-04 u_in=0.46 north->north conv=True  newton= 10 gmres=   90    0.3s  (wall    24.6s)
[103/250] seed=3604 uturn      h0=9.79e-04 u_in=1.76 west->west conv=True  newton= 16 gmres=  607    0.8s  (wall    25.2s)
[104/250] seed=3606 grf        h0=8.86e-04 u_in=0.22 south->north conv=True  newton= 24 gmres=  383    0.7s  (wall    25.3s)
[105/250] seed=3583 serpentine h0=3.29e-04 u_in=1.28 east->north conv=False newton=200 gmres= 4695    7.4s  (wall    25.5s)
[106/250] seed=3608 uniform    h0=3.95e-04 u_in=0.61 north->east conv=True  newton=  9 gmres=   62    0.3s  (wall    25.6s)
[107/250] seed=3609 sin2d      h0=5.23e-04 u_in=1.56 north->east conv=True  newton= 13 gmres=  149    0.4s  (wall    25.9s)
[108/250] seed=3611 uniform    h0=5.22e-04 u_in=0.85 south->north conv=True  newton= 11 gmres=  108    0.3s  (wall    26.2s)
[109/250] seed=3595 pins       h0=2.01e-03 u_in=1.48 east->west conv=True  newton= 80 gmres= 2655    4.3s  (wall    26.4s)
[110/250] seed=3610 quad       h0=2.01e-03 u_in=0.68 south->south conv=True  newton= 27 gmres=  555    0.9s  (wall    26.5s)
[111/250] seed=3612 sin2d      h0=1.34e-03 u_in=0.10 south->south conv=True  newton= 14 gmres=  142    0.4s  (wall    26.5s)
[112/250] seed=3607 grf        h0=2.36e-03 u_in=1.26 south->east conv=True  newton= 35 gmres= 1081    1.8s  (wall    27.0s)
[113/250] seed=3613 pins       h0=2.37e-03 u_in=0.51 north->west conv=True  newton= 25 gmres=  561    0.8s  (wall    27.3s)
[114/250] seed=3615 blobs      h0=2.78e-03 u_in=0.16 west->south conv=True  newton= 20 gmres=  698    1.0s  (wall    27.5s)
[115/250] seed=3617 uniform    h0=8.12e-04 u_in=1.35 north->west conv=True  newton= 15 gmres=  209    0.4s  (wall    27.7s)
[116/250] seed=3618 pins       h0=3.49e-04 u_in=0.18 north->east conv=True  newton=  8 gmres=   46    0.3s  (wall    27.8s)
[117/250] seed=3616 uniform    h0=1.68e-03 u_in=0.48 west->east conv=True  newton= 18 gmres=  293    0.8s  (wall    27.8s)
[118/250] seed=3619 sin2d      h0=8.12e-04 u_in=0.36 east->east conv=True  newton= 12 gmres=  118    0.3s  (wall    28.0s)
[119/250] seed=3621 pins       h0=7.05e-04 u_in=0.11 north->north conv=True  newton=  8 gmres=   75    0.3s  (wall    28.1s)
[120/250] seed=3623 pins       h0=1.55e-03 u_in=0.40 west->west conv=True  newton= 17 gmres=  284    0.7s  (wall    28.8s)
[121/250] seed=3605 serpentine h0=1.57e-03 u_in=0.12 south->west conv=True  newton= 78 gmres= 3297    4.4s  (wall    28.9s)
[122/250] seed=3620 quad       h0=2.31e-03 u_in=0.13 east->west conv=True  newton= 30 gmres=  460    1.1s  (wall    28.9s)
[123/250] seed=3624 blobs      h0=6.17e-04 u_in=0.17 south->north conv=True  newton=  9 gmres=   91    0.3s  (wall    29.1s)
[124/250] seed=3626 quad       h0=5.49e-04 u_in=0.98 west->east conv=True  newton= 14 gmres=  171    0.4s  (wall    29.2s)
[125/250] seed=3625 grf        h0=6.05e-04 u_in=0.60 north->south conv=True  newton= 17 gmres=  319    0.5s  (wall    29.4s)
[126/250] seed=3627 uturn      h0=6.91e-04 u_in=0.58 west->west conv=True  newton= 13 gmres=  192    0.4s  (wall    29.5s)
[127/250] seed=3628 pins       h0=1.03e-03 u_in=0.19 west->north conv=True  newton= 11 gmres=  111    0.3s  (wall    29.5s)
[128/250] seed=3631 uturn      h0=3.35e-04 u_in=0.34 west->west conv=True  newton=  9 gmres=   71    0.2s  (wall    29.8s)
[129/250] seed=3614 pins       h0=2.68e-03 u_in=1.04 east->south conv=False newton=200 gmres= 2204    3.5s  (wall    30.0s)
[130/250] seed=3630 pins       h0=2.00e-03 u_in=0.59 north->north conv=True  newton= 20 gmres=  474    0.7s  (wall    30.2s)
[131/250] seed=3632 grf        h0=1.03e-03 u_in=0.39 north->south conv=True  newton= 14 gmres=  251    0.5s  (wall    30.3s)
[132/250] seed=3634 grf        h0=1.35e-03 u_in=0.67 north->south conv=True  newton= 22 gmres=  358    0.7s  (wall    30.9s)
[133/250] seed=3635 serpentine h0=8.54e-04 u_in=1.00 east->west conv=True  newton= 13 gmres=  388    0.7s  (wall    31.0s)
[134/250] seed=3636 quad       h0=4.01e-04 u_in=1.41 west->north conv=True  newton= 13 gmres=  104    0.3s  (wall    31.2s)
[135/250] seed=3622 pins       h0=2.71e-03 u_in=0.61 east->south conv=True  newton= 97 gmres= 2494    3.3s  (wall    31.3s)
[136/250] seed=3639 uniform    h0=2.13e-03 u_in=0.80 west->east conv=True  newton= 29 gmres=  603    1.0s  (wall    32.4s)
[137/250] seed=3640 sin2d      h0=7.20e-04 u_in=0.54 south->east conv=True  newton= 11 gmres=  124    0.4s  (wall    32.8s)
[138/250] seed=3629 uturn      h0=5.23e-04 u_in=0.75 west->west conv=False newton=200 gmres= 2371    3.8s  (wall    33.2s)
[139/250] seed=3633 sin2d      h0=2.80e-03 u_in=0.77 east->east conv=False newton=200 gmres= 2062    3.2s  (wall    33.2s)
[140/250] seed=3642 grf        h0=5.63e-04 u_in=0.27 west->east conv=True  newton= 10 gmres=  110    0.3s  (wall    33.5s)
[141/250] seed=3643 quad       h0=4.45e-04 u_in=0.23 west->north conv=True  newton= 10 gmres=  101    0.3s  (wall    33.5s)
[142/250] seed=3644 blobs      h0=3.29e-04 u_in=0.15 east->south conv=True  newton=  7 gmres=   60    0.2s  (wall    33.7s)
[143/250] seed=3646 uturn      h0=2.10e-03 u_in=0.82 west->west conv=True  newton= 23 gmres=  994    1.4s  (wall    35.1s)
[144/250] seed=3647 sin2d      h0=3.14e-04 u_in=0.28 west->north conv=True  newton= 10 gmres=   84    0.3s  (wall    35.3s)
[145/250] seed=3637 uniform    h0=2.36e-03 u_in=1.91 east->east conv=False newton=200 gmres= 2839    4.8s  (wall    35.8s)
[146/250] seed=3648 uniform    h0=1.64e-03 u_in=0.38 south->west conv=True  newton= 17 gmres=  233    0.5s  (wall    35.8s)
[147/250] seed=3638 serpentine h0=7.09e-04 u_in=0.86 south->west conv=False newton=200 gmres= 4104    5.5s  (wall    36.7s)
[148/250] seed=3650 sin2d      h0=1.70e-03 u_in=1.70 west->west conv=True  newton= 27 gmres=  710    1.1s  (wall    36.9s)
[149/250] seed=3645 serpentine h0=9.31e-04 u_in=0.31 east->west conv=False newton=200 gmres= 3980    5.1s  (wall    38.6s)
[150/250] seed=3651 uturn      h0=2.56e-03 u_in=1.45 west->west conv=True  newton= 88 gmres= 4160    5.0s  (wall    41.7s)
[151/250] seed=3654 blobs      h0=4.07e-04 u_in=0.67 south->north conv=True  newton= 11 gmres=  104    0.3s  (wall    42.0s)
[152/250] seed=3652 uturn      h0=3.80e-04 u_in=0.65 west->west conv=True  newton=177 gmres= 4398    5.6s  (wall    42.5s)
[153/250] seed=3649 grf        h0=2.68e-03 u_in=1.61 east->west conv=False newton=200 gmres= 3928    7.0s  (wall    42.8s)
[154/250] seed=3656 blobs      h0=1.18e-03 u_in=0.17 west->east conv=True  newton= 11 gmres=  113    0.3s  (wall    42.8s)
[155/250] seed=3655 grf        h0=2.01e-03 u_in=0.37 north->east conv=True  newton= 22 gmres=  478    1.0s  (wall    42.9s)
[156/250] seed=3657 uniform    h0=3.19e-04 u_in=0.19 west->east conv=True  newton=  7 gmres=   48    0.2s  (wall    43.0s)
[157/250] seed=3660 blobs      h0=3.47e-04 u_in=0.36 north->east conv=True  newton=  9 gmres=  103    0.3s  (wall    43.2s)
[158/250] seed=3658 quad       h0=2.95e-03 u_in=0.29 west->south conv=True  newton= 25 gmres=  454    0.8s  (wall    43.5s)
[159/250] seed=3662 sin2d      h0=8.68e-04 u_in=0.28 north->south conv=True  newton= 10 gmres=  121    0.3s  (wall    43.9s)
[160/250] seed=3663 sin2d      h0=8.44e-04 u_in=0.47 south->west conv=True  newton= 11 gmres=  104    0.3s  (wall    44.2s)
[161/250] seed=3664 quad       h0=4.71e-04 u_in=0.15 south->south conv=True  newton= 10 gmres=   76    0.3s  (wall    44.4s)
[162/250] seed=3661 blobs      h0=2.70e-03 u_in=0.65 south->south conv=True  newton= 44 gmres=  932    1.3s  (wall    44.6s)
[163/250] seed=3653 serpentine h0=1.54e-03 u_in=1.34 east->west conv=False newton=200 gmres= 4599    6.2s  (wall    44.8s)
[164/250] seed=3666 serpentine h0=3.30e-04 u_in=1.48 east->north conv=True  newton= 14 gmres=  196    0.3s  (wall    44.9s)
[165/250] seed=3665 blobs      h0=7.88e-04 u_in=1.63 north->north conv=True  newton= 17 gmres=  611    0.8s  (wall    45.2s)
[166/250] seed=3669 pins       h0=5.88e-04 u_in=0.29 south->south conv=True  newton= 11 gmres=   96    0.3s  (wall    45.5s)
[167/250] seed=3670 serpentine h0=1.02e-03 u_in=0.24 west->south conv=True  newton= 13 gmres=  176    0.3s  (wall    45.9s)
[168/250] seed=3671 quad       h0=4.34e-04 u_in=0.38 north->south conv=True  newton=  9 gmres=   70    0.3s  (wall    46.1s)
[169/250] seed=3667 grf        h0=2.27e-03 u_in=0.65 east->west conv=False newton=200 gmres= 1854    3.4s  (wall    48.2s)
[170/250] seed=3668 sin2d      h0=1.71e-03 u_in=1.40 west->north conv=False newton=200 gmres= 1777    3.8s  (wall    48.7s)
[171/250] seed=3674 sin2d      h0=7.63e-04 u_in=0.35 west->west conv=True  newton= 12 gmres=  103    0.4s  (wall    49.1s)
[172/250] seed=3672 blobs      h0=1.78e-03 u_in=0.67 south->north conv=False newton=200 gmres= 3180    5.1s  (wall    51.2s)
[173/250] seed=3676 grf        h0=1.84e-03 u_in=0.33 east->north conv=True  newton= 15 gmres=  204    0.7s  (wall    51.9s)
[174/250] seed=3677 blobs      h0=8.20e-04 u_in=1.78 north->east conv=True  newton= 24 gmres=  642    1.0s  (wall    52.9s)
[175/250] seed=3678 uturn      h0=5.09e-04 u_in=0.33 west->west conv=True  newton= 11 gmres=  121    0.3s  (wall    53.1s)
[176/250] seed=3679 uturn      h0=1.61e-03 u_in=0.37 west->west conv=True  newton= 14 gmres=  182    0.4s  (wall    53.5s)
[177/250] seed=3680 uturn      h0=1.64e-03 u_in=0.12 west->west conv=True  newton= 10 gmres=  188    0.6s  (wall    54.1s)
[178/250] seed=3675 serpentine h0=2.82e-03 u_in=0.80 east->south conv=False newton=200 gmres= 3770    7.1s  (wall    56.3s)
[179/250] seed=3682 serpentine h0=9.93e-04 u_in=1.90 east->south conv=False newton=200 gmres= 3456    5.3s  (wall    61.6s)
[180/250] seed=3681 uturn      h0=2.43e-03 u_in=1.11 west->west conv=False newton=200 gmres= 4825    7.6s  (wall    61.7s)
[181/250] seed=3684 uniform    h0=5.05e-04 u_in=0.21 east->east conv=True  newton=  8 gmres=   60    0.2s  (wall    61.9s)
[182/250] seed=3685 blobs      h0=4.76e-04 u_in=0.64 north->west conv=True  newton= 10 gmres=  110    0.3s  (wall    62.2s)
[183/250] seed=3683 uniform    h0=2.42e-03 u_in=0.40 south->south conv=True  newton= 20 gmres=  332    0.6s  (wall    62.2s)
[184/250] seed=3686 quad       h0=5.64e-04 u_in=1.92 south->west conv=True  newton= 15 gmres=  194    0.4s  (wall    62.6s)
[185/250] seed=3688 uturn      h0=1.70e-03 u_in=0.14 west->west conv=True  newton= 10 gmres=  236    0.7s  (wall    63.3s)
[186/250] seed=3689 sin2d      h0=4.74e-04 u_in=0.14 west->east conv=True  newton=  8 gmres=   63    0.2s  (wall    63.5s)
[187/250] seed=3673 serpentine h0=2.57e-03 u_in=1.70 east->east conv=False newton=200 gmres=13973   16.0s  (wall    64.2s)
[188/250] seed=3691 grf        h0=1.12e-03 u_in=0.98 north->west conv=True  newton= 20 gmres=  315    0.6s  (wall    64.7s)
[189/250] seed=3692 quad       h0=3.74e-04 u_in=0.27 south->east conv=True  newton=  8 gmres=   54    0.2s  (wall    65.0s)
[190/250] seed=3693 serpentine h0=4.74e-04 u_in=0.13 south->west conv=True  newton=  8 gmres=   98    0.3s  (wall    65.2s)
[191/250] seed=3694 serpentine h0=3.26e-04 u_in=1.56 north->south conv=True  newton= 12 gmres=  190    0.4s  (wall    65.6s)
[192/250] seed=3687 serpentine h0=2.43e-03 u_in=0.26 east->south conv=False newton=200 gmres= 3081    4.0s  (wall    66.2s)
[193/250] seed=3696 quad       h0=1.95e-03 u_in=0.26 north->north conv=True  newton= 14 gmres=  193    0.4s  (wall    66.6s)
[194/250] seed=3697 pins       h0=1.00e-03 u_in=0.18 east->south conv=True  newton= 12 gmres=  102    0.3s  (wall    67.0s)
[195/250] seed=3690 blobs      h0=2.71e-03 u_in=1.60 north->south conv=False newton=200 gmres= 1792    3.7s  (wall    67.2s)
[196/250] seed=3699 uniform    h0=4.86e-04 u_in=0.10 east->north conv=True  newton=  8 gmres=   61    0.2s  (wall    67.5s)
[197/250] seed=3700 quad       h0=2.61e-03 u_in=0.40 north->west conv=True  newton= 29 gmres=  554    1.0s  (wall    68.5s)
[198/250] seed=3701 sin2d      h0=2.99e-03 u_in=1.36 west->north conv=False newton=200 gmres= 1408    3.5s  (wall    72.0s)
[199/250] seed=3702 pins       h0=5.89e-04 u_in=0.16 north->west conv=True  newton=  9 gmres=   70    0.3s  (wall    72.2s)
[200/250] seed=3641 serpentine h0=1.34e-03 u_in=1.68 south->west conv=False newton=200 gmres=37206   40.1s  (wall    72.9s)
[201/250] seed=3703 uturn      h0=1.72e-03 u_in=0.25 west->west conv=True  newton= 13 gmres=  552    0.8s  (wall    73.0s)
[202/250] seed=3704 sin2d      h0=3.62e-04 u_in=0.99 east->east conv=True  newton= 13 gmres=  119    0.3s  (wall    73.2s)
[203/250] seed=3698 pins       h0=2.23e-03 u_in=1.24 south->south conv=False newton=200 gmres= 3838    6.4s  (wall    73.4s)
[204/250] seed=3706 sin2d      h0=3.21e-04 u_in=0.27 east->south conv=True  newton=  8 gmres=   60    0.3s  (wall    73.5s)
[205/250] seed=3705 uturn      h0=9.07e-04 u_in=0.25 west->west conv=True  newton= 11 gmres=  200    0.6s  (wall    73.6s)
[206/250] seed=3707 quad       h0=8.66e-04 u_in=0.29 north->west conv=True  newton= 10 gmres=   71    0.3s  (wall    73.6s)
[207/250] seed=3708 pins       h0=3.18e-04 u_in=0.93 north->north conv=True  newton= 11 gmres=   95    0.3s  (wall    73.8s)
[208/250] seed=3709 blobs      h0=8.28e-04 u_in=0.51 east->south conv=True  newton= 11 gmres=  127    0.4s  (wall    74.0s)
[209/250] seed=3711 uturn      h0=8.14e-04 u_in=0.14 west->west conv=True  newton=  9 gmres=   81    0.3s  (wall    74.1s)
[210/250] seed=3712 sin2d      h0=3.58e-04 u_in=0.33 west->east conv=True  newton=  8 gmres=   68    0.3s  (wall    74.3s)
[211/250] seed=3713 pins       h0=5.35e-04 u_in=0.43 west->south conv=True  newton= 11 gmres=   90    0.3s  (wall    74.4s)
[212/250] seed=3714 blobs      h0=3.84e-04 u_in=0.39 north->west conv=True  newton=  9 gmres=  114    0.2s  (wall    74.5s)
[213/250] seed=3716 quad       h0=5.60e-04 u_in=0.38 north->west conv=True  newton= 11 gmres=   86    0.3s  (wall    74.8s)
[214/250] seed=3715 serpentine h0=9.74e-04 u_in=0.11 west->north conv=True  newton= 12 gmres=  272    0.4s  (wall    74.9s)
[215/250] seed=3710 uturn      h0=8.70e-04 u_in=1.81 west->west conv=True  newton= 25 gmres= 1108    1.5s  (wall    75.1s)
[216/250] seed=3718 pins       h0=1.37e-03 u_in=0.13 south->east conv=True  newton= 11 gmres=  101    0.3s  (wall    75.2s)
[217/250] seed=3720 sin2d      h0=3.81e-04 u_in=0.27 north->south conv=True  newton= 10 gmres=  100    0.3s  (wall    75.5s)
[218/250] seed=3719 sin2d      h0=8.49e-04 u_in=1.60 east->east conv=True  newton= 15 gmres=  199    0.4s  (wall    75.6s)
[219/250] seed=3722 quad       h0=4.95e-04 u_in=0.29 north->north conv=True  newton= 11 gmres=   83    0.3s  (wall    75.8s)
[220/250] seed=3723 quad       h0=1.02e-03 u_in=0.41 east->south conv=True  newton= 12 gmres=  112    0.3s  (wall    76.1s)
[221/250] seed=3724 pins       h0=9.68e-04 u_in=0.10 north->east conv=True  newton= 11 gmres=   90    0.3s  (wall    76.5s)
[222/250] seed=3721 sin2d      h0=1.38e-03 u_in=1.05 north->south conv=True  newton= 34 gmres=  607    1.0s  (wall    76.5s)
[223/250] seed=3717 uturn      h0=2.97e-03 u_in=0.15 west->west conv=True  newton= 15 gmres= 1119    1.6s  (wall    76.5s)
[224/250] seed=3725 quad       h0=7.08e-04 u_in=0.29 west->west conv=True  newton= 11 gmres=   93    0.3s  (wall    76.7s)
[225/250] seed=3726 quad       h0=1.01e-03 u_in=0.69 north->west conv=True  newton= 14 gmres=  167    0.4s  (wall    76.8s)
[226/250] seed=3727 sin2d      h0=1.15e-03 u_in=1.35 north->west conv=True  newton= 20 gmres=  298    0.6s  (wall    77.0s)
[227/250] seed=3728 sin2d      h0=3.67e-04 u_in=0.83 west->north conv=True  newton= 11 gmres=   99    0.4s  (wall    77.1s)
[228/250] seed=3731 quad       h0=3.54e-04 u_in=1.39 east->south conv=True  newton= 10 gmres=   86    0.4s  (wall    77.5s)
[229/250] seed=3730 pins       h0=1.32e-03 u_in=0.98 south->south conv=True  newton= 20 gmres=  290    0.6s  (wall    77.6s)
[230/250] seed=3732 sin2d      h0=5.87e-04 u_in=1.12 south->west conv=True  newton= 17 gmres=  218    0.5s  (wall    78.0s)
[231/250] seed=3734 sin2d      h0=1.14e-03 u_in=0.14 south->west conv=True  newton= 13 gmres=  139    0.4s  (wall    78.4s)
[232/250] seed=3735 pins       h0=5.27e-04 u_in=1.83 north->south conv=True  newton= 14 gmres=  184    0.4s  (wall    78.8s)
[233/250] seed=3736 pins       h0=6.30e-04 u_in=1.15 north->south conv=True  newton= 11 gmres=  132    0.4s  (wall    79.2s)
[234/250] seed=3737 quad       h0=8.70e-04 u_in=0.72 south->south conv=True  newton= 33 gmres=  699    1.1s  (wall    80.4s)
[235/250] seed=3733 pins       h0=1.60e-03 u_in=0.79 west->south conv=True  newton= 46 gmres= 1755    2.8s  (wall    80.4s)
[236/250] seed=3739 quad       h0=7.77e-04 u_in=0.26 west->east conv=True  newton=  9 gmres=   85    0.3s  (wall    80.7s)
[237/250] seed=3738 quad       h0=1.17e-03 u_in=0.16 east->west conv=True  newton= 11 gmres=  114    0.3s  (wall    80.7s)
[238/250] seed=3740 serpentine h0=3.18e-04 u_in=1.37 east->south conv=True  newton= 12 gmres=  174    0.3s  (wall    81.0s)
[239/250] seed=3742 serpentine h0=1.03e-03 u_in=0.11 north->east conv=True  newton= 10 gmres=  130    0.3s  (wall    81.3s)
[240/250] seed=3741 sin2d      h0=1.95e-03 u_in=0.47 south->east conv=True  newton= 22 gmres=  324    0.7s  (wall    81.4s)
[241/250] seed=3744 grf        h0=6.81e-04 u_in=1.26 east->north conv=True  newton= 13 gmres=  189    0.4s  (wall    81.8s)
[242/250] seed=3745 uniform    h0=6.34e-04 u_in=0.12 east->south conv=True  newton=  9 gmres=   69    0.3s  (wall    82.1s)
[243/250] seed=3743 quad       h0=1.55e-03 u_in=1.10 west->north conv=True  newton= 23 gmres=  498    0.8s  (wall    82.1s)
[244/250] seed=3747 grf        h0=2.18e-03 u_in=0.16 north->west conv=True  newton= 15 gmres=  231    0.5s  (wall    82.7s)
[245/250] seed=3748 pins       h0=1.28e-03 u_in=0.70 south->south conv=True  newton= 17 gmres=  266    0.7s  (wall    83.4s)
[246/250] seed=3659 serpentine h0=7.95e-04 u_in=1.64 north->south conv=False newton=200 gmres=37545   40.6s  (wall    83.5s)
[247/250] seed=3749 grf        h0=6.69e-04 u_in=0.96 north->north conv=True  newton= 15 gmres=  209    0.5s  (wall    83.9s)
[248/250] seed=3746 uniform    h0=2.52e-03 u_in=1.14 west->north conv=True  newton= 70 gmres= 2298    4.6s  (wall    86.7s)
[249/250] seed=3729 serpentine h0=2.98e-03 u_in=1.24 north->south conv=False newton=200 gmres= 8308   11.1s  (wall    88.0s)
[250/250] seed=3695 serpentine h0=2.60e-03 u_in=0.62 west->east conv=False newton=200 gmres=35707   43.1s  (wall   108.7s)
done: 1 shards -> experiments/nsbm/data
=== chunk seed0=3750 n=250 workers=5 (other load ~15 cores) 01:15:24
generate n=250 seed0=3750 workers=5 out=experiments/nsbm/data
[1/250] seed=3750 blobs      h0=1.41e-03 u_in=0.59 west->north conv=True  newton= 17 gmres=  338    0.6s  (wall     0.9s)
[2/250] seed=3751 uturn      h0=6.20e-04 u_in=0.94 west->west conv=True  newton= 15 gmres=  333    0.7s  (wall     1.0s)
[3/250] seed=3754 quad       h0=6.17e-04 u_in=0.14 east->west conv=True  newton=  9 gmres=   68    0.4s  (wall     1.0s)
[4/250] seed=3752 blobs      h0=2.91e-03 u_in=0.13 south->south conv=True  newton= 16 gmres=  441    0.7s  (wall     1.0s)
[5/250] seed=3753 uturn      h0=3.93e-04 u_in=1.22 west->west conv=True  newton= 13 gmres=  195    0.7s  (wall     1.1s)
[6/250] seed=3755 uturn      h0=8.34e-04 u_in=0.11 west->west conv=True  newton= 10 gmres=   84    0.2s  (wall     1.1s)
[7/250] seed=3758 quad       h0=3.31e-04 u_in=0.35 south->south conv=True  newton= 10 gmres=   68    0.2s  (wall     1.3s)
[8/250] seed=3756 blobs      h0=5.44e-04 u_in=0.89 west->east conv=True  newton= 12 gmres=  161    0.3s  (wall     1.3s)
[9/250] seed=3760 sin2d      h0=3.23e-04 u_in=0.44 north->east conv=True  newton= 10 gmres=   76    0.3s  (wall     1.4s)
[10/250] seed=3757 blobs      h0=2.64e-03 u_in=0.13 south->north conv=True  newton= 19 gmres=  301    0.5s  (wall     1.5s)
[11/250] seed=3759 quad       h0=4.14e-04 u_in=1.90 north->north conv=True  newton= 13 gmres=  119    0.6s  (wall     1.7s)
[12/250] seed=3761 uniform    h0=7.63e-04 u_in=1.26 north->south conv=True  newton= 14 gmres=  178    0.4s  (wall     1.7s)
[13/250] seed=3764 serpentine h0=3.95e-04 u_in=0.22 west->north conv=True  newton= 11 gmres=  168    0.4s  (wall     1.9s)
[14/250] seed=3763 uniform    h0=7.84e-04 u_in=1.82 south->west conv=True  newton= 16 gmres=  250    0.5s  (wall     1.9s)
[15/250] seed=3765 quad       h0=6.84e-04 u_in=0.14 north->south conv=True  newton=  8 gmres=   61    0.2s  (wall     1.9s)
[16/250] seed=3766 pins       h0=8.65e-04 u_in=0.41 west->east conv=True  newton= 12 gmres=  120    0.4s  (wall     2.2s)
[17/250] seed=3770 blobs      h0=4.04e-04 u_in=0.27 west->west conv=True  newton=  9 gmres=   77    0.4s  (wall     2.5s)
[18/250] seed=3767 sin2d      h0=1.50e-03 u_in=1.01 south->north conv=True  newton= 27 gmres=  567    0.9s  (wall     2.8s)
[19/250] seed=3771 pins       h0=3.18e-04 u_in=0.12 east->north conv=True  newton=  8 gmres=   62    0.3s  (wall     2.8s)
[20/250] seed=3762 sin2d      h0=2.18e-03 u_in=0.30 west->north conv=True  newton= 31 gmres=  783    1.8s  (wall     3.1s)
[21/250] seed=3772 grf        h0=1.91e-03 u_in=0.34 south->west conv=True  newton= 30 gmres=  559    0.9s  (wall     3.7s)
[22/250] seed=3774 quad       h0=8.32e-04 u_in=0.31 north->west conv=True  newton= 13 gmres=  108    0.6s  (wall     3.7s)
[23/250] seed=3775 uniform    h0=3.06e-04 u_in=1.97 north->west conv=True  newton= 10 gmres=   80    0.3s  (wall     4.0s)
[24/250] seed=3777 uturn      h0=3.63e-04 u_in=0.86 west->west conv=True  newton= 12 gmres=  148    0.3s  (wall     4.4s)
[25/250] seed=3773 quad       h0=1.93e-03 u_in=0.72 west->west conv=True  newton= 42 gmres=  991    1.7s  (wall     4.5s)
[26/250] seed=3778 grf        h0=4.16e-04 u_in=0.13 south->north conv=True  newton=  8 gmres=   59    0.2s  (wall     4.6s)
[27/250] seed=3780 pins       h0=4.72e-04 u_in=1.63 east->south conv=True  newton= 15 gmres=  195    0.4s  (wall     5.0s)
[28/250] seed=3779 grf        h0=4.23e-04 u_in=1.27 north->east conv=True  newton= 20 gmres=  341    0.6s  (wall     5.1s)
[29/250] seed=3781 uturn      h0=4.58e-04 u_in=1.15 west->west conv=True  newton= 12 gmres=  238    0.5s  (wall     5.4s)
[30/250] seed=3782 uniform    h0=6.13e-04 u_in=0.50 east->north conv=True  newton= 12 gmres=   95    0.4s  (wall     5.6s)
[31/250] seed=3769 pins       h0=1.55e-03 u_in=1.27 south->east conv=False newton=200 gmres= 2131    3.8s  (wall     5.7s)
[32/250] seed=3783 sin2d      h0=3.27e-04 u_in=0.23 north->east conv=True  newton=  9 gmres=   62    0.3s  (wall     5.8s)
[33/250] seed=3785 serpentine h0=3.06e-04 u_in=0.19 east->south conv=True  newton=  8 gmres=  121    0.2s  (wall     5.9s)
[34/250] seed=3784 quad       h0=5.78e-04 u_in=0.46 north->north conv=True  newton= 11 gmres=   87    0.4s  (wall     6.0s)
[35/250] seed=3786 sin2d      h0=1.32e-03 u_in=0.32 south->north conv=True  newton= 14 gmres=  166    0.4s  (wall     6.2s)
[36/250] seed=3787 uniform    h0=1.18e-03 u_in=0.23 east->west conv=True  newton= 12 gmres=  125    0.4s  (wall     6.3s)
[37/250] seed=3768 serpentine h0=2.18e-03 u_in=1.24 east->north conv=False newton=200 gmres= 2942    4.5s  (wall     6.4s)
[38/250] seed=3791 grf        h0=1.12e-03 u_in=0.13 south->east conv=True  newton= 13 gmres=  127    0.3s  (wall     6.7s)
[39/250] seed=3789 uniform    h0=1.69e-03 u_in=1.13 west->south conv=True  newton= 25 gmres=  590    1.0s  (wall     7.1s)
[40/250] seed=3793 grf        h0=7.14e-04 u_in=0.23 south->north conv=True  newton= 11 gmres=   94    0.3s  (wall     7.4s)
[41/250] seed=3794 sin2d      h0=1.20e-03 u_in=0.87 south->north conv=True  newton= 16 gmres=  242    0.6s  (wall     8.0s)
[42/250] seed=3795 uniform    h0=3.76e-04 u_in=1.36 north->east conv=True  newton= 11 gmres=   98    0.3s  (wall     8.3s)
[43/250] seed=3776 sin2d      h0=2.28e-03 u_in=1.60 north->east conv=True  newton= 79 gmres= 2558    4.7s  (wall     8.4s)
[44/250] seed=3792 uturn      h0=2.29e-03 u_in=0.42 west->west conv=True  newton= 33 gmres= 1198    1.7s  (wall     8.4s)
[45/250] seed=3788 blobs      h0=1.47e-03 u_in=0.75 north->east conv=True  newton= 60 gmres= 1641    2.5s  (wall     8.4s)
[46/250] seed=3799 uturn      h0=4.47e-04 u_in=0.48 west->west conv=True  newton= 12 gmres=  153    0.3s  (wall     8.8s)
[47/250] seed=3798 quad       h0=1.16e-03 u_in=0.16 north->south conv=True  newton= 13 gmres=  147    0.4s  (wall     8.8s)
[48/250] seed=3796 quad       h0=1.13e-03 u_in=1.09 south->north conv=True  newton= 16 gmres=  244    0.5s  (wall     8.8s)
[49/250] seed=3801 uturn      h0=3.15e-04 u_in=1.19 west->west conv=True  newton= 12 gmres=   89    0.3s  (wall     9.1s)
[50/250] seed=3800 sin2d      h0=1.53e-03 u_in=0.57 north->south conv=True  newton= 17 gmres=  281    0.5s  (wall     9.3s)
[51/250] seed=3802 sin2d      h0=2.62e-03 u_in=0.13 east->north conv=True  newton= 20 gmres=  286    0.6s  (wall     9.5s)
[52/250] seed=3797 grf        h0=2.87e-03 u_in=0.43 south->south conv=True  newton= 40 gmres= 1027    1.6s  (wall    10.0s)
[53/250] seed=3806 sin2d      h0=1.10e-03 u_in=0.26 west->east conv=True  newton= 13 gmres=  157    0.4s  (wall    10.3s)
[54/250] seed=3807 uniform    h0=7.09e-04 u_in=0.98 east->west conv=True  newton= 13 gmres=  145    0.4s  (wall    10.7s)
[55/250] seed=3790 serpentine h0=1.38e-03 u_in=1.86 west->south conv=False newton=200 gmres= 3084    4.8s  (wall    11.0s)
[56/250] seed=3808 uniform    h0=9.27e-04 u_in=1.49 west->south conv=True  newton= 16 gmres=  225    0.4s  (wall    11.1s)
[57/250] seed=3809 serpentine h0=4.14e-04 u_in=0.39 east->west conv=True  newton= 10 gmres=  113    0.3s  (wall    11.3s)
[58/250] seed=3810 uniform    h0=3.64e-04 u_in=0.89 north->south conv=True  newton= 11 gmres=   83    0.3s  (wall    11.4s)
[59/250] seed=3803 grf        h0=1.95e-03 u_in=0.87 east->north conv=False newton=200 gmres= 1406    2.5s  (wall    11.6s)
[60/250] seed=3811 grf        h0=3.89e-04 u_in=0.40 south->north conv=True  newton= 11 gmres=   85    0.3s  (wall    11.6s)
[61/250] seed=3812 quad       h0=1.65e-03 u_in=0.49 east->south conv=True  newton= 15 gmres=  194    0.4s  (wall    11.8s)
[62/250] seed=3814 pins       h0=4.90e-04 u_in=0.42 north->south conv=True  newton=  9 gmres=   69    0.3s  (wall    11.9s)
[63/250] seed=3813 grf        h0=6.75e-04 u_in=0.22 west->north conv=True  newton= 13 gmres=  153    0.4s  (wall    12.0s)
[64/250] seed=3816 uturn      h0=6.45e-04 u_in=0.21 west->west conv=True  newton= 11 gmres=   91    0.2s  (wall    12.1s)
[65/250] seed=3817 quad       h0=1.78e-03 u_in=0.61 east->west conv=True  newton= 21 gmres=  378    0.7s  (wall    12.7s)
[66/250] seed=3818 quad       h0=1.70e-03 u_in=0.92 north->south conv=True  newton= 22 gmres=  453    0.8s  (wall    12.9s)
[67/250] seed=3819 uturn      h0=9.62e-04 u_in=1.32 west->west conv=True  newton= 16 gmres=  688    1.0s  (wall    13.6s)
[68/250] seed=3820 pins       h0=1.63e-03 u_in=0.93 east->south conv=True  newton= 22 gmres=  412    0.8s  (wall    13.7s)
[69/250] seed=3804 uturn      h0=9.01e-04 u_in=0.43 west->west conv=False newton=200 gmres= 3082    4.6s  (wall    13.8s)
[70/250] seed=3821 serpentine h0=4.13e-04 u_in=1.53 east->north conv=True  newton= 14 gmres=  177    0.3s  (wall    14.0s)
[71/250] seed=3822 quad       h0=4.50e-04 u_in=0.78 north->east conv=True  newton= 10 gmres=   87    0.3s  (wall    14.0s)
[72/250] seed=3823 quad       h0=1.29e-03 u_in=0.17 west->east conv=True  newton= 12 gmres=  105    0.3s  (wall    14.1s)
[73/250] seed=3824 uturn      h0=3.89e-04 u_in=0.57 west->west conv=True  newton= 11 gmres=  106    0.3s  (wall    14.3s)
[74/250] seed=3826 serpentine h0=3.06e-04 u_in=0.14 east->west conv=True  newton=  7 gmres=   62    0.2s  (wall    14.3s)
[75/250] seed=3825 pins       h0=8.55e-04 u_in=0.89 south->south conv=True  newton= 15 gmres=  196    0.4s  (wall    14.4s)
[76/250] seed=3815 quad       h0=2.43e-03 u_in=0.42 south->west conv=True  newton= 62 gmres= 1963    2.6s  (wall    14.4s)
[77/250] seed=3805 blobs      h0=1.62e-03 u_in=1.03 south->north conv=False newton=200 gmres= 3454    5.2s  (wall    14.7s)
[78/250] seed=3828 blobs      h0=9.20e-04 u_in=0.24 east->west conv=True  newton= 11 gmres=  211    0.4s  (wall    14.7s)
[79/250] seed=3829 grf        h0=2.48e-03 u_in=0.51 north->south conv=True  newton= 20 gmres=  374    0.7s  (wall    15.2s)
[80/250] seed=3830 quad       h0=2.31e-03 u_in=0.48 north->east conv=True  newton= 27 gmres=  517    0.9s  (wall    15.4s)
[81/250] seed=3833 serpentine h0=3.53e-04 u_in=0.36 east->west conv=True  newton=  8 gmres=   75    0.2s  (wall    15.4s)
[82/250] seed=3835 grf        h0=1.10e-03 u_in=1.82 north->east conv=True  newton= 21 gmres=  330    0.6s  (wall    16.0s)
[83/250] seed=3834 sin2d      h0=2.43e-03 u_in=0.28 north->east conv=True  newton= 26 gmres=  423    0.7s  (wall    16.1s)
[84/250] seed=3831 pins       h0=2.02e-03 u_in=1.46 south->west conv=True  newton= 30 gmres=  974    1.5s  (wall    16.2s)
[85/250] seed=3836 quad       h0=1.00e-03 u_in=1.13 south->south conv=True  newton= 16 gmres=  237    0.5s  (wall    16.5s)
[86/250] seed=3838 sin2d      h0=1.83e-03 u_in=0.37 north->south conv=True  newton= 20 gmres=  274    0.6s  (wall    16.7s)
[87/250] seed=3840 quad       h0=3.55e-04 u_in=0.17 north->east conv=True  newton=  7 gmres=   48    0.2s  (wall    16.9s)
[88/250] seed=3841 quad       h0=1.31e-03 u_in=0.30 south->west conv=True  newton= 13 gmres=  167    0.4s  (wall    17.3s)
[89/250] seed=3839 uniform    h0=2.79e-03 u_in=0.42 south->north conv=True  newton= 34 gmres=  625    1.1s  (wall    17.7s)
[90/250] seed=3843 grf        h0=6.77e-04 u_in=0.41 east->west conv=True  newton= 13 gmres=  146    0.4s  (wall    18.0s)
[91/250] seed=3842 uniform    h0=2.07e-03 u_in=0.53 west->east conv=True  newton= 23 gmres=  487    0.8s  (wall    18.2s)
[92/250] seed=3844 uturn      h0=4.97e-04 u_in=0.26 west->west conv=True  newton= 10 gmres=   71    0.2s  (wall    18.3s)
[93/250] seed=3845 uniform    h0=6.19e-04 u_in=1.52 west->south conv=True  newton= 13 gmres=  155    0.4s  (wall    18.6s)
[94/250] seed=3846 uniform    h0=8.98e-04 u_in=0.67 north->east conv=True  newton= 13 gmres=  154    0.4s  (wall    18.7s)
[95/250] seed=3847 grf        h0=5.60e-04 u_in=0.31 south->north conv=True  newton= 11 gmres=  120    0.3s  (wall    18.9s)
[96/250] seed=3827 blobs      h0=3.00e-03 u_in=0.31 east->west conv=True  newton= 64 gmres= 3671    5.3s  (wall    19.6s)
[97/250] seed=3850 sin2d      h0=1.32e-03 u_in=0.13 south->south conv=True  newton= 13 gmres=  149    0.4s  (wall    20.0s)
[98/250] seed=3849 blobs      h0=2.55e-03 u_in=0.39 north->west conv=True  newton= 28 gmres=  589    1.1s  (wall    20.0s)
[99/250] seed=3851 quad       h0=1.28e-03 u_in=0.18 south->north conv=True  newton= 12 gmres=  108    0.3s  (wall    20.3s)
[100/250] seed=3832 serpentine h0=3.29e-04 u_in=1.03 north->east conv=True  newton= 67 gmres= 4852    6.3s  (wall    21.0s)
[101/250] seed=3852 sin2d      h0=2.05e-03 u_in=1.41 east->south conv=True  newton= 32 gmres=  730    1.2s  (wall    21.2s)
[102/250] seed=3837 serpentine h0=2.73e-03 u_in=0.45 south->west conv=False newton=200 gmres= 3857    5.7s  (wall    21.8s)
[103/250] seed=3855 uturn      h0=1.97e-03 u_in=0.40 west->west conv=True  newton= 14 gmres=  465    0.7s  (wall    22.0s)
[104/250] seed=3856 uturn      h0=5.71e-04 u_in=0.19 west->west conv=True  newton=  9 gmres=   82    0.2s  (wall    22.0s)
[105/250] seed=3854 blobs      h0=1.02e-03 u_in=1.93 north->north conv=True  newton= 20 gmres=  567    1.2s  (wall    22.2s)
[106/250] seed=3859 serpentine h0=3.84e-04 u_in=0.40 north->south conv=True  newton= 10 gmres=   96    0.3s  (wall    22.5s)
[107/250] seed=3858 uturn      h0=2.55e-03 u_in=0.23 west->west conv=True  newton= 14 gmres=  473    0.8s  (wall    22.8s)
[108/250] seed=3853 uturn      h0=9.68e-04 u_in=1.19 west->west conv=True  newton= 34 gmres= 2297    2.8s  (wall    23.1s)
[109/250] seed=3861 quad       h0=7.53e-04 u_in=0.59 south->north conv=True  newton= 14 gmres=  195    0.4s  (wall    23.3s)
[110/250] seed=3862 serpentine h0=7.12e-04 u_in=0.13 east->east conv=True  newton=  9 gmres=  149    0.3s  (wall    23.4s)
[111/250] seed=3863 pins       h0=4.10e-04 u_in=0.73 west->north conv=True  newton= 10 gmres=   81    0.3s  (wall    23.6s)
[112/250] seed=3848 pins       h0=2.46e-03 u_in=0.45 west->south conv=False newton=200 gmres= 2979    5.1s  (wall    23.9s)
[113/250] seed=3865 quad       h0=5.16e-04 u_in=0.95 north->west conv=True  newton= 11 gmres=  107    0.3s  (wall    23.9s)
[114/250] seed=3867 sin2d      h0=6.39e-04 u_in=0.89 west->south conv=True  newton= 14 gmres=  156    0.4s  (wall    24.2s)
[115/250] seed=3866 sin2d      h0=7.91e-04 u_in=0.70 north->east conv=True  newton= 14 gmres=  203    0.4s  (wall    24.3s)
[116/250] seed=3857 blobs      h0=2.73e-03 u_in=0.20 east->west conv=True  newton= 35 gmres= 1657    2.6s  (wall    24.5s)
[117/250] seed=3870 sin2d      h0=4.24e-04 u_in=0.61 south->north conv=True  newton= 10 gmres=   95    0.4s  (wall    24.9s)
[118/250] seed=3871 sin2d      h0=2.94e-03 u_in=0.11 east->north conv=True  newton= 19 gmres=  276    0.6s  (wall    25.5s)
[119/250] seed=3872 serpentine h0=7.96e-04 u_in=0.82 north->east conv=True  newton= 13 gmres=  842    1.2s  (wall    26.7s)
[120/250] seed=3864 blobs      h0=2.06e-03 u_in=0.83 north->east conv=True  newton= 95 gmres= 2039    3.4s  (wall    26.8s)
[121/250] seed=3860 blobs      h0=2.86e-03 u_in=1.17 west->north conv=False newton=200 gmres= 3275    4.6s  (wall    27.1s)
[122/250] seed=3874 blobs      h0=2.01e-03 u_in=0.30 north->east conv=True  newton= 19 gmres=  302    0.6s  (wall    27.3s)
[123/250] seed=3873 uniform    h0=1.84e-03 u_in=0.62 north->west conv=True  newton= 22 gmres=  392    0.7s  (wall    27.4s)
[124/250] seed=3875 sin2d      h0=4.40e-04 u_in=0.19 west->east conv=True  newton= 10 gmres=  103    0.3s  (wall    27.4s)
[125/250] seed=3876 sin2d      h0=3.40e-04 u_in=0.30 south->east conv=True  newton= 10 gmres=  110    0.3s  (wall    27.6s)
[126/250] seed=3877 quad       h0=1.70e-03 u_in=0.20 north->south conv=True  newton= 13 gmres=  156    0.4s  (wall    27.8s)
[127/250] seed=3880 uturn      h0=8.38e-04 u_in=0.16 west->west conv=True  newton= 10 gmres=  139    0.3s  (wall    28.1s)
[128/250] seed=3868 serpentine h0=2.30e-03 u_in=0.16 west->south conv=False newton=200 gmres= 4245    5.9s  (wall    30.1s)
[129/250] seed=3882 uturn      h0=4.80e-04 u_in=0.23 west->west conv=True  newton= 10 gmres=   78    0.2s  (wall    30.4s)
[130/250] seed=3881 serpentine h0=8.51e-04 u_in=0.30 south->west conv=False newton=200 gmres= 2151    3.3s  (wall    31.4s)
[131/250] seed=3884 quad       h0=3.50e-04 u_in=1.89 west->west conv=True  newton= 13 gmres=  119    0.3s  (wall    31.7s)
[132/250] seed=3869 serpentine h0=1.22e-03 u_in=1.92 south->north conv=False newton=200 gmres= 5135    7.6s  (wall    31.9s)
[133/250] seed=3885 sin2d      h0=9.74e-04 u_in=0.90 east->south conv=True  newton= 20 gmres=  336    0.6s  (wall    32.4s)
[134/250] seed=3887 uniform    h0=1.87e-03 u_in=0.13 west->north conv=True  newton= 13 gmres=  157    0.4s  (wall    32.7s)
[135/250] seed=3878 blobs      h0=1.43e-03 u_in=0.99 west->south conv=True  newton= 85 gmres= 3896    5.5s  (wall    32.9s)
[136/250] seed=3889 blobs      h0=9.13e-04 u_in=0.11 east->north conv=True  newton= 10 gmres=  113    0.3s  (wall    33.2s)
[137/250] seed=3890 uniform    h0=1.14e-03 u_in=0.78 west->south conv=True  newton= 15 gmres=  190    0.5s  (wall    33.7s)
[138/250] seed=3883 uturn      h0=2.78e-03 u_in=0.21 west->west conv=True  newton=119 gmres= 3808    5.1s  (wall    35.5s)
[139/250] seed=3892 pins       h0=7.63e-04 u_in=1.18 west->east conv=True  newton= 17 gmres=  235    0.5s  (wall    36.0s)
[140/250] seed=3893 pins       h0=4.69e-04 u_in=0.68 south->north conv=True  newton= 11 gmres=   94    0.4s  (wall    36.4s)
[141/250] seed=3894 grf        h0=5.84e-04 u_in=0.52 south->north conv=True  newton= 12 gmres=  104    0.5s  (wall    36.9s)
[142/250] seed=3886 serpentine h0=2.17e-03 u_in=0.96 east->east conv=False newton=200 gmres= 3497    5.4s  (wall    37.3s)
[143/250] seed=3895 quad       h0=6.29e-04 u_in=0.21 south->north conv=True  newton= 10 gmres=   76    0.4s  (wall    37.3s)
[144/250] seed=3896 pins       h0=1.94e-03 u_in=0.30 east->west conv=True  newton= 17 gmres=  236    0.5s  (wall    37.8s)
[145/250] seed=3891 serpentine h0=8.45e-04 u_in=0.46 west->east conv=False newton=200 gmres= 2869    4.3s  (wall    38.0s)
[146/250] seed=3898 blobs      h0=2.13e-03 u_in=0.20 north->west conv=True  newton= 20 gmres=  335    0.6s  (wall    38.4s)
[147/250] seed=3897 grf        h0=1.95e-03 u_in=0.26 east->west conv=True  newton= 40 gmres=  709    1.2s  (wall    38.5s)
[148/250] seed=3899 blobs      h0=1.47e-03 u_in=0.24 south->east conv=True  newton= 35 gmres=  982    1.6s  (wall    39.6s)
[149/250] seed=3888 serpentine h0=4.29e-04 u_in=0.53 south->north conv=True  newton= 76 gmres= 5337    7.0s  (wall    39.7s)
[150/250] seed=3901 quad       h0=2.88e-03 u_in=0.52 east->south conv=True  newton= 44 gmres=  854    1.4s  (wall    39.8s)
[151/250] seed=3902 grf        h0=7.67e-04 u_in=1.45 south->north conv=True  newton= 15 gmres=  255    0.6s  (wall    40.2s)
[152/250] seed=3904 pins       h0=1.49e-03 u_in=0.28 north->west conv=True  newton= 14 gmres=  191    0.5s  (wall    40.3s)
[153/250] seed=3906 blobs      h0=1.55e-03 u_in=0.50 north->west conv=True  newton= 18 gmres=  281    0.5s  (wall    40.8s)
[154/250] seed=3905 grf        h0=8.62e-04 u_in=0.86 west->east conv=True  newton= 16 gmres=  260    0.6s  (wall    40.8s)
[155/250] seed=3907 pins       h0=2.91e-03 u_in=0.37 east->north conv=True  newton= 32 gmres=  553    1.2s  (wall    42.0s)
[156/250] seed=3909 blobs      h0=9.62e-04 u_in=1.00 north->east conv=True  newton= 15 gmres=  237    0.5s  (wall    42.4s)
[157/250] seed=3900 pins       h0=2.13e-03 u_in=1.17 north->south conv=True  newton=136 gmres= 3245    4.9s  (wall    43.3s)
[158/250] seed=3910 quad       h0=2.29e-03 u_in=0.60 east->west conv=True  newton= 29 gmres=  641    1.1s  (wall    43.5s)
[159/250] seed=3911 quad       h0=9.16e-04 u_in=0.42 west->north conv=True  newton= 13 gmres=  153    0.4s  (wall    43.7s)
[160/250] seed=3912 quad       h0=4.10e-04 u_in=0.12 east->west conv=True  newton=  7 gmres=   51    0.2s  (wall    43.8s)
[161/250] seed=3914 quad       h0=8.37e-04 u_in=0.42 south->west conv=True  newton= 12 gmres=  118    0.3s  (wall    44.1s)
[162/250] seed=3915 quad       h0=4.43e-04 u_in=0.14 east->north conv=True  newton=  9 gmres=   65    0.2s  (wall    44.4s)
[163/250] seed=3913 pins       h0=6.42e-04 u_in=1.48 south->east conv=True  newton= 22 gmres=  370    0.8s  (wall    44.5s)
[164/250] seed=3916 serpentine h0=3.15e-04 u_in=0.12 south->north conv=True  newton=  9 gmres=   89    0.3s  (wall    44.6s)
[165/250] seed=3917 serpentine h0=4.36e-04 u_in=0.93 north->north conv=True  newton= 10 gmres=  173    0.3s  (wall    44.8s)
[166/250] seed=3918 uniform    h0=3.44e-04 u_in=0.43 east->west conv=True  newton=  8 gmres=   59    0.3s  (wall    44.9s)
[167/250] seed=3919 quad       h0=2.20e-03 u_in=0.10 east->east conv=True  newton= 14 gmres=  173    0.4s  (wall    45.2s)
[168/250] seed=3920 sin2d      h0=7.24e-04 u_in=0.60 west->east conv=True  newton= 13 gmres=  160    0.4s  (wall    45.3s)
[169/250] seed=3921 sin2d      h0=8.57e-04 u_in=1.22 east->west conv=True  newton= 16 gmres=  242    0.5s  (wall    45.7s)
[170/250] seed=3922 blobs      h0=8.02e-04 u_in=0.31 south->east conv=True  newton= 17 gmres=  339    0.7s  (wall    46.0s)
[171/250] seed=3924 grf        h0=5.49e-04 u_in=0.19 west->south conv=True  newton= 14 gmres=  161    0.5s  (wall    46.6s)
[172/250] seed=3903 serpentine h0=1.33e-03 u_in=0.16 north->north conv=True  newton=126 gmres= 5459    7.1s  (wall    46.9s)
[173/250] seed=3926 uturn      h0=1.61e-03 u_in=0.32 west->west conv=True  newton= 16 gmres=  169    0.4s  (wall    47.3s)
[174/250] seed=3925 grf        h0=8.15e-04 u_in=0.91 south->west conv=True  newton= 32 gmres=  463    1.3s  (wall    47.8s)
[175/250] seed=3927 quad       h0=2.77e-03 u_in=0.12 south->north conv=True  newton= 27 gmres=  412    0.8s  (wall    48.1s)
[176/250] seed=3908 serpentine h0=1.88e-03 u_in=0.19 west->south conv=False newton=200 gmres= 5144    7.6s  (wall    48.4s)
[177/250] seed=3929 sin2d      h0=5.43e-04 u_in=1.40 east->west conv=True  newton= 13 gmres=  168    0.4s  (wall    48.4s)
[178/250] seed=3930 blobs      h0=7.94e-04 u_in=1.87 north->east conv=True  newton= 15 gmres=  219    0.5s  (wall    48.9s)
[179/250] seed=3931 quad       h0=1.36e-03 u_in=1.23 west->east conv=True  newton= 18 gmres=  348    0.7s  (wall    49.2s)
[180/250] seed=3932 uturn      h0=6.94e-04 u_in=0.34 west->west conv=True  newton= 12 gmres=  219    0.4s  (wall    49.3s)
[181/250] seed=3933 blobs      h0=1.44e-03 u_in=0.12 north->east conv=True  newton= 11 gmres=  176    0.5s  (wall    49.7s)
[182/250] seed=3934 uniform    h0=1.54e-03 u_in=0.16 south->south conv=True  newton= 13 gmres=  137    0.4s  (wall    49.7s)
[183/250] seed=3936 uniform    h0=1.99e-03 u_in=0.25 east->north conv=True  newton= 17 gmres=  263    0.5s  (wall    50.2s)
[184/250] seed=3937 blobs      h0=1.09e-03 u_in=0.14 south->west conv=True  newton= 11 gmres=  115    0.3s  (wall    50.6s)
[185/250] seed=3938 uturn      h0=6.55e-04 u_in=0.89 west->west conv=True  newton= 13 gmres=  126    0.3s  (wall    50.9s)
[186/250] seed=3935 grf        h0=1.29e-03 u_in=1.77 west->north conv=True  newton= 22 gmres=  708    1.2s  (wall    50.9s)
[187/250] seed=3940 pins       h0=7.36e-04 u_in=0.15 north->south conv=True  newton= 10 gmres=   74    0.3s  (wall    51.2s)
[188/250] seed=3939 sin2d      h0=9.08e-04 u_in=0.57 west->east conv=True  newton= 17 gmres=  274    0.5s  (wall    51.4s)
[189/250] seed=3923 serpentine h0=7.07e-04 u_in=0.11 south->north conv=False newton=200 gmres= 3521    5.9s  (wall    51.6s)
[190/250] seed=3941 grf        h0=5.73e-04 u_in=0.84 north->north conv=True  newton= 17 gmres=  239    0.5s  (wall    51.6s)
[191/250] seed=3942 pins       h0=3.05e-04 u_in=0.92 north->south conv=True  newton= 10 gmres=   74    0.3s  (wall    51.7s)
[192/250] seed=3944 serpentine h0=3.05e-04 u_in=0.25 north->east conv=True  newton=  9 gmres=  121    0.3s  (wall    51.9s)
[193/250] seed=3943 grf        h0=1.43e-03 u_in=0.36 east->north conv=True  newton= 12 gmres=  151    0.5s  (wall    52.1s)
[194/250] seed=3946 serpentine h0=9.91e-04 u_in=0.15 west->north conv=True  newton= 10 gmres=  206    0.4s  (wall    52.3s)
[195/250] seed=3945 uturn      h0=1.86e-03 u_in=0.36 west->west conv=True  newton= 14 gmres=  388    0.7s  (wall    52.3s)
[196/250] seed=3948 uturn      h0=2.03e-03 u_in=0.40 west->west conv=True  newton= 17 gmres=  201    0.4s  (wall    52.6s)
[197/250] seed=3947 uniform    h0=7.94e-04 u_in=1.93 east->north conv=True  newton= 16 gmres=  257    0.8s  (wall    52.9s)
[198/250] seed=3949 grf        h0=6.04e-04 u_in=0.47 north->west conv=True  newton= 27 gmres=  447    0.8s  (wall    53.1s)
[199/250] seed=3928 serpentine h0=7.55e-04 u_in=1.64 west->north conv=True  newton=154 gmres= 3326    5.3s  (wall    53.1s)
[200/250] seed=3951 quad       h0=3.25e-04 u_in=0.57 south->north conv=True  newton= 11 gmres=   81    0.4s  (wall    53.3s)
[201/250] seed=3953 sin2d      h0=3.93e-04 u_in=0.61 north->west conv=True  newton= 10 gmres=  106    0.3s  (wall    53.4s)
[202/250] seed=3954 serpentine h0=3.21e-04 u_in=0.38 east->east conv=True  newton=  9 gmres=   70    0.3s  (wall    53.6s)
[203/250] seed=3952 uniform    h0=2.09e-03 u_in=0.22 south->south conv=True  newton= 20 gmres=  252    0.5s  (wall    53.6s)
[204/250] seed=3955 quad       h0=1.40e-03 u_in=0.11 west->east conv=True  newton= 19 gmres=  282    0.6s  (wall    54.0s)
[205/250] seed=3957 uturn      h0=1.71e-03 u_in=1.57 west->west conv=True  newton= 16 gmres=  349    0.6s  (wall    54.2s)
[206/250] seed=3956 grf        h0=8.13e-04 u_in=0.32 east->west conv=True  newton= 14 gmres=  209    0.7s  (wall    54.3s)
[207/250] seed=3958 blobs      h0=5.46e-04 u_in=1.10 west->north conv=True  newton= 11 gmres=  150    0.4s  (wall    54.5s)
[208/250] seed=3959 uniform    h0=3.39e-04 u_in=0.19 north->west conv=True  newton=  8 gmres=   40    0.2s  (wall    54.5s)
[209/250] seed=3960 quad       h0=7.98e-04 u_in=0.61 south->east conv=True  newton= 14 gmres=  150    0.4s  (wall    54.7s)
[210/250] seed=3950 uturn      h0=2.85e-03 u_in=0.27 west->west conv=True  newton= 38 gmres= 1397    2.1s  (wall    54.7s)
[211/250] seed=3963 blobs      h0=9.39e-04 u_in=0.12 south->west conv=True  newton=  9 gmres=   68    0.3s  (wall    54.9s)
[212/250] seed=3962 pins       h0=1.05e-03 u_in=0.73 east->north conv=True  newton= 13 gmres=  174    0.6s  (wall    55.1s)
[213/250] seed=3961 sin2d      h0=9.99e-04 u_in=0.22 south->south conv=True  newton= 12 gmres=  130    0.6s  (wall    55.1s)
[214/250] seed=3965 uniform    h0=2.32e-03 u_in=0.15 east->north conv=True  newton= 15 gmres=  232    0.5s  (wall    55.4s)
[215/250] seed=3964 quad       h0=2.83e-03 u_in=0.17 north->north conv=True  newton= 25 gmres=  396    0.8s  (wall    55.5s)
[216/250] seed=3966 uturn      h0=8.62e-04 u_in=0.52 west->west conv=True  newton= 12 gmres=  226    0.4s  (wall    55.5s)
[217/250] seed=3969 quad       h0=5.85e-04 u_in=0.82 south->west conv=True  newton= 11 gmres=  101    0.3s  (wall    55.8s)
[218/250] seed=3968 grf        h0=5.98e-04 u_in=0.38 west->south conv=True  newton= 15 gmres=  248    0.5s  (wall    55.9s)
[219/250] seed=3967 pins       h0=2.82e-03 u_in=0.11 east->south conv=True  newton= 17 gmres=  327    0.9s  (wall    55.9s)
[220/250] seed=3972 uniform    h0=3.21e-04 u_in=0.18 north->west conv=True  newton=  8 gmres=   54    0.2s  (wall    56.2s)
[221/250] seed=3971 quad       h0=1.34e-03 u_in=0.30 west->east conv=True  newton= 14 gmres=  220    0.5s  (wall    56.3s)
[222/250] seed=3974 grf        h0=3.91e-04 u_in=0.78 west->north conv=True  newton= 11 gmres=  139    0.4s  (wall    56.5s)
[223/250] seed=3973 grf        h0=1.46e-03 u_in=0.46 west->east conv=True  newton= 18 gmres=  319    0.9s  (wall    56.8s)
[224/250] seed=3976 quad       h0=8.33e-04 u_in=0.20 west->east conv=True  newton= 14 gmres=  122    0.4s  (wall    56.9s)
[225/250] seed=3970 pins       h0=8.67e-04 u_in=1.72 west->east conv=True  newton= 24 gmres=  894    1.5s  (wall    57.0s)
[226/250] seed=3975 sin2d      h0=1.88e-03 u_in=0.72 west->east conv=True  newton= 27 gmres=  578    1.0s  (wall    57.3s)
[227/250] seed=3978 pins       h0=2.02e-03 u_in=0.15 west->south conv=True  newton= 15 gmres=  179    0.5s  (wall    57.4s)
[228/250] seed=3977 sin2d      h0=1.76e-03 u_in=0.41 south->west conv=True  newton= 21 gmres=  330    0.6s  (wall    57.4s)
[229/250] seed=3980 sin2d      h0=4.79e-04 u_in=0.25 south->north conv=True  newton= 10 gmres=  105    0.3s  (wall    57.6s)
[230/250] seed=3981 uturn      h0=3.29e-04 u_in=0.46 west->west conv=True  newton= 10 gmres=   95    0.3s  (wall    57.7s)
[231/250] seed=3979 uturn      h0=2.28e-03 u_in=0.26 west->west conv=True  newton= 13 gmres=  556    0.8s  (wall    57.8s)
[232/250] seed=3983 uniform    h0=6.08e-04 u_in=0.26 west->north conv=True  newton=  9 gmres=   71    0.3s  (wall    57.8s)
[233/250] seed=3982 uniform    h0=1.22e-03 u_in=1.69 north->west conv=True  newton= 23 gmres=  497    0.9s  (wall    58.3s)
[234/250] seed=3984 grf        h0=1.38e-03 u_in=0.49 south->west conv=True  newton= 14 gmres=  248    0.6s  (wall    58.3s)
[235/250] seed=3986 grf        h0=1.06e-03 u_in=1.49 west->south conv=True  newton= 17 gmres=  328    0.7s  (wall    58.5s)
[236/250] seed=3988 quad       h0=4.96e-04 u_in=0.48 west->north conv=True  newton=  9 gmres=   82    0.3s  (wall    58.6s)
[237/250] seed=3989 pins       h0=3.49e-04 u_in=1.18 west->north conv=True  newton= 11 gmres=   84    0.3s  (wall    58.8s)
[238/250] seed=3990 uniform    h0=7.65e-04 u_in=0.27 south->east conv=True  newton= 12 gmres=  101    0.4s  (wall    59.0s)
[239/250] seed=3992 grf        h0=3.14e-04 u_in=0.25 north->north conv=True  newton=  7 gmres=   58    0.2s  (wall    59.2s)
[240/250] seed=3993 sin2d      h0=1.90e-03 u_in=0.45 east->south conv=True  newton= 21 gmres=  342    0.7s  (wall    59.8s)
[241/250] seed=3994 uniform    h0=1.15e-03 u_in=0.88 north->north conv=True  newton= 16 gmres=  204    0.5s  (wall    60.3s)
[242/250] seed=3985 pins       h0=1.59e-03 u_in=1.94 south->south conv=True  newton= 56 gmres= 1799    2.8s  (wall    60.6s)
[243/250] seed=3987 grf        h0=2.86e-03 u_in=1.04 north->west conv=False newton=200 gmres= 1437    3.0s  (wall    61.3s)
[244/250] seed=3996 pins       h0=2.14e-03 u_in=0.37 east->north conv=True  newton= 25 gmres=  390    0.7s  (wall    61.3s)
[245/250] seed=3995 uturn      h0=4.90e-04 u_in=1.75 west->west conv=True  newton=104 gmres= 2460    3.7s  (wall    64.0s)
[246/250] seed=3999 uniform    h0=8.75e-04 u_in=0.39 north->east conv=True  newton= 11 gmres=  117    0.3s  (wall    64.4s)
[247/250] seed=3991 grf        h0=1.81e-03 u_in=1.50 south->north conv=True  newton=142 gmres= 3739    5.9s  (wall    64.8s)
[248/250] seed=3997 pins       h0=2.61e-03 u_in=1.78 south->west conv=False newton=200 gmres= 2926    5.4s  (wall    66.7s)
[249/250] seed=3998 serpentine h0=8.78e-04 u_in=0.39 north->north conv=False newton=200 gmres= 4090    5.7s  (wall    67.0s)
[250/250] seed=3879 serpentine h0=7.68e-04 u_in=0.92 south->east conv=False newton=200 gmres=37269   40.8s  (wall    68.4s)
done: 1 shards -> experiments/nsbm/data
=== all done 01:16:33
